id,source,country,author,rating,title,review,date,likes,version,url
14321850205,app_store,IN,Kartik2346,5,Good experience,"All the products are delivered very safely 
The process also very convenient and fast",2026-07-19T10:34:25.000Z,0,18.70.0,https://apps.apple.com/in/app/blinkit-grocery-in-10-minutes/id960335206
14321822667,app_store,IN,Beekay 1177,1,Rude delivery guy,Rude and disrespectful delivery guy,2026-07-19T10:23:51.000Z,0,18.70.0,https://apps.apple.com/in/app/blinkit-grocery-in-10-minutes/id960335206
14321806320,app_store,IN,nick name vicky,1,High packaging charges,"Worst experience with their customer service and @Blinkit Team if you guys want your sales to increase then remove unwanted package charges 
So give free delivery along with the free package charges like how zepto and amazon now is giving for orders above 99/-₹",2026-07-19T10:17:36.000Z,0,18.70.0,https://apps.apple.com/in/app/blinkit-grocery-in-10-minutes/id960335206
14321468365,app_store,IN,Kridhakrish,4,Delivery charge,Why delivery charges. Not required,2026-07-19T08:20:28.000Z,0,18.70.0,https://apps.apple.com/in/app/blinkit-grocery-in-10-minutes/id960335206
14321465790,app_store,IN,Dhrj229,4,Extra handling charge always,"App features are good, handling charge 12 gets added.",2026-07-19T08:19:25.000Z,0,18.70.0,https://apps.apple.com/in/app/blinkit-grocery-in-10-minutes/id960335206
14321449711,app_store,IN,Jrkg65873,1,Damaged products sent,They send me damaged products 3 times and did not take accountability,2026-07-19T08:12:59.000Z,0,18.70.0,https://apps.apple.com/in/app/blinkit-grocery-in-10-minutes/id960335206
14321422501,app_store,IN,Pv_Singh,1,This app is not reliable,If you face any issue in any product they will say drop mail and in mail you will recieve automated mails which have ZERO IQ. Intentionally they make issue resolution so complex AI help se customer  ko frustrate kr rhe h ( deleting app),2026-07-19T08:02:04.000Z,0,18.70.0,https://apps.apple.com/in/app/blinkit-grocery-in-10-minutes/id960335206
14321421345,app_store,IN,deepakalgae,5,Superb app,Really it’s a last minute app. Best for groceries and other requirements instantly. Suppose you are in kitchen and missing something then just Blinkit and you will get it in 10 minutes. 👍,2026-07-19T08:01:36.000Z,0,18.70.0,https://apps.apple.com/in/app/blinkit-grocery-in-10-minutes/id960335206
14321376011,app_store,IN,Shettall,1,Expensive,"Bill not showing
Delivery charges high",2026-07-19T07:42:46.000Z,0,18.70.0,https://apps.apple.com/in/app/blinkit-grocery-in-10-minutes/id960335206
14321315231,app_store,IN,Worst nil customer care,5,Good customer support,Very responsive customer support,2026-07-19T07:17:22.000Z,0,18.70.0,https://apps.apple.com/in/app/blinkit-grocery-in-10-minutes/id960335206
14321288693,app_store,IN,Dhoka Hua,1,Printout order cancelled with lame reason,My printout order which was supposed to be delivered in 26 minutes was cancelled when I called the customer support who told me that there is some operational issue and then it was cancelled after almost 1 hour after the order was placed.,2026-07-19T07:05:56.000Z,0,18.70.0,https://apps.apple.com/in/app/blinkit-grocery-in-10-minutes/id960335206
14321259839,app_store,IN,lalitlogical,5,Quick and simply amazing,This my quick and last minute helping application to order stuffs.,2026-07-19T06:53:40.000Z,0,18.70.0,https://apps.apple.com/in/app/blinkit-grocery-in-10-minutes/id960335206
14321147398,app_store,IN,Sar@nsh,5,Best,Best fir electronics shopping,2026-07-19T06:05:18.000Z,0,18.69.0,https://apps.apple.com/in/app/blinkit-grocery-in-10-minutes/id960335206
14321136067,app_store,IN,Rinku 94264,5,Hanumangarh,Best service in Hanumangarh,2026-07-19T06:00:24.000Z,0,18.70.0,https://apps.apple.com/in/app/blinkit-grocery-in-10-minutes/id960335206
14321071095,app_store,IN,Excellent Serviceeee,5,Excellent,Excellent Interface and Products are best,2026-07-19T05:32:26.000Z,0,18.70.0,https://apps.apple.com/in/app/blinkit-grocery-in-10-minutes/id960335206
14320963639,app_store,IN,Blinkieeee♥️,5,Always There When Needed,"Blinkit is very useful and convenient. Thank you for delivering everything so quickly. Even during vacations and busy times, the service is reliable. It makes shopping so much easier. Highly recommended!",2026-07-19T04:46:32.000Z,0,18.70.0,https://apps.apple.com/in/app/blinkit-grocery-in-10-minutes/id960335206
14320959650,app_store,IN,vinit9876,5,Fast delivery but price concerns,"Firstly I hope you’ll don’t delete this review and take this seriously , Blinkit price have always bee higher then Zepto plz check what’s wrong .",2026-07-19T04:44:53.000Z,0,18.70.0,https://apps.apple.com/in/app/blinkit-grocery-in-10-minutes/id960335206
14320882790,app_store,IN,Nishu dubey,5,Update,Pls kuch blinkit aap  mai kuch aisa upgrade kar ki non veg option  ko band kiya ja sake veg walo ko dikkat hoti h,2026-07-19T04:12:33.000Z,0,18.70.0,https://apps.apple.com/in/app/blinkit-grocery-in-10-minutes/id960335206
14320820377,app_store,IN,Santosh Jaiin,1,Hidden charges,"When we place a order , why we are not able to see the delivery charges, delivery charges are hidden and not visible",2026-07-19T03:46:57.000Z,0,18.70.0,https://apps.apple.com/in/app/blinkit-grocery-in-10-minutes/id960335206
14320793199,app_store,IN,Gauravgj29,1,Print out quality,Printout quality is very bad,2026-07-19T03:35:57.000Z,0,18.70.0,https://apps.apple.com/in/app/blinkit-grocery-in-10-minutes/id960335206
14318938520,app_store,IN,Ajay G G,1,Diffractive products and worst Support service,"Got a defective products multiple times, can't contact anyone. paid more than 250 for the product but they have initiated a refund of 62Rs only.",2026-07-18T16:22:54.000Z,0,18.70.0,https://apps.apple.com/in/app/blinkit-grocery-in-10-minutes/id960335206
14318899395,app_store,IN,Black synthe,5,Worst customer service,I have ordered an item and returned the item because it was rotten and and they initiated my refund amount but till now I didn’t receive the refund and I can’t connect them also…,2026-07-18T16:11:18.000Z,0,18.70.0,https://apps.apple.com/in/app/blinkit-grocery-in-10-minutes/id960335206
14318662687,app_store,IN,Prakhar Nagpure,2,Amazing for small purchasing,"I totally understand that when market is grown up, after that all marketing app is rise there rates.",2026-07-18T15:03:48.000Z,0,18.70.0,https://apps.apple.com/in/app/blinkit-grocery-in-10-minutes/id960335206
14318640179,app_store,IN,RKSGRSARS,5,Mr,"Doing Good Job Keep Going Like This
Loving It",2026-07-18T14:57:26.000Z,0,18.70.0,https://apps.apple.com/in/app/blinkit-grocery-in-10-minutes/id960335206
14318619085,app_store,IN,Rajat raana,1,Charges and offer,"I think Zepto and Flipkart mints 
giving better deal",2026-07-18T14:51:30.000Z,0,18.70.0,https://apps.apple.com/in/app/blinkit-grocery-in-10-minutes/id960335206
14318603040,app_store,IN,Hfdfunn,3,Pricing on  raw food item,While buying items on offer I've noticed that blinkit has erase the expiry date on most of the item so be careful while buying something big in cheap prices.,2026-07-18T14:47:02.000Z,0,18.70.0,https://apps.apple.com/in/app/blinkit-grocery-in-10-minutes/id960335206
14318535395,app_store,IN,Taro as,1,Money Refund,I use Blinkit for everything but now I fell like o have to stop using because they don’t usually give us refund  and they don’t have any good coutumer support  they send me a message  that they will return my money in 5-6 days but it has been almost 15 days it’s not refunded,2026-07-18T14:28:11.000Z,0,18.70.0,https://apps.apple.com/in/app/blinkit-grocery-in-10-minutes/id960335206
14318448833,app_store,IN,Charan779901,1,Charan,"The app is good excellent and we can get every item which are available in a minute but if we choose a product at last the price of the product is double due to handling , delivery, small cart these are unnecessary payment so plz give the customers at good and in fair price",2026-07-18T14:04:01.000Z,0,18.70.0,https://apps.apple.com/in/app/blinkit-grocery-in-10-minutes/id960335206
14318443786,app_store,IN,Devesh khmar,1,Convince charge,What is the convince charge and also handling charges,2026-07-18T14:02:37.000Z,0,18.70.0,https://apps.apple.com/in/app/blinkit-grocery-in-10-minutes/id960335206
14318193100,app_store,IN,Ms Mittal,5,Amazing,Thank you for the prompt deliveries,2026-07-18T12:48:27.000Z,0,18.70.0,https://apps.apple.com/in/app/blinkit-grocery-in-10-minutes/id960335206
14318189415,app_store,IN,Radient Knight,5,It’s definitely a superstore,"Blinkit provides efficient and fast service, sometimes the products are unavailable at the time of order placement but are replenished very quickly",2026-07-18T12:47:18.000Z,0,18.70.0,https://apps.apple.com/in/app/blinkit-grocery-in-10-minutes/id960335206
14318125974,app_store,IN,Maulik S. Patel,5,Just Amazing 🤩,It’s just amazing that what you want will get in just 10 minutes. Like you are a prince and all your wishes are granted 😅,2026-07-18T12:27:22.000Z,0,18.70.0,https://apps.apple.com/in/app/blinkit-grocery-in-10-minutes/id960335206
14318071966,app_store,IN,Tanimadce,5,Relaxing,We are totally overwhelmed 😊❤️,2026-07-18T12:09:49.000Z,0,18.70.0,https://apps.apple.com/in/app/blinkit-grocery-in-10-minutes/id960335206
14318018173,app_store,IN,Paranirvana A,4,Quality of perishable items is not good. Rest excellent,Quality of perishable items is not good. Charger wires never work. Rest is excellent so far,2026-07-18T11:51:45.000Z,0,18.70.0,https://apps.apple.com/in/app/blinkit-grocery-in-10-minutes/id960335206
14317995149,app_store,IN,shishya shiv ki,1,verify,products given sometimes comes in very bad condition and many times i had got stale and seal broken products nd expired 1 too just recheck everything they deliver because 1 day delay can close the help window and we have to suffer with money wasted and damaged product,2026-07-18T11:43:47.000Z,0,18.70.0,https://apps.apple.com/in/app/blinkit-grocery-in-10-minutes/id960335206
14317979800,app_store,IN,upanshu19,5,Disappoint customer,Blinking nd ordering again blinking recieved. 🤩,2026-07-18T11:38:25.000Z,0,18.70.0,https://apps.apple.com/in/app/blinkit-grocery-in-10-minutes/id960335206
14317962528,app_store,IN,हरि दर्शन,1,Bug in app,Axisneo offer was being displayed but not getting applied,2026-07-18T11:32:18.000Z,0,18.70.0,https://apps.apple.com/in/app/blinkit-grocery-in-10-minutes/id960335206
14317943320,app_store,IN,Bansi b,5,Good,Very good and useful for us,2026-07-18T11:25:29.000Z,0,18.70.0,https://apps.apple.com/in/app/blinkit-grocery-in-10-minutes/id960335206
14317936927,app_store,IN,Kaustubh KK,1,Kaustubh,Last moment needed item is missing post confirmation on order placed and accepted,2026-07-18T11:23:11.000Z,0,18.70.0,https://apps.apple.com/in/app/blinkit-grocery-in-10-minutes/id960335206
14317913916,app_store,IN,PBANKDA,1,Poor support,Blinkit it enjoying its leadership and customer service has gone down the drain,2026-07-18T11:14:50.000Z,0,18.70.0,https://apps.apple.com/in/app/blinkit-grocery-in-10-minutes/id960335206
14317888890,app_store,IN,Zudo7857,5,Pov,Amazing guys. We all owe you so much,2026-07-18T11:05:40.000Z,0,18.70.0,https://apps.apple.com/in/app/blinkit-grocery-in-10-minutes/id960335206
14317869012,app_store,IN,Nisha Malhotra,1,Delivery charges,Blinkit delivery charges too much,2026-07-18T10:58:23.000Z,0,18.70.0,https://apps.apple.com/in/app/blinkit-grocery-in-10-minutes/id960335206
14317760601,app_store,IN,***JAAT***,5,Services,Good product and fast delivery. Great work!!!,2026-07-18T10:16:59.000Z,0,18.70.0,https://apps.apple.com/in/app/blinkit-grocery-in-10-minutes/id960335206
14317459611,app_store,IN,MKNX12,5,Blink it’s there for you,Excellent service and App user friendly,2026-07-18T08:16:54.000Z,0,18.70.0,https://apps.apple.com/in/app/blinkit-grocery-in-10-minutes/id960335206
14317442155,app_store,IN,Aazraaasif,5,Bestest app,Blinkit is an essential app for me because it’s not possible for me to go to the market.”,2026-07-18T08:09:44.000Z,0,18.70.0,https://apps.apple.com/in/app/blinkit-grocery-in-10-minutes/id960335206
14317120291,app_store,IN,NisheshBhatnagar,1,Poor Delivery Verification!,The delivery service is on a downhill.,2026-07-18T05:56:29.000Z,0,18.70.0,https://apps.apple.com/in/app/blinkit-grocery-in-10-minutes/id960335206
14317120224,app_store,IN,Nnn - no nick name,1,Fake promises,"The app takes all the possible extra charges under handling charges, surcharge, rain, delivery fee and what not. Still they won’t deliver on time. Taking advantage of the only thing that customers can’t do anything sitting at home",2026-07-18T05:56:27.000Z,0,18.70.0,https://apps.apple.com/in/app/blinkit-grocery-in-10-minutes/id960335206
14317057288,app_store,IN,Gnxgudutccjxfy,4,Add more squishy,"Amazing , but I wish u would have some squishys",2026-07-18T05:29:55.000Z,0,18.70.0,https://apps.apple.com/in/app/blinkit-grocery-in-10-minutes/id960335206
14317024149,app_store,IN,Arpiii_m,5,Life Saver,Nothing to say much just thank you for the services.,2026-07-18T05:15:57.000Z,0,18.70.0,https://apps.apple.com/in/app/blinkit-grocery-in-10-minutes/id960335206
14316457885,app_store,IN,Gita shyamal,5,Very prompt,Very prompt and professional. Never disappointed,2026-07-18T01:34:11.000Z,0,18.70.0,https://apps.apple.com/in/app/blinkit-grocery-in-10-minutes/id960335206
14315562510,app_store,IN,Blink if,1,Service,"Verry worst service, first time i have from blinkit",2026-07-17T19:54:03.000Z,0,18.69.0,https://apps.apple.com/in/app/blinkit-grocery-in-10-minutes/id960335206
14315522317,app_store,IN,Yevate Vaibhav Balaji,5,Blinkit service fast,Ambulance is the best,2026-07-17T19:40:01.000Z,0,18.69.0,https://apps.apple.com/in/app/blinkit-grocery-in-10-minutes/id960335206
14315318141,app_store,IN,RA71$,1,Charge high demand charges any time of the day,Charge high demand charges if you order any time of the day plus handling charges too. Not fare,2026-07-17T18:31:00.000Z,0,18.69.0,https://apps.apple.com/in/app/blinkit-grocery-in-10-minutes/id960335206
14315215648,app_store,IN,Dheera1:,1,Expensive,So many charges i dont like it,2026-07-17T17:57:56.000Z,0,18.69.0,https://apps.apple.com/in/app/blinkit-grocery-in-10-minutes/id960335206
14315092153,app_store,IN,ND bai,5,Offers,Every time I got best discount and best offers by use blinkit. It’s really good.,2026-07-17T17:19:08.000Z,0,18.69.0,https://apps.apple.com/in/app/blinkit-grocery-in-10-minutes/id960335206
14315025787,app_store,IN,No access to raise complaint,1,Payment issues,No customer care number available for poor services & failed transactions,2026-07-17T16:59:02.000Z,0,18.69.0,https://apps.apple.com/in/app/blinkit-grocery-in-10-minutes/id960335206
14315009122,app_store,IN,Rudppyvzjjdtjj,5,Best good too gooo,"One of the best platform of the delivering goods at any time and at very good price, so I will definitely recommend this to everybody that you can use this platform for yourself if you want to save your money",2026-07-17T16:54:04.000Z,0,18.69.0,https://apps.apple.com/in/app/blinkit-grocery-in-10-minutes/id960335206
14314979861,app_store,IN,MrsCooler,1,Fraud,"Absolutely selling of fake items, no regulations of expired products at any store whatsoever. Will not recommend at all",2026-07-17T16:45:20.000Z,0,18.69.0,https://apps.apple.com/in/app/blinkit-grocery-in-10-minutes/id960335206
14314978782,app_store,IN,PS Investing,5,Good App and Quick delivery,Very good Delivery me mechanism and fast response on orders.Product quality is also good and well packed !,2026-07-17T16:45:00.000Z,0,18.69.0,https://apps.apple.com/in/app/blinkit-grocery-in-10-minutes/id960335206
14314906915,app_store,IN,hims89,1,Expiry products,Delivering expired and bad quality materials all the way,2026-07-17T16:23:58.000Z,0,18.69.0,https://apps.apple.com/in/app/blinkit-grocery-in-10-minutes/id960335206
14314828365,app_store,IN,Ranabara,1,Worst Quality Products & Helpless Customer Support,"Very disappointed with Blinkit. I received a poor-quality item that was old, not fresh, and frozen into a solid block like a stone, making it impossible to use or cook properly. This is completely unacceptable for a grocery delivery service.

What made the experience even worse was the customer support. The support team was unhelpful, took no responsibility, and did not provide a satisfactory resolution. It felt like they were not interested in solving the customer’s problem.

I expected fresh products and reliable service, but instead I received poor-quality items and disappointing support. I have lost trust in Blinkit and will think twice before ordering again.",2026-07-17T16:01:33.000Z,0,18.69.0,https://apps.apple.com/in/app/blinkit-grocery-in-10-minutes/id960335206
14314801879,app_store,IN,Dr Capt Amithash,5,Awesome experience,Everything available in 10 minutes,2026-07-17T15:53:57.000Z,0,18.69.0,https://apps.apple.com/in/app/blinkit-grocery-in-10-minutes/id960335206
14314791669,app_store,IN,🤩 The new 🆕 season,5,Just wow blink,Superb delivery i just loved it soooo much thank blinkit for fullfill all requirements 💕💕,2026-07-17T15:51:00.000Z,0,18.69.0,https://apps.apple.com/in/app/blinkit-grocery-in-10-minutes/id960335206
14314757789,app_store,IN,Manish9087,5,Thank you,"Thank u Blinkit for saving a life of my aunt ,I literally can’t able to say how much thankful I am just bcz of Blinkit ambulance,u guys r literally awesome 🥹👍🏻",2026-07-17T15:41:23.000Z,0,18.69.0,https://apps.apple.com/in/app/blinkit-grocery-in-10-minutes/id960335206
14314632466,app_store,IN,Fam wrestler,5,Blinkit guys,Bhai Bhadiya hai Blinkit sab use karo mast time se chiz mil jati hai bas discount dediya karo Mhuje plzzz jada sa 😭🙏🏻💓 Baki sab bhaiya hai secure ata hai sab or achi quality m ata hai mast hai bro I used that recent 1 month I fell good and happy 😆😝💓🕺🏻,2026-07-17T15:06:28.000Z,0,18.69.0,https://apps.apple.com/in/app/blinkit-grocery-in-10-minutes/id960335206
14314596256,app_store,IN,resident indirapuram,5,Very easy to order,I m ordering for the first time and the experience has been good.,2026-07-17T14:56:45.000Z,0,18.69.0,https://apps.apple.com/in/app/blinkit-grocery-in-10-minutes/id960335206
14314394552,app_store,IN,Disha maurya,5,Great service,Its very good and great service,2026-07-17T14:01:27.000Z,0,18.69.0,https://apps.apple.com/in/app/blinkit-grocery-in-10-minutes/id960335206
14314355735,app_store,IN,dugumps,1,App working very slow,Very slow app so sometimes waiting is not possible so not ordering,2026-07-17T13:50:37.000Z,0,18.69.0,https://apps.apple.com/in/app/blinkit-grocery-in-10-minutes/id960335206
14314299309,app_store,IN,Rattan_saitu,1,Fraud- Not working product sent,"Blinket I have ordered a headset, it is not working , with in 15 minutes if the order delivers I have sent the photos , videos of the product that it is not working . They have said just contact the company. I have ordered from you how can you give me the not working product. Why should o go to the company . The companies number that they have give is not in use. How can you do this to the customer. I will take the help of the consumer court. Please don’t take expensive products from blinket",2026-07-17T13:34:42.000Z,0,18.69.0,https://apps.apple.com/in/app/blinkit-grocery-in-10-minutes/id960335206
14314167858,app_store,IN,Halfaseven,5,What a convenient way to shop,"I am totally surprised and fascinated by the speed of delivery,quality and range of products available at their fingertips without getting out from the door. What is next?",2026-07-17T12:56:40.000Z,0,18.69.0,https://apps.apple.com/in/app/blinkit-grocery-in-10-minutes/id960335206
14314160717,app_store,IN,SachinSatija,2,I’ve ordered 4 times and,Three out of four orders got refunds because the items were not available or out of stock and one order was shown delivered but I didn’t receive any items and only one order came properly out of them all,2026-07-17T12:54:32.000Z,0,18.69.0,https://apps.apple.com/in/app/blinkit-grocery-in-10-minutes/id960335206
14314050602,app_store,IN,Munish 123,5,Problem,Please always send delivery person with change.. could not pay in cash otherwise,2026-07-17T12:21:12.000Z,0,18.69.0,https://apps.apple.com/in/app/blinkit-grocery-in-10-minutes/id960335206
14313480367,app_store,IN,Nidhesh21,1,Poor customer support,"This is local kirana store and doesn’t provide proper customer support- Amazon is best.

Deleting app now.",2026-07-17T08:55:53.000Z,0,18.69.0,https://apps.apple.com/in/app/blinkit-grocery-in-10-minutes/id960335206
14313240934,app_store,IN,JYOTISISODIA21,5,Always best,Amazing aap blinkit. But sometimes delivery charges nd tax nd all not sounds good,2026-07-17T07:17:42.000Z,0,18.69.0,https://apps.apple.com/in/app/blinkit-grocery-in-10-minutes/id960335206
14313229163,app_store,IN,Nikhillll.19,1,Fake policies,"If any customer have mistakenly ordered a wrong time and it’s worth 4k , blinkit has a policy that any item cannot be returned 😂",2026-07-17T07:12:50.000Z,0,18.69.0,https://apps.apple.com/in/app/blinkit-grocery-in-10-minutes/id960335206
14313156077,app_store,IN,Nidhi31may,1,Very unprofessional and mismanagement,"I have been using blinkit for so many years. But the type of customer service i have got from this company is ludicrous and appalling. They cut your calls in between and argue with customers. They dont understand the concerns and have no empathy or consideration for customers or care about the issues that they are facing

Blinkit is running a scam online. They promote things they cant provide and when you ask for it. They just argue back and when yiu raise it to seniors they cut the call on your face. Really disappointed and will not be using it again in future.",2026-07-17T06:42:53.000Z,0,18.69.0,https://apps.apple.com/in/app/blinkit-grocery-in-10-minutes/id960335206
14313071526,app_store,IN,Abd065abd,1,Language issue,Keep people who can talk proper and understand Atleast hindi or Kannada…. Always we face problem with blinkit delivery boys,2026-07-17T06:07:43.000Z,0,18.69.0,https://apps.apple.com/in/app/blinkit-grocery-in-10-minutes/id960335206
14313037014,app_store,IN,Lolji1,1,Not Good,"High rate in every product, example:- Coconut price in retail is 25 but your rate 48",2026-07-17T05:53:09.000Z,0,18.69.0,https://apps.apple.com/in/app/blinkit-grocery-in-10-minutes/id960335206
14312885773,app_store,IN,Happppy …..,5,Best,It’s time saving service,2026-07-17T04:49:44.000Z,0,18.69.0,https://apps.apple.com/in/app/blinkit-grocery-in-10-minutes/id960335206
14312782487,app_store,IN,AmbrosiaNuts,5,My country My Options,It’s only here in Bharat that one can enjoy such a luxury,2026-07-17T04:07:22.000Z,0,18.69.0,https://apps.apple.com/in/app/blinkit-grocery-in-10-minutes/id960335206
14312573659,app_store,IN,Lov-shall,5,Very Fast,"Review complete karne se pehle hi order aa gaya… kya speed hai, Blinkit! ⚡",2026-07-17T02:46:25.000Z,0,18.69.0,https://apps.apple.com/in/app/blinkit-grocery-in-10-minutes/id960335206
14312553416,app_store,IN,S 06,1,.,need Kannada names for the products,2026-07-17T02:38:57.000Z,0,18.69.0,https://apps.apple.com/in/app/blinkit-grocery-in-10-minutes/id960335206
14312518686,app_store,IN,Quality analysist,1,Not a good exp,Worst app . It changes price after placing order,2026-07-17T02:26:09.000Z,0,18.69.0,https://apps.apple.com/in/app/blinkit-grocery-in-10-minutes/id960335206
14312423628,app_store,IN,jmen10,1,Blinkit money experience,Loading Blinkit Money is a challenge. Payments are usually unsuccessful in first attempts and redirection is broken,2026-07-17T01:51:24.000Z,0,18.69.0,https://apps.apple.com/in/app/blinkit-grocery-in-10-minutes/id960335206
14311675074,app_store,IN,Chopra571,1,Fake company,Extra charges and too much time fake app,2026-07-16T21:06:35.000Z,0,18.69.0,https://apps.apple.com/in/app/blinkit-grocery-in-10-minutes/id960335206
14311152777,app_store,IN,Apargagav,1,Caping of billing,"Very bad strategy of Blinkit to push shopper to reach 200 for free delivery , shame on you guys",2026-07-16T18:07:26.000Z,0,18.69.0,https://apps.apple.com/in/app/blinkit-grocery-in-10-minutes/id960335206
14311102420,app_store,IN,Tushar_IN,1,Pathetic customer support,Do not take orders 1000 kms away from customer if your customer support is unable to handle the order issues.,2026-07-16T17:51:28.000Z,0,18.69.0,https://apps.apple.com/in/app/blinkit-grocery-in-10-minutes/id960335206
14310818965,app_store,IN,Mudit.,5,Delivery service,"Please confirm to customer , where you deliver product & give service like home door step.",2026-07-16T16:24:26.000Z,0,18.69.0,https://apps.apple.com/in/app/blinkit-grocery-in-10-minutes/id960335206
14310684431,app_store,IN,Muthahar17,1,Fraud,"Hi blinkit team 
Previously I have been purchased one thing on the blinkit and I received the other item in that I have been shared the photos off the item through your app and they said like it is not refunded and I did not ask about the refund I just to replacement they but they are informing it is also not replaceable then what should I do with that then I just requested to call back from the executive but they are informing the same thing I don’t know what should I do with that product the product still unusable how can we trust on that",2026-07-16T15:45:24.000Z,0,18.69.0,https://apps.apple.com/in/app/blinkit-grocery-in-10-minutes/id960335206
14310657593,app_store,IN,Astitva Bhaduriya,5,Blink it,Wow bro just order anything anytime,2026-07-16T15:37:47.000Z,0,18.69.0,https://apps.apple.com/in/app/blinkit-grocery-in-10-minutes/id960335206
14310624883,app_store,IN,Kalyan GKS,5,Absolutely Brilliant!!,Blinkit! It really means! make an order and just blink and the order is at doorstep! Excellent work by the delivery associates!! Ride safely 😉,2026-07-16T15:28:24.000Z,0,18.69.0,https://apps.apple.com/in/app/blinkit-grocery-in-10-minutes/id960335206
14310535924,app_store,IN,Zoro_Menace,5,Super fast delivery and a really smooth app experience.,"The interface is clean, ordering takes just a few taps, and deliveries are usually on time. Great selection of products, frequent discounts, and reliable service. Makes grocery shopping so much easier. Highly recommended!",2026-07-16T15:03:06.000Z,0,18.69.0,https://apps.apple.com/in/app/blinkit-grocery-in-10-minutes/id960335206
14310520727,app_store,IN,L_Rdin,1,Scammed by Blinkit,Ordered BTS oreos Received normal oreos. Asked support for help and was replied with “packaging changed but you received the correct product”. I was scammed. They are different products,2026-07-16T14:58:53.000Z,0,18.69.0,https://apps.apple.com/in/app/blinkit-grocery-in-10-minutes/id960335206
14310461952,app_store,IN,Toxic Rana,5,Instant pickup,Very fast delivery 😊,2026-07-16T14:42:21.000Z,0,18.69.0,https://apps.apple.com/in/app/blinkit-grocery-in-10-minutes/id960335206
14310413115,app_store,IN,TC Badan,5,Products not available items like mangos which are seasonal and available in all varieties,Improve yours stock guys,2026-07-16T14:28:34.000Z,0,18.69.0,https://apps.apple.com/in/app/blinkit-grocery-in-10-minutes/id960335206
14310355138,app_store,IN,Tatti application,1,Very Poor Quality Vegetables & No Response from Support,"Vegetables were delivered in very poor condition. They were not fresh at all and some items looked almost unusable. I raised a complaint immediately, but even after that there was no stock change or replacement provided. Also, there was no proper response from customer support. This is very disappointing and not expected from Blinkit. Please improve quality control and customer service.",2026-07-16T14:12:22.000Z,0,18.69.0,https://apps.apple.com/in/app/blinkit-grocery-in-10-minutes/id960335206
14310304342,app_store,IN,San6543&&&,1,Dark pattern forcing to pay donations,Everyone careful check the final bill split. They force you to make 1 rupee donation. It’s tough to remove this.,2026-07-16T13:58:08.000Z,0,18.69.0,https://apps.apple.com/in/app/blinkit-grocery-in-10-minutes/id960335206
14310271377,app_store,IN,Ashok veda,5,Reliable,Always consistent with delivery,2026-07-16T13:48:42.000Z,0,18.69.0,https://apps.apple.com/in/app/blinkit-grocery-in-10-minutes/id960335206
14310245187,app_store,IN,Riddhi 🤭,5,Blinkit,Best app it the world,2026-07-16T13:41:10.000Z,0,18.69.0,https://apps.apple.com/in/app/blinkit-grocery-in-10-minutes/id960335206
14310203275,app_store,IN,SG p,3,Price,Rate is too much high as per quantity,2026-07-16T13:29:05.000Z,0,18.69.0,https://apps.apple.com/in/app/blinkit-grocery-in-10-minutes/id960335206
14310137591,app_store,IN,Chvbdk cevcjsv,5,We lovveeee blliiinnkkkiiiitttttt,Blinkit is a really helpful appp there should be such apps in every country we love Blinkit!!!!!!!!!,2026-07-16T13:09:45.000Z,0,18.69.0,https://apps.apple.com/in/app/blinkit-grocery-in-10-minutes/id960335206
14310076747,app_store,IN,Vineet1763,4,Vegetables and flowers,"Vegetables and flowers are not provided fresh, either stale or un fresh.",2026-07-16T12:51:38.000Z,0,18.69.0,https://apps.apple.com/in/app/blinkit-grocery-in-10-minutes/id960335206
14310066678,app_store,IN,Cctv ???? Crap,1,Cheated by your delivery people,I ordered some items a few days ago . Your people wrote delivered but it was never delivered!!! Cheats .,2026-07-16T12:48:33.000Z,0,18.69.0,https://apps.apple.com/in/app/blinkit-grocery-in-10-minutes/id960335206
14309775685,app_store,IN,shishir katiyar,4,Price,Remove handing charges!,2026-07-16T11:13:18.000Z,0,18.69.0,https://apps.apple.com/in/app/blinkit-grocery-in-10-minutes/id960335206
14309659834,app_store,IN,rushi vyas,5,rider yogesh nature,very great and politely,2026-07-16T10:30:47.000Z,0,18.69.0,https://apps.apple.com/in/app/blinkit-grocery-in-10-minutes/id960335206
14309513180,app_store,IN,Pow owls owl,1,Bad,Took my money and not received order,2026-07-16T09:33:36.000Z,0,18.69.0,https://apps.apple.com/in/app/blinkit-grocery-in-10-minutes/id960335206
14309458987,app_store,IN,Sagarsagu141,1,Stop Hindi Imposition,It was unnecessary to remove Kannada in Karnataka and replacing it with Hindi. If you want just put English but don’t impose other languages.,2026-07-16T09:11:37.000Z,0,18.69.0,https://apps.apple.com/in/app/blinkit-grocery-in-10-minutes/id960335206
14309338928,app_store,IN,Manikanta 1729,1,Language issue,Hindi imposition in Karnataka,2026-07-16T08:22:26.000Z,0,18.69.0,https://apps.apple.com/in/app/blinkit-grocery-in-10-minutes/id960335206
14309337266,app_store,IN,Adefg345,1,Disrespectful kannada,Kannada text removed and hindi imposition on us. Shame on you blinkit uninstalled the app,2026-07-16T08:21:44.000Z,0,18.69.0,https://apps.apple.com/in/app/blinkit-grocery-in-10-minutes/id960335206
14309243952,app_store,IN,Sudblink,5,Service in need,Beautiful and hospitable service making lives comfortable,2026-07-16T07:42:07.000Z,0,18.69.0,https://apps.apple.com/in/app/blinkit-grocery-in-10-minutes/id960335206
14309097969,app_store,IN,Paycho0358,5,We should support,"I truly appreciate the incredible work Blinkit is doing for society. Providing ambulance services at such a low cost is a remarkable initiative that can help countless people during emergencies. This is more than just a business service—it is a meaningful contribution to the community and a great example of social responsibility. Fast delivery, reliable support, and now affordable emergency assistance show how much they care about people’s well-being. A big thank you to the entire Blinkit team for making essential services more accessible and helping those in need.",2026-07-16T06:39:22.000Z,0,18.69.0,https://apps.apple.com/in/app/blinkit-grocery-in-10-minutes/id960335206
14309021543,app_store,IN,PradeepUser,1,Worst platform,Never ordered anything from Blinkit if you want to save your money poor quality and no return option is their be careful use better service like Flipkart minutes or Swiggy Instamart,2026-07-16T06:06:26.000Z,0,18.69.0,https://apps.apple.com/in/app/blinkit-grocery-in-10-minutes/id960335206
14309018796,app_store,IN,Bilnku,5,Amazing delivery,"I am a working professional, and I often have snacks at the office. However, due to a shortage of time in the morning, I couldn’t carry snacks from home. That’s why I prefer Blinkit’s quick delivery service.

Or, if you’re writing a customer review, you could make it sound a bit more friendly:

I’m a working professional, and I usually have snacks at the office. Since I don’t have enough time in the morning to pack snacks, I prefer Blinkit’s quick delivery. It saves me time and is very convenient.",2026-07-16T06:05:14.000Z,0,18.69.0,https://apps.apple.com/in/app/blinkit-grocery-in-10-minutes/id960335206
14308946991,app_store,IN,Blink blink blinkt,5,Chocolates,"I really love this app, just because this app, I am able to send chocolates to my gf and I am so happy. Thanks team Blinkit :)",2026-07-16T05:34:04.000Z,0,18.69.0,https://apps.apple.com/in/app/blinkit-grocery-in-10-minutes/id960335206
14308882682,app_store,IN,shruthi.099,1,Hindi imposing Blinkit,They have started using Hindi names for groceries which the locals have no idea about in Bengaluru. They were using Kannada names earlier. Why the shift and imposition of Hindi!! Useless app for Bengaluru and Kannadigas.,2026-07-16T05:06:11.000Z,0,18.69.0,https://apps.apple.com/in/app/blinkit-grocery-in-10-minutes/id960335206
14308850966,app_store,IN,Mahfooz@khan,5,Answer,I would like to say that service is impressive this app only takes few minutes i always buy my things here and it’s a great full,2026-07-16T04:52:33.000Z,0,18.69.0,https://apps.apple.com/in/app/blinkit-grocery-in-10-minutes/id960335206
14308785982,app_store,IN,Harshu Malekar,4,Suggestion,"Hi Blinkit Team,

Just a small suggestion—would it be possible to add a Monthly Expense Summary feature in the app? It would be really helpful to view total monthly spending and track expenses without having to calculate each order manually.

and thanks for the great service!",2026-07-16T04:25:02.000Z,0,18.69.0,https://apps.apple.com/in/app/blinkit-grocery-in-10-minutes/id960335206
14308780781,app_store,IN,Sathish1974,1,Price high,Comparing to others prices are high. Cross check and do the needful or you will loose your customers,2026-07-16T04:22:50.000Z,0,18.69.0,https://apps.apple.com/in/app/blinkit-grocery-in-10-minutes/id960335206
14308774184,app_store,IN,Tejas Navsari,5,The app and store,"Very useful app in emergency time , every time helpful",2026-07-16T04:20:07.000Z,0,18.69.0,https://apps.apple.com/in/app/blinkit-grocery-in-10-minutes/id960335206
14308697145,app_store,IN,Andifonder,5,Best service,"Less in time, good quality products",2026-07-16T03:48:17.000Z,0,18.69.0,https://apps.apple.com/in/app/blinkit-grocery-in-10-minutes/id960335206
14308559446,app_store,IN,ManjulaKarthikeyan,3,Handling charges,"When there is no delivery charges , why are you guys adding handling charges even for plastic container items?",2026-07-16T02:53:54.000Z,0,18.69.0,https://apps.apple.com/in/app/blinkit-grocery-in-10-minutes/id960335206
14307497323,app_store,IN,Tera ammi ka khalu,5,Funder ko mre trf se 3/5 Chumma,Funder ko mre trf se 3/5 Chumma,2026-07-15T20:08:20.000Z,0,18.69.0,https://apps.apple.com/in/app/blinkit-grocery-in-10-minutes/id960335206
14307164854,app_store,IN,amit1283,5,Wow Experience,24x7 delivery.. that’s insane,2026-07-15T18:19:46.000Z,0,18.69.0,https://apps.apple.com/in/app/blinkit-grocery-in-10-minutes/id960335206
14306980759,app_store,IN,Cravings_2026,3,Imp,Some times very expensively,2026-07-15T17:22:17.000Z,0,18.69.0,https://apps.apple.com/in/app/blinkit-grocery-in-10-minutes/id960335206
14306604515,app_store,IN,Aarvi choudhary,5,Review,The service is too good and fast . Way too good ✌🏻,2026-07-15T15:31:21.000Z,0,18.69.0,https://apps.apple.com/in/app/blinkit-grocery-in-10-minutes/id960335206
14306514761,app_store,IN,Bupathi k,4,Unethical products,I have seen jaggery which was not natural,2026-07-15T15:06:00.000Z,0,18.69.0,https://apps.apple.com/in/app/blinkit-grocery-in-10-minutes/id960335206
14306506593,app_store,IN,Haque Musharaf,5,Rated 5 Star,initially i disappointed with support team of blinkit like it was very difficult to raise concern to support team but now they have really worked in this area and made support easy for customers really appreciated,2026-07-15T15:03:46.000Z,0,18.69.0,https://apps.apple.com/in/app/blinkit-grocery-in-10-minutes/id960335206
14306284004,app_store,IN,ecschandra,4,Option of products,"Products are generally good and I buy repeatedly, but need to improve on existing range and introduce premium range in tier2/3 cities also",2026-07-15T14:02:02.000Z,0,18.69.0,https://apps.apple.com/in/app/blinkit-grocery-in-10-minutes/id960335206
14306278400,app_store,IN,my one and only love is zomato,5,I don’t want paper or plastic bags,I don’t want paper or plastic bags … please try to avoid,2026-07-15T14:00:29.000Z,0,18.69.0,https://apps.apple.com/in/app/blinkit-grocery-in-10-minutes/id960335206
14306240338,app_store,IN,Anjani jena,1,Extra charges for daily costumer,Extra charges for daily costumer,2026-07-15T13:49:46.000Z,0,18.69.0,https://apps.apple.com/in/app/blinkit-grocery-in-10-minutes/id960335206
14306220546,app_store,IN,San3069,3,Fruits,Fruits very bad especially bananas,2026-07-15T13:44:13.000Z,0,18.69.0,https://apps.apple.com/in/app/blinkit-grocery-in-10-minutes/id960335206
14306059187,app_store,IN,Hardikkamboj,5,Loved your Kindness and quickness,"I loved the instant delivery and i watched the reels of the ambulance service you provide. And, i love it and i am so happy to using a app like this 
Thankyou :)
🫠",2026-07-15T12:57:57.000Z,0,18.69.0,https://apps.apple.com/in/app/blinkit-grocery-in-10-minutes/id960335206
14306049474,app_store,IN,Deepika arya,5,Review,Kafi aacha hai ylll bhut fast delivery hai thanks blinkit,2026-07-15T12:55:05.000Z,0,18.69.0,https://apps.apple.com/in/app/blinkit-grocery-in-10-minutes/id960335206
14305986334,app_store,IN,Dhanya J S,5,Great Service in no time!,Good quality products,2026-07-15T12:36:13.000Z,0,18.69.0,https://apps.apple.com/in/app/blinkit-grocery-in-10-minutes/id960335206
14305484144,app_store,IN,Umairshaik,5,Products,Very easy to use this,2026-07-15T09:40:51.000Z,0,18.69.0,https://apps.apple.com/in/app/blinkit-grocery-in-10-minutes/id960335206
14305393743,app_store,IN,Drgiiiii,5,Refund not received,Ur executive said we will refund the amount for damaged product but 5 ₹ she refunded as handling charge fee and ur customer care is also not answering as it automated … very poor service,2026-07-15T09:04:22.000Z,0,18.69.0,https://apps.apple.com/in/app/blinkit-grocery-in-10-minutes/id960335206
14305358142,app_store,IN,Chand@17,1,Very poor in Discount,Good Discount to be given to regular customer - to extend relationship for a longer,2026-07-15T08:49:57.000Z,0,18.69.0,https://apps.apple.com/in/app/blinkit-grocery-in-10-minutes/id960335206
14305294085,app_store,IN,Unnecessary Surcharge,1,Surcharge,Unnecessary Surcharge,2026-07-15T08:23:23.000Z,0,18.69.0,https://apps.apple.com/in/app/blinkit-grocery-in-10-minutes/id960335206
14305041513,app_store,IN,Uday Mohite,4,Service,Prompt delivery always 😊,2026-07-15T06:36:14.000Z,0,18.69.0,https://apps.apple.com/in/app/blinkit-grocery-in-10-minutes/id960335206
14305009667,app_store,IN,C Raw I,5,Groceries and Fruit,Best Service on time,2026-07-15T06:22:15.000Z,0,18.69.0,https://apps.apple.com/in/app/blinkit-grocery-in-10-minutes/id960335206
14304983271,app_store,IN,Gauri Kapse,4,All product which are ordered,Always Deliver Good quality product in short duration…,2026-07-15T06:10:49.000Z,0,18.69.0,https://apps.apple.com/in/app/blinkit-grocery-in-10-minutes/id960335206
14304976287,app_store,IN,Kappu4298,5,Kalpesh,"Printout service is very good used for interviews purpose, I saw a reel of ambulance service, user centric approach, loved their service",2026-07-15T06:07:49.000Z,0,18.69.0,https://apps.apple.com/in/app/blinkit-grocery-in-10-minutes/id960335206
14304946378,app_store,IN,Saurabhdas010,5,Super fast delivery,Authentic delivery of products and quality,2026-07-15T05:54:49.000Z,0,18.69.0,https://apps.apple.com/in/app/blinkit-grocery-in-10-minutes/id960335206
14304928703,app_store,IN,dhdhdgffhfhdhdh,1,Payment fai,"Money deducted form Blinkit account and after 10 minutes app is showing notification that payment failed, please order. Amount is deducted already",2026-07-15T05:47:08.000Z,0,18.69.0,https://apps.apple.com/in/app/blinkit-grocery-in-10-minutes/id960335206
14304894850,app_store,IN,Para barel,1,Fraud,They deliver tempered electronic product and then refuse toe listen customer complaints.,2026-07-15T05:32:25.000Z,0,18.69.0,https://apps.apple.com/in/app/blinkit-grocery-in-10-minutes/id960335206
14304894179,app_store,IN,Ankur bhuwal,1,Items not found,I ordered a buds but did not founds buds in the box and delivery partner said that she has talked to store and they will assign a new delivery partner and deliver the item but there is no response from blinkit,2026-07-15T05:32:07.000Z,0,18.69.0,https://apps.apple.com/in/app/blinkit-grocery-in-10-minutes/id960335206
14304868952,app_store,IN,Yogi@agra,3,Too much extra charges,Easy app easy delivery but costs are high,2026-07-15T05:21:10.000Z,0,18.69.0,https://apps.apple.com/in/app/blinkit-grocery-in-10-minutes/id960335206
14304792373,app_store,IN,Jaya Kumawat,1,Continuously stale vegetables,Daily daily sending v old stale vegetables,2026-07-15T04:48:06.000Z,0,18.69.0,https://apps.apple.com/in/app/blinkit-grocery-in-10-minutes/id960335206
14304790415,app_store,IN,vi-cus,5,Price & time,Pricing are low compare to others and delivery timing are fast,2026-07-15T04:47:15.000Z,0,18.69.0,https://apps.apple.com/in/app/blinkit-grocery-in-10-minutes/id960335206
14304720222,app_store,IN,IAmSrinii,1,Payment Deducted but no order placed,"When i queried they say money will be back by 7 to 8 days, who is going pay bank interest for the 7 to 8 day period, Blinkit ? I don’t understand the logic behind modern day lightning payments.",2026-07-15T04:17:33.000Z,0,18.69.0,https://apps.apple.com/in/app/blinkit-grocery-in-10-minutes/id960335206
14304693445,app_store,IN,Sunil 1960,5,🏡,Makes our life better 😊😊,2026-07-15T04:06:25.000Z,0,18.69.0,https://apps.apple.com/in/app/blinkit-grocery-in-10-minutes/id960335206
14304659897,app_store,IN,J7662,1,Delivery issue,Rider did not come to deliver order and given excuses and he ask me to cancel the order.Also customer service not help me in this situation.,2026-07-15T03:52:37.000Z,0,18.69.0,https://apps.apple.com/in/app/blinkit-grocery-in-10-minutes/id960335206
14304492977,app_store,IN,Unishta,5,Always has your back,A reliable vendor for everything last minute . Saves you the hassle of going out for small jobs that come up at the wrong time. An efficient assistant.,2026-07-15T02:46:47.000Z,0,18.69.0,https://apps.apple.com/in/app/blinkit-grocery-in-10-minutes/id960335206
14304441173,app_store,IN,A….4567,1,Charged extra,"On damaged items, was charged extra as a refund",2026-07-15T02:27:11.000Z,0,18.69.0,https://apps.apple.com/in/app/blinkit-grocery-in-10-minutes/id960335206
14304268168,app_store,IN,jyoti singh ahlawat,5,customer care service,bekar customer care service hai zero,2026-07-15T01:22:39.000Z,0,18.69.0,https://apps.apple.com/in/app/blinkit-grocery-in-10-minutes/id960335206
14303104734,app_store,IN,Mr.orao,1,Late delivery,"I ordered a single product at 10:00 PM, and it wasn't delivered until 11:30 PM. Taking 1.3 hours to deliver a single item within a 3 km radius is honestly terrible service. Blinkit never seems to deliver on time anymore.",2026-07-14T18:19:31.000Z,0,18.69.0,https://apps.apple.com/in/app/blinkit-grocery-in-10-minutes/id960335206
14302734622,app_store,IN,Xec.R,1,"""Poor Service & Frequent Order Cancellations""","Blinkit used to deliver in our area without any issues, but now it always shows **""Currently Unavailable.""** On the rare occasions when it becomes available and I place an order, it gets delayed, and then the order is eventually cancelled.

This has become a regular problem and is very frustrating. Please ensure you have proper service and delivery support in the areas you operate before accepting orders. Customers shouldn't have to deal with repeated delays and cancellations. Very disappointing experience.",2026-07-14T16:26:32.000Z,0,18.69.0,https://apps.apple.com/in/app/blinkit-grocery-in-10-minutes/id960335206
14302708948,app_store,IN,Mad company and ceo,1,Worst company,I purchased a boat 108 stone it was damaged and they are not refunding the speaker they are saying to go to claim boat warranty boat websites are not working and there it was given 7 days return policy I dint even wanted to give one star to it the company ceo is a coward and is scamming Indian public ceo is a mad person,2026-07-14T16:19:04.000Z,0,18.69.0,https://apps.apple.com/in/app/blinkit-grocery-in-10-minutes/id960335206
14302704147,app_store,IN,Master Gupta,1,Repeated payments,I tried paying twice but the app did not take it. It took the payment when I tried third time. This has been happening quite a lot lately,2026-07-14T16:17:40.000Z,0,18.69.0,https://apps.apple.com/in/app/blinkit-grocery-in-10-minutes/id960335206
14302623579,app_store,IN,Jayasaha12,1,No discount,Extra charges applied after business popularity,2026-07-14T15:54:26.000Z,0,18.69.0,https://apps.apple.com/in/app/blinkit-grocery-in-10-minutes/id960335206
14302538207,app_store,IN,-0@bm,1,Cash on delivery must be available,Cash on delivery must be available,2026-07-14T15:29:56.000Z,0,18.69.0,https://apps.apple.com/in/app/blinkit-grocery-in-10-minutes/id960335206
14302480479,app_store,IN,DK@9211,5,Quick,Thanks for Quick service,2026-07-14T15:13:47.000Z,0,18.69.0,https://apps.apple.com/in/app/blinkit-grocery-in-10-minutes/id960335206
14302398606,app_store,IN,MohammedAmair,1,They are just waste of money,"They took my money, but never deliver the item",2026-07-14T14:50:48.000Z,0,18.69.0,https://apps.apple.com/in/app/blinkit-grocery-in-10-minutes/id960335206
14302305738,app_store,IN,sirajars,1,Poor delivery,Of late delivery becoming horrible,2026-07-14T14:25:01.000Z,0,18.69.0,https://apps.apple.com/in/app/blinkit-grocery-in-10-minutes/id960335206
14302301387,app_store,IN,Shivanni!,1,Pringles,Received a completely smashed box of chips.. acc to the delivery boy his request for another box was turned out by the blink it partner on hill road Bandra West,2026-07-14T14:23:47.000Z,0,18.69.0,https://apps.apple.com/in/app/blinkit-grocery-in-10-minutes/id960335206
14302291312,app_store,IN,Sufyan mon,5,Quality,Best quality items available here.,2026-07-14T14:20:59.000Z,0,18.69.0,https://apps.apple.com/in/app/blinkit-grocery-in-10-minutes/id960335206
14302217216,app_store,IN,Mehar18,5,Quick service,Really appreciate the effort of every delivery boy who make this happen. Wish you safe and fast ride in future. Kudos !!,2026-07-14T14:00:17.000Z,0,18.69.0,https://apps.apple.com/in/app/blinkit-grocery-in-10-minutes/id960335206
14302182161,app_store,IN,Meggisharma,5,Thanks for the coming back to my area,Thanks Blinkit team for the coming back to my area after 4 years.,2026-07-14T13:50:19.000Z,0,18.69.0,https://apps.apple.com/in/app/blinkit-grocery-in-10-minutes/id960335206
14302107677,app_store,IN,Myra niku,1,payment has deduct but refund not credit,payment has deduct but refund not credit,2026-07-14T13:28:57.000Z,0,18.69.0,https://apps.apple.com/in/app/blinkit-grocery-in-10-minutes/id960335206
14301896229,app_store,IN,Shradha saha,5,Order defect,Last order I gave for my father day cup came broken.,2026-07-14T12:25:51.000Z,0,18.69.0,https://apps.apple.com/in/app/blinkit-grocery-in-10-minutes/id960335206
14301859916,app_store,IN,Vipali Gidwani,1,Minimum order should be 100,Minimum order should be 100 not 200 v disappoint,2026-07-14T12:14:35.000Z,0,18.69.0,https://apps.apple.com/in/app/blinkit-grocery-in-10-minutes/id960335206
11758035711,app_store,IN,trivedi Gaurav,5,Poor experience,I have been using Blinkit almost every single day for daily essentials. Recently experienced very sad situation I ordered Arhar Dal 2 KG cost 600/- approx . The product on delivery was found spoiled/damaged and not edible. I shared details with Blinkit it took few days for them to decide next steps. It was a daily essential so could not wait long and I purchased the it from local grocery store. I asked them to refund the amount or get me some other item for same amount but Blinkit refused to do so. The only option given to me was we can replace the same product. I lost the trust in same brand hence I refused to receive same brand but I was still open to receive any other brand . Blinkit could not cater my small request and my money is stuck. Being a regular Customer I expected a high level of service from Blinkit but they failed to meet my expectations. I have deleted the app and will never recommend use of any online app for daily essentials when they are not flexible to handle customer dissatisfaction even when there product was damaged. Local grocery shops do take real time actions on such issues. I can share pictures of product I received .,2024-09-24T04:06:17.000Z,0,16.14.1,https://apps.apple.com/in/app/blinkit-grocery-in-10-minutes/id960335206
10151084478,app_store,IN,Coin master player,1,Very bad. Not recommended at all,"I really don’t want to do this, but I have to today, I ordered kulfis and ice cream, one of the ice cream was completely melted, and they came to take the item, I refunded, however, it was really unnecessary, and without asking me where I want the refund, they gave me a coupon, and the agent I spoke to said I agreed to it, where as I never said okay to get a refund as a coupon. Blinkit is such a messed up online store that there are times when we order something by mistake and don’t want it, but they won’t take the return and not ready to return. We have to keep it even if we don’t need it, now for an ice cream which was already melted when it arrived, and I raised an issue within 3 mins of receiving the order, they wanted to come and take the item, which would just go to dustbin, it was not edible at all, it was a vanilla flavour but it turned off white, when it melted, not sure why… also I give a 1 star rating to all my orders as they charge delivery fee of ₹16, and handling fee every-time we order but they don’t handle well and don’t deliver good quality items. I don’t recommend this all. I would suggest going for other delivery companies, the service on Blinkit is not good either. I highly don’t recommend to anyone to use Blinkit. Go out and buy things yourself, walk out a little as an exercise, otherwise Ofer from different delivery companies. Very bad service, very disappointed.",2023-07-17T17:13:03.000Z,0,15.10.0,https://apps.apple.com/in/app/blinkit-grocery-in-10-minutes/id960335206
14066181951,app_store,IN,Sach6576,5,Fraud company scam items,"I sachin Kumar had ordered an JBL ear pods item of rupees 3000 but i have received only empty box .There was no seal in the box only the charger was available. I have suddenly called the Blinkit customer care, but they are saying that they can’t help then I went to the Blinkit Office store The manager said that they can’t help in such things. It should be connected to the customer care of Blinkit. Then we tried several times to the customer care. They are saying that we can’t do anything regarding these items. You should connect to the JBL customer care. Then we connected to the JBLcustomer care. JBL customer care said that. we can’t do anything because you have ordered the item in Blinkit, so no one is helping us regarding this. So we are requesting that don’t do such fraud things to poor people. It’s not about Mani. It’s about trust. We have trusted the Blinkit app, so we ordered the items, but the item was not there in the box. This Blinkit company is too bad and too bad customer service never ever order such costly things in Blinkit, like electronic things, thank you",2026-05-15T06:58:01.000Z,0,18.60.0,https://apps.apple.com/in/app/blinkit-grocery-in-10-minutes/id960335206
12613565754,app_store,IN,AuroraRengeris,1,Security concerns and misconduct,"The delivery guy wasn’t respecting the ‘Leave at Door’ policy. This is such a huge MISCONDUCT. I have set this policy for privacy reasons. Being a single woman living alone and having experienced misconduct from certain delivery guys when I have opened doors. Yes, this has happened a few times before, like trying to step inside the door or raising voice unnecessarily. None of these incidents were my fault but it has scared me enough to set this policy. My home is my safe space and I don’t want people making ruckus or misbehaving around my home or god forbid worse. Following this policy is so vital, yet this fellow was completely disregarding it. He had the society watchman with him because apparently I didn’t approve his entry request. Now, this was a misunderstanding, because sometimes the Anacity app doesn’t show notifications, in my case it didn’t, our society is new and protocols aren’t rigid. I explained this on the intercom and asked him to leave the parcel at the door as given on the app. I apologised for the inconvenience and extra wait. But does this mean he take out his anger on me??? This fellow was not ready to leave before he sees my face. He asked the watchman to keep ringing the doorbell. Such arrogance and anger was on his face, I could see everything on the intercom. All for a 10 minute wait, which is understandable late time when delivery guys get stuck in traffic isn’t it? Why would I take risk and open the door? For what? The delivery guys are soooo UNPROFESSIONAL.",2025-05-03T07:02:17.000Z,0,17.09.1,https://apps.apple.com/in/app/blinkit-grocery-in-10-minutes/id960335206
4276573779,app_store,IN,scrream,1,Worst Online Place To Buy Groceries,Guys don’t buy from grofers. These guys will deliver stuff that is almost about to expire. I bought multiple packs of 1ltr tetra pack milk from them. Manufacturing month Feb & delivered in June. Tetra pack milk best before 6 months from manufacturing date. The customer service is even worse. One of the milk tetra pack had gone bad even before the expiry date. So I reported the same on their app. Customer service tells me returns/refunds only possible within 48hrs of delivery. God help you if you order in bulk cause grofers expects you to open everything and check within 48hrs of receiving the product. Their lowest price guarantee scheme is another bummer. I bought an item from there which was cheaper at dmart so instead of returning the item I tried to see what they are willing to do with the lowest price guarantee. I contacted customer chat within 48hrs of receiving the product via the app with the necessary photo proof that the item was available cheaper with dmart. They said that the price difference will be refunded as cashback & will reflect within 24-48hrs in my grofers account but nothing was refunded. When I contact them again saying that I don’t see the refund they tell me that I should’ve reported this within 48hrs of delivery. Seriously can you believe this. I did report within 48hrs. They said they will refund within 48hrs which they didn’t & then when I remind them about the same but now since I am out of the 48hrs from delivery bracket. They show me the finger.,2019-06-07T08:02:03.000Z,0,4.2.1,https://apps.apple.com/in/app/blinkit-grocery-in-10-minutes/id960335206
9014296410,app_store,IN,maxt mal,1,Bad customer service experience | No acknowledgement for the feedback or suggestions,"Today I order couple of vegetables from Blinkit. They gave me an incorrect order. While I was on chat with one of the customer support person, he was really behaving badly and not even accepted my feedback or concern. I gave him a suggestion to be pushed ahead, that if I a customer faces such issue, then the feedback mechanism should be really good. I suggested him that if you giving customers an option of refund or replacement, then they should clearly mention in that option itself that how much time will take it get the refund or replacement. Instead of that it reflected that information post selecting the option. 
Not only he didn’t  acknowledged my feedback or suggestions, he was unnecessarily arguing and disrespecting as well. He right away said no app does that , making me feel that it was my mistake that I placed an order here. As a customer it’s my right to share feedback and atleast expect acknowledgment against it. Very bad experience I had today. I would request if anyone can atleast acknowledge it and make sure at least if a customer is disappointed by the service then atleast the customer experience support staff should be humble enough to communicate. Just saying “No, it’s not possible”, “ no you are wrong” , such kind of comments coming from a company really disappoints the customer.",2022-08-25T06:00:37.000Z,0,8.1.1,https://apps.apple.com/in/app/blinkit-grocery-in-10-minutes/id960335206
13067856013,app_store,IN,Far2013sar,1,Worst resolutions,"I ordered my Blinkit parcel at 12:06 am.
The parcel was supposed to reach me in 8 mins and the delivery partner arrived at the location and didn’t move for 40 minutes after which I get a call from support team from a guy called deabpriya saying the driver does not understand your location and please call him to explain. When I called the driver named Sachin he told me that there was a leakage issue with the parcel that’s why he was running late then I get contacted from the support team again saying that I will have to cancel my order and reorder on the app after waiting for an hour???
Then when I do so my order gets cancelled again and the support team saying that’s it’s out of delivery location and that it will cancelled and I have to reorder than I did it again and then called the driver after the message stating order packed and he talked to me very rudely saying that it’s not his problem that the store is out of service from the area of my residency Blinkit autoassigns the store so in what sense is it my fault or problem and now I have ordered again and from the same store it is now being delivered after 1 and a half hour. I am not being offered any sort of compensation as your customer support executive stated that there is no option of compensation worst service ever I am going to switch to Zepto and hope to never see Blinkit face ever again",2025-08-27T20:03:19.000Z,0,17.22.1,https://apps.apple.com/in/app/blinkit-grocery-in-10-minutes/id960335206
13982274562,app_store,IN,Suzanne Coutinho,1,Very bad service,"Very bad experience with your customer support n delivery person they are fraud n maybe your company is teaching them this my mom faced a issue recently she order things which total cost was 810 rs the delivery person came with a brown bag in which the things were there n it was packed so we could not check it we asked him total amount is 810 he said yes. N did not
Tell us that the cream has not been sent n took full money including the cream price which was 302 after that we checked the bag the cream was not there n in few min the another delivery person came with the cream he asked money from us 302 which we had paid already n we said the same to him he said no after that he canceled the order n did not even let us know your company i fraud we contacted support team n share the issue they started laughing why have you hired such a useless team they are saying that we are lieing what is the proof that the delivery partner is not lieing we did cash on dilivery is that our  mistake I hate blink it support people like kushi Neetu zuber should be removed from the company for laughing at the problem n taking salary for no good. I have deleted blink it from my family members phone n going to delete from my phone as well insta n Zepto are best 1 no service i salute thier service n support team for understanding the issue n solving it blink it is Tatti service",2026-04-21T16:56:51.000Z,0,18.57.1,https://apps.apple.com/in/app/blinkit-grocery-in-10-minutes/id960335206
12309428232,app_store,IN,Shruti.M,1,WORST ONLINE GROCERIES APP EVER!! 🚨,"I have ordered large amount of groceries from here, and from last 2-3 months they are getting worse. Delivering leaked products, missing items and expired items. When I try talking to the customer team. The only thing they do is, if the product is out of stock, they will initiate refund but I don’t know the logic behind the “refund will initiate only after 5-7 days. I have paid from Google pay so the amount should be refunded on my Google pay then and there. however they do not initiate your refund as well and making us fool by marking refund initiated. Now talking about delivering expired item, today I got expired item twice after talking to customer team and I clearly told her not to send me expired item again but they did. My concern is if they don’t have so and so items just mark that item as out of stock or else don’t show that product. People will buy that product even if it is out of stock from your end. If you are really running a business, why to do this mistake again and again. 
Pathetic experience, disappointed, looting us and what not and also they are pricing the item way too much from the actual price.
This app is worst than instamart I swear!! 
STOPP THIS IMMEDIATELY OTHERWISE I WILL FILE A ONLINE COMPLAINT FOR LOTTING US AND SENDING EXPIRED ITEMS. 
And guys you will see the most recent reviews are all negative and bad. ⚠️🚨",2025-02-14T10:38:06.000Z,0,17.00.0,https://apps.apple.com/in/app/blinkit-grocery-in-10-minutes/id960335206
8334967116,app_store,IN,Ritu#123#,1,Bad experience,I have a loyal customer of (grofers) and enjoying their services until recently when I placed an order 2 days ago and I was notified that my order will be delivered in 8 min. But to my surprise my order didn’t come and I was not even informed that they have a strike and they won’t be delivering it on time . Very same evening a delivery boy came and said as there was a strike so now they are delivering. I asked him as they are very late I don’t need this order now. He went back any again came back the next morning with the same order. I again told him the entire episode what happened. Then yesterday when I tried to place another order I was shocked to see that my cod option has been disabled. Now I have few queries- if there’s some internal issue and you were not able to deliver my order why did you notifiy me that my order will arrive in 8 min and once I cleared my point then why didn’t you update it in your system that I don’t need order that any longer. If you check your system you will find I used to order from you every 2-3 days and there were no issues with order acceptance. This happened just once and you disabled my cod option while it was entirely your fault. Highly disappointed 👎. Customers make your company big and then you start treating your customers as your servants. I’m sorry but you lost a loyal customer.,2022-02-09T02:59:19.000Z,0,6.4.0,https://apps.apple.com/in/app/blinkit-grocery-in-10-minutes/id960335206
12760667813,app_store,IN,Aparna Saraswat,1,Simply pathetic,"*1/5 stars - AVOID BLINKIT AT ALL COSTS! 🚫* I'm writing this review as a warning to others: stay away from Blinkit unless you enjoy frustration, disappointment, and a complete waste of time! 🤯 I ordered an Apple Lightning cable, but what I got was a completely different product. The app's product images are either misleading or not visible properly, and I ended up with a useless cable that doesn't even fit my iPhone. 📱 When I tried to report the issue, the customer support team was utterly unhelpful. The executive, Pallavi & Shreya, seemed more interested in dismissing my concerns than solving my problem. I asked for a simple exchange, but they refused, leaving me with no option but to waste my time and money. 🕰️ The worst part? Their attitude! The support team seemed to be under the impression that they're doing me a favor by even responding to my queries. Newsflash: it's their job to help customers, not the other way around! 😒 *Pros:* None *Cons:* - Misleading product images - Wrong products delivered - Unhelpful customer support - Refusal to exchange or refund - Poor attitude from support team *Verdict:* Blinkit is a complete disaster. Don't trust them with your orders, or you'll end up like me - frustrated and disappointed. 👎 *Advice:* Look for alternative apps that actually care about their customers. There are plenty of better options out there!",2025-06-11T04:54:48.000Z,0,17.14.1,https://apps.apple.com/in/app/blinkit-grocery-in-10-minutes/id960335206
12344356133,app_store,IN,Fizzah Naqvi,1,PLEASE READ IF YOURE SEEKING FOR COOPERATIVE DELIVERIES !,"Ik this app is hyped up and all that and I have used it earlier as well … but what happened today was shocking . I was scrolling through it looking for a gift for my brothers birthday which wasn’t even today .I  saw an option and kinda liked it so I added it to the cart . When I wanted to view the entire cost i clicked on smth like ‘view order’ and the order was placed on its own . I then saw the word cancel but it was just for a millisecond and I even clicked over it but nothing happened . I  tried to look around and see how to cancel it but to my surprise there was no option at all .I tried calling up the delivery partner but the call didn’t connect until he reached my destination and when I spoke to him about it , he let me talk to the customer care and they made me speak to another senior and she said that she can cancel this order but whenever i place my next order I’ll be charged a penalty of the entire 100% amount of this order !!! I couldn’t believe it ! U mean I won’t get this order either ! Good i was told about this earlier itself so now I know I’ll never order from blinkit ever again . It used to be my favourite app for last minute shopping but congratulations for disappointing me to this level !! Wouldn’t recommend this app if anyone is seeking for cooperative deliveries !",2025-02-23T05:04:25.000Z,0,17.00.2,https://apps.apple.com/in/app/blinkit-grocery-in-10-minutes/id960335206
9495261352,app_store,IN,Arunimagautam,5,Fastest delivery ever!,"Ordered for the very first time from Chandigarh tricity area and I have to gladly say that the order was delivered in under 20 minutes!! The best thing is I also get to have fresh milk, paneer and butter delivered anytime of the day especially in the times when one dreads going into a crowded shop and even more importantly if I am occupied and have to get the groceries delivered without having to bother to go myself out! The prime thing is the instant delivery, which the other online aggregators-either automatically allowing you a delivery slot- can push a delivery time either a day away or within a stipulated time which runs in 4 hour slots, that sometimes can simply mean having to wait out for almost half a day. The packaging is also a brilliant plus, since it comes in a properly sealed bag that can be left at the reception also if someone is unavailable during the package delivery! And the fresh consumables arrives in a cold chain which keeps the temperature optimum for consumption! Kudos to team Blinkit (Grofers). You definitely have made one permanent customer here today!",2023-01-11T10:37:40.000Z,0,8.5.4,https://apps.apple.com/in/app/blinkit-grocery-in-10-minutes/id960335206
12492400524,app_store,IN,Md harsh,1,Worst service,"Blinkit day by day I keep ordering every day around 1,000-2,000rs and the issue I’m facing is increasing… even now I ordered A drink and water can… in which the delivered drink was already been opened and half the bottle was empty and it was been drunken by some one from the blinkit outlet or the delivery person we won’t know and if something is mixed or something poisonous can be there we might never know… because we order late night because there’s no stores around during that time and people who are unconscious will without knowing will drink even if the delivered iteams are opened and drank or even put something in it… and anything happens to them without knowingly they themself won’t know the reason why they are sick or suffering for… it’s a serious thing for the customers… I request the blinkit team to take caution steps to appoint staff to check the products while sending and check once’s again with the customers who order when it’s delivered to them if the product delivered is received properly or it’s happening some kind of issue… I don’t know why they just focus on making money and increasing there orders when they are not responsible for the customers service… now after all this when I contacted the support team of blinkit they took 5mins to respond and they just say that they are sorry and they say that they contacted the outlet or the warehouse manager and checked but the delivery person is not picking the call… its not a valid excuse and it’s not right to such things happen when the customer faces such issue… I Request blinkit to take things serious and not be careless on serving their customers while they earn from the customers…",2025-04-01T23:01:21.000Z,0,17.05.0,https://apps.apple.com/in/app/blinkit-grocery-in-10-minutes/id960335206
11697151392,app_store,IN,Shaurya Kumar Pathak,5,The Blinkit Review,"Blinkit (formerly Grofers) is an outstanding platform for anyone looking for a quick, efficient, and reliable grocery delivery service. One of its best features is the speed—most orders arrive within minutes, which is perfect for last-minute needs or busy schedules. The app's user interface is intuitive, making it easy to navigate through a wide range of products, from fresh produce to household essentials. The quality of the items is consistently high, and they offer a good variety of brands, ensuring that both premium and budget-friendly options are available. Their customer service is responsive and helpful, addressing any issues or concerns promptly. Blinkit’s regular offers and discounts add even more value, making grocery shopping both convenient and economical. Overall, Blinkit provides a seamless shopping experience, ensuring that customers receive fresh, high-quality products with lightning-fast delivery. Highly recommended for anyone seeking a hassle-free way to shop for groceries!",2024-09-07T03:23:22.000Z,0,16.10.1,https://apps.apple.com/in/app/blinkit-grocery-in-10-minutes/id960335206
11057313936,app_store,IN,Adit.59,1,"Charges too much, services are poor","It has long that i am using blinkit, but being my last resort i have to use this app, and it never disappoints me with the extra charges like “high surcharge fees” “handling fees” “packaging fees” Delivery fees should be applicable that is understood. Now come to the customer care, you will never be able to find the appropriate answers and will never get the right options. Once i ordered batteries of 1000, so it was 200 per packet, i only got 4. When i went back to the customer care they did not delivered the remaining one packet neither they refunded the full money. MIND YOU FOR THAT I HAD PAID THE FULL AMOUNT!!! Today again I opened the app it was showing me 13 minutes to reach your place, and i was ordered food to make something. Won’t believe me, it took the order 45 minutes 🙂🙂. Even after so i went back to rate the order i can only rate either the delivery person or the products, but blinkit wont tell where was the fault. Was it the delivery guy ?? During these 45 minutes i went back to the section “ Need help” Showing me options like “ cancel order” “ change delivery address “ but once i saw the “ where is my order option” i was relieved. When i clicked it showed me it will take 2-3 minutes to connect to an agent. Anyways this is my honest review!!!",2024-03-18T07:14:46.000Z,0,15.41.0,https://apps.apple.com/in/app/blinkit-grocery-in-10-minutes/id960335206
11574656850,app_store,IN,Debasmitaaa,1,Learn how to provide customer service from Swiggy,"Such a useless app I’ve ever seen. When you are prioritising your customer satisfaction and experience then firstly you need to focus on your customer services. A delivery boy came and delivered my products where one item is missing and when i raise a query guess what the customer service providers of blink-it do? They told me that they will connect me with an assistant and that’s it.. no responses after that for a long longgg time and they just keep on reading my chats.. i kept on asking hello, ???, only blue ticks i can see and not a single response.. I’m suggesting “blink-it” to learn something from Swiggy. I have faced so many problems in Swiggy and they always solve it in minutes.. cuz they don’t just pretend of helping.. they actually do. Don’t anyone use this useless app, as they do not even have a bag to provide the delivery partner. Things should be organised and that’s the accurate way of delivering products. If delivery partner has to give every product in hand then misplace of products surely happen. And that’s a basic common sense of marketing that you guys don’t have. Please learn from Swiggy and i don’t know why i suddenly thought of ordering from Blink-it.. will never ever do that mistake again. Better you guys also don’t whoever reading this review.",2024-08-05T11:40:41.000Z,0,16.05.1,https://apps.apple.com/in/app/blinkit-grocery-in-10-minutes/id960335206
6407333236,app_store,IN,She!!9,4,Cheaters!!,"I had purchased a dinner set comprising of 6 items which was delivered on 31st August by 'Delivery' courier service. When I opened the parcel, there were only 5 items instead of 6. I immediately contacted Grofer's CC....initially they were reluctant but after long discussions/ arguments, they finally agreed for a reverse pickup which was scheduled for 2nd September. To my surprise, when the delivery guy came he refused to take back the parcel saying there are only 5 items instead of 6. I tried explaining him the issue but he left without taking the parcel. I had to call Grofer's CC and again after lot of arguments, a pickup was scheduled for 8th September but to my utter dismay it was canceled by Grofer's at the last moment. I have been following up with Grofer's on call/chats but still haven't got any refund....only false assurances. The product was to be gifted to someone but now I can't as it's an incomplete set. It is of no use to me. As a customer I feel cheated.....this happening to me even though I have their membership. My early experience with Grofer's was okay but lately I have experienced dip in their quality of service and ethics. Very bad experience and highly disappointing",2020-09-08T10:05:15.000Z,0,4.5.4,https://apps.apple.com/in/app/blinkit-grocery-in-10-minutes/id960335206
12016200254,app_store,IN,Shivam_01011,1,Zero stars. Worst Customer Service,It said replacement or futher issue. I selected further issue then it said refund? And I selected refund then it said “we are sorry and we can replace it”. You gave me the option to refund or replace and when I selected refund you said that you are sorry and can replace it so what is the point of giving a refund option? Already you have made me angry enough by repeatedly asking me for photos and long waiting time to respond and then you are telling me thag i can refund the product but you are then saying that you can only replace it? I thought the product is small so I ordered it and when it arrived it was bigger than I thought. So what will i do by replacing it because i know that the product is not the size i want. And there is nothing I can do by replacing it because i will get the same issue after replacement. When i ask for a refund it says “we can only replace it sorry”?. What is this a joke? I have already wasted my time and money on this item and now you are playing games? Overall this service was very awful and I therefore will not be using blinkit from now on and leaving this review on other platforms and will be telling atleast friends and family and ask them to spread the message foward about this.,2024-12-02T06:06:35.000Z,0,16.25.0,https://apps.apple.com/in/app/blinkit-grocery-in-10-minutes/id960335206
5393349584,app_store,IN,Narendra Shekhawat,1,Very bad service and Can’t give Proper Answer.,"This is my first order on Grofers and I get very bad experience. I hear First Impression is last impression and you give me extremely bad impression in Mumbai. You guys Provide delivery boys Wrong Mobile Number. How to I contact with him.
I leaving in Mumbai. It’s a metro city but you guys are very bad service for delivery and you can’t get your responsibility. I ordered some items form Grofers and select my delivery date and time it’s after 2 days form the order placed. My Order delayed and Grofers help team say sorry for delayed it’s technical issue we try to solve it. And in Evening Grofers Reschedule my delivery time again for 2 days. I call Customer care and ask why Reschedule my delivery time and he say sorry for inconvenience but it’s automatic done. Again for the next delivery time Grofers says Sorry for delayed. And help desk reply same it’s technical issue we try to solve it. 
If you guys Not provide better Service in Mumbai so why we trust on you. If you unable to deliver the product then why you get Order form us. After 2 - 3 days you guys say some products are unavailable. If you deliver right time then this type of problems customers can’t face. 
I can’t recommend Grofers to my friends and colleagues. I have no option for rating. You guys can’t deserve 1 star. You deserve -10 star.",2020-01-12T07:53:27.000Z,0,4.4.1,https://apps.apple.com/in/app/blinkit-grocery-in-10-minutes/id960335206
13266753781,app_store,IN,Mikchung,1,Worst experience!!,We have order ramen and all around 12 am . But they mistakenly waited in different place and I call and try to explain them which is right way but they saying we can’t able to hear your voice  properly so I used the slag  language not for him bcoz of the network while I was trying explain him .while we are going out of the house to see whether they are coming or not . So the guy was saying he can’t hear my voice so I told him to come main road we will come there and from room to main road it will take 5-10 min by walk. When we reached there  bank server was down we don’t have the cash that time  and they were 4 guy for delivery . And we are two girl .. the one delivery guy say that go get the money and  when I was about to go by walk and my frnd will go with the delivery guy with bike and they stop us and were saying 1 girl will stay here and one will go to get the money with one delivery guy and this is not appropriate. They can also do 1 delivery guy will go with us he will the give order and we will give him  money right . What is this one girl stay and one will go they were 4 deliveries guy .is that  even logic and it was 12 :30 am something and even one car stop and that guy was meddling around saying cancel their order . And the guy whose suppose to deliver the  order to me was saying you are saying inappropriate word and we are giving you the respect . And I explained to him everything I wasn’t saying to you and I was saying because of the network he was saying again and again .  Oky if I say those inappropriate words to him I will appologise to him for sure but they were 4 deliveries guy and 1 with car guy and we are only 2 girl . We were scared to be honest . Worst experience ever !!!,2025-10-14T19:54:01.000Z,0,18.03.5,https://apps.apple.com/in/app/blinkit-grocery-in-10-minutes/id960335206
9140502188,app_store,IN,sunnyman61,5,Complaint regarding order,We ordered for two items ghee and atta and paid for both. The delivery boy brought only one item (atta) and said the other item was not given to him by store and said that he will go back and initiate the refund of that item. When we insisted for talking to the store person he called some Mr Amit . He asked us to return the delivered item also and he will send him again with both the items. We returned the same. After he left we got a cancellation of order message surprisingly without our request for the same. Message regarding refund of money to source account was also received. I think there is something suspicious in the whole episode. Had we not insisted on the delivery of remaining item the same would have been shown as delivered and we had to fight for the refund. Please look into the matter and do the needful. We have been a long standing customer of Grofers and now Blinkit. Please also refund the amount immediately if the delivery is not being made.,2022-10-01T15:48:47.000Z,0,8.2.1,https://apps.apple.com/in/app/blinkit-grocery-in-10-minutes/id960335206
13053825422,app_store,IN,Yognsk,1,No Proper Service,"There is no Proper direct contact in case of any defective missing product is delivered. Today I Placed an order of few products and one product was missing. Immediately I try to connect support cell (Only chat option is available) while connecting to executive they already asked me to select product to complain. After selecting the product I explained then that one product is missing in Order. Then there Executive again asked me to mention the product details, this result in exit from chat room to check product name . Even after that Executive told me to wait while he tried to connect with Store (this shows that even of u order thousands of rupee products they don’t trust customer). After sometime he replied me that currently store is not responding him and he told me to reconnect later . For one single missing product I chased for this longer (even that wasn’t my mistake). Guys please be careful while receiving product always tell their delivery boy to wait till u check products (delivery boys always in hurry). And And.. DONT PAY ONLINE. ALWAYS PAY IN CASH AFTER CHECKING THE ORDER (It will save ur time and will not discomfort u). Today our group is going to run ad to make aware about this blink-it process in Nashik.",2025-08-24T07:13:58.000Z,0,17.22.0,https://apps.apple.com/in/app/blinkit-grocery-in-10-minutes/id960335206
8553216796,app_store,IN,Del22278,3,"Delivery speed good but , expiry product , extremely slow customer support & no refund","I use blinkit very often its been 1 year now I have been using blinkit(grofers) , but now past 2 3 months the service has become bad like i pften get damaged product , or a few items missing but usually gets resolved quickly but recently on 5 April I bought wet cat food for my cat and it was rotten as i had cats all my life i know when there food is bad , my whole house started stinking pf rotten meat and on complaining it took customer support 1 and a half hour to initiate a refund as the replies were after 10-15 mins and even 32 mins longest when the executive called they said they have to deal with multiple customers , and so I understood that you people are also over burdening these poor employees of your and they get treated badly as nobody has got 1 and a half hour for a simple refund , ( i even asked if the want they can pick the product and i will return and they can give me refund ) but they said i can dispose that , and its been 6 days and no refund yet! I have been waiting on customer support for a executive for the pas 15 min....",2022-04-10T17:50:25.000Z,0,7.0.0,https://apps.apple.com/in/app/blinkit-grocery-in-10-minutes/id960335206
9902978552,app_store,IN,Beesam Rohan Reddy,1,No Proper Customer Support,"I was actually using Zepto and a Swiggy genie all these days, go to know about the Blinkit app recently through Zomato ad’s, 

Here is the situation I placed my first order in the blinkit app Soon after receiving the order, the delivery boy called me and suggested me to cancel the order did not mention the reason though and called me again and told me to click on one you might be receiving the phone from the other device from the different number I was afraid and I did not do clicked on any of the numbers and thought of reaching to the support through chat, but unable to reach the agent or any of the issues and the chat box itself do not let us you know or type any of the information so that the other person can reply on this and this is the worst Issue ever faced of you know with the delivery apps till now tried reaching through so many ways through the Support chat to convey my issue, but unable to do that but then there, this delivery boy called me and told me that Sir unable to reach your location and can you please come to a particular place then I told the person please come to the point given and suddenly I received a call from the blink it app support team and you know the representative was suggesting me to convince to go to the location, or please put on the right direction as a delivery partner is unable to get through your location Even the representative was arguing with me regarding the location though they were able to see the location given in the app itself. I do also have the screenshot of the event and then I suddenly don’t know what was the issue but then order got cancelled stating we cancel the order upon your request So guys, please be aware of these kind of third-party app",2023-05-07T17:48:21.000Z,0,15.4.0,https://apps.apple.com/in/app/blinkit-grocery-in-10-minutes/id960335206
8386604152,app_store,IN,Mr Saurabh Gupta,1,Worst customer support,"I wish I could give negetive rating. Their customer support is worst. I am trying to return a product from past one day. They don’t have return option. They can only place replacement order and ask to not accept replacement if I want to return a product.

At the time of replacement, delivery guy either call before coming and ask if I need replacement (same wrong product in replacement). Now if I say no, they cancel the replacement and again I go through same loop of contacting customer support and they create another replacement. If I say yes to delivery guy, he comes with the same product in replacement and deny to take the original product back and cancel the replacement in front of me. At that time I have no way to reach customer support. Only option I am left with contacting customer support over chat. A new support executive comes, I tell him whole story again and he creates another replacement order and same thing again. Ultimately everyone is suffering but nothing happening.  5 replacement orders are created in past 24 hours and they guys are so dumb that they are keep doing same thing again and again but unable to provide me resolution.

God bless such visionary founders and leadership.",2022-02-23T04:55:04.000Z,0,6.5.0,https://apps.apple.com/in/app/blinkit-grocery-in-10-minutes/id960335206
12999902109,app_store,IN,gckq0749,5,Very bad customer support,"I had ordered an item (a badminton racket) and it came in a very bad quality so when I requested them to take it back they refused to do so, I dint even use the racket. They asked multiple times to send picture and so did I send them. They asked me to several times and wasted my time, I think they wanted me to give up and keep the racket. I was soo disappointed, never in my life do I want to order again from here. Instamart is soo much better they atleast refund without asking much and solve the problem of the customer in seconds. It’s soo annoying to beg for our own money when u cannot deliver good products. How is it our fault if the quality is not as expected, just take it back and give us our money back!!! So annoying customer support! I was so frustrated ngl. Better get a good team or be a little more generous when ur doing business to retain the customers. And learn from competitors. That’s y they r successful.",2025-08-10T18:12:46.000Z,0,17.21.6,https://apps.apple.com/in/app/blinkit-grocery-in-10-minutes/id960335206
12033447965,app_store,IN,Praveen Narayana 24,1,Worst customer service and fake products,"I hope this feedback reaches Mr. Deepinder Goyal
Ordered a T-shirt on urgent basis. Received a larger sized with a white patches. I raised a request to replace the item with smaller size without highlighting the patches. However the customer executive denied to replace citing some terms and policies. On being adamant, I highlighted another genuine issue which was even visible in the first video shared - the white and dark patches so that they replace the same item and same size as was told by the executive. But this was again denied stating the unavailability of size. I had to run behind this issue for 2.5hours only to hear a sorry from them. Shakira, Saniya and supervisor jhanvi - none could resolve the genuine issue. When you all send expired items, rotten vegetables and spilled fruits, you replace politely even though they are not in replacement list ,as mistake was from your end and can face charges for selling expired items. Now when a loyal customer has been requesting for the replacement, you all say you have system limitations and do not bother to help us. We will never use with Blinkit again. Thanks to many options that we have now . Else you all would have monopolised the market and taken us for granted .",2024-12-06T19:50:54.000Z,0,16.26.0,https://apps.apple.com/in/app/blinkit-grocery-in-10-minutes/id960335206
11868748379,app_store,IN,A@mukku@123,1,Extra charge by delivery boy and services are poor,I don’t want to open but I have to update this to Blinkit that i have make an order which was prepaid and after making the order delivered the two delivery boys asked me to change the delivery location and then by mistake order was cancelled by me then they returned back to collect the order but unfortunately no one was in the house and then when I reached back home after 2 hours I make the contact to delivery boys to make the order return then they trolled me and said me to return the order in there  personal location and as in innocent way I goes to there place to return it then they collect it back all the items and then they asked me to give extra amount for all this mess created and then I deny them to give money then they threaten me that they will beat me then unfortunately to make myself safe from them I have to give them money and all so pls I request you all to keep aware stop cheating with customers and I will aware all other people and members near by in my society to stop believing Blinkit and be aware of it and their delivery partners and for this kind of services by Blinkit I would give them 0 rating out of 10 for cheating with customers.,2024-10-24T09:34:26.000Z,0,16.21.0,https://apps.apple.com/in/app/blinkit-grocery-in-10-minutes/id960335206
13379263216,app_store,IN,Rashna Garg,2,Blinkit - A Mixed-Bag Grocery App,"I’ve been using Blinkit for the past few months to get everyday essentials without stepping out, and overall it does a decent job. The interface is clean and the categorisation makes it easy to find what you need—whether it’s a pack of atta, a bottle of shampoo, or a quick snack. Delivery is usually prompt, and the live‑tracking map, while not perfect, gives a reasonable idea of when the rider will arrive.

That said, the biggest drawback is the limited cash‑on‑delivery (COD) option. Most items show COD as unavailable, pushing users toward online payments, which can be inconvenient when you’re trying to stick to a strict budget or simply prefer paying with cash. I’ve also noticed occasional glitches with the payment gateway and a few instances where the estimated delivery time was off by a significant margin. Customer support, when reachable, is polite but not particularly swift in resolving issues.

In short, Blinkit is a convenient solution for those who are comfortable with digital payments and can tolerate occasional hiccups. If COD is a non‑negotiable requirement for you, it may be worth keeping a backup grocery source handy.",2025-11-10T04:08:44.000Z,0,18.05.0,https://apps.apple.com/in/app/blinkit-grocery-in-10-minutes/id960335206
8905596076,app_store,IN,Romil Agarwal 9818675747,1,Extremely poor customer experience,I ordered for some grocery in the morning and it took more than 45 minutes for you to deliver. Not only that the rider was standing at one single place during his ride from the pick up point to my house for about 20-25 minutes. I tried to contact your customer care via Chat and that was even a worst experience because I did not get on this answer to any of my queries. I don’t think I will ever be using your services again. You been extremely poor in your customers and centricity and experience that you are delivering. I had some very basic questions on the time you take to deliver and why was the rider not moving for so long and standing at one single point. When I contacted the rider he said he’s at the gas station and getting the fuel on his bike and later said he’s getting the air pressure checked and kept making more and more excuses which I don’t think was true and even if it was true it doesn’t take 2025 minutes at the petrol pump to get this done moreover he could have done that earlier or later not during the time of delivery. You must read my chat with Debbrat to know how the customer web chat is being handled,2022-07-24T04:14:41.000Z,0,8.0.7,https://apps.apple.com/in/app/blinkit-grocery-in-10-minutes/id960335206
9392137213,app_store,IN,vista 12,5,Complaint,"I am a repeat customer of Blinkit and on an average make 2 to 3 orders per day. I had a concern regarding items in glass containers. When are delivered they are wrapped in bubble wrapping but I have received broken items twice. The first time I happened to open the bubble wrap and check and found the issue and blinkit replaced it however the last time I ordered two bottles of organic coconut oil. I saw the bubble wrap and placed them in storage assuming they are safe. The weather here being cold, there was no leak either. Today I opened them and found both were broken. I called blinkit but they said that as the 7 day window had passed they wouldn’t be able to do anything. Two points 
1. Very disappointed with blinkit as I thought they would look at a customers order history and value return customer who order almost twice a day. 
2. Maybe a point to take back to your delivery partners on glass containers to be extra careful.",2022-12-13T14:42:29.000Z,0,8.5.0,https://apps.apple.com/in/app/blinkit-grocery-in-10-minutes/id960335206
12597678303,app_store,IN,monika.pansari29,1,Murshid Ansari,"This person came for delivery, but was extremely rude and misbehaving as he had to wait only five minutes for me to approve on my gate because of some technical issue in my phone. Following that he took the order back and once I received a call, he said that he’s going to take the order away. And keep it with himself. If I don’t cancel the order, he kept saying that he’s not going to come back and deliver the order. He asked me repeatedly to cancel the order, and if I don’t cancel, he will keep the entire stuff with himself as the payment has already been done. This was extremely annoying experience from Blinkit delivery boy early in the morning. I called him back and kept asking him to come back. He said that he’s not going to come back to home for delivery as I threatened him for giving his complaint. He finally delivered at the main security gate. This kind of threats I am not sure how many customers are facing that we are going to keep the entire stuff as the payment has already been done and we are not cancelling the order. This is completely unacceptable and I am complaining against this person, Murshid Ansari to take some strict action against him",2025-04-29T01:54:14.000Z,0,17.09.0,https://apps.apple.com/in/app/blinkit-grocery-in-10-minutes/id960335206
10293272000,app_store,IN,Poorva S,1,Big loophole with the delivery,"I've been a loyal customer of blinkit since couple of years now, and today I've realised that whatever I'm ordering, I'm not receiving all of it, this was after my maid pointed out to me that the vegetables that I'd ordered aren't available. That's when I realised they were missing and on complaining about it, they say we have to complain within 24hrs. 1. Why is it not mentioned anywhere on the app?? 2. Why does your customer need to check the items once they are received? Can't Blinkit be trusted with that as a brand? 3. Why can't you simply keep track of what's being delivered, and if something isn't delivered, notify the customer about it? And for god's sake not charge us? Just like all other online platforms do. 4. Why would you charge the customer for it? It could be a minimal amount, but that's completely wrong. Y'all won't even deliver the missing items or provide refund, extremely unfair. If this was done by a simple shopkeeper, this translates into robbing someone off of their money. If this is a strategy or a loophole, nobody buy you guys are earning a hell lot out of this and customers seem to be siloed and paying you for your mistake.",2023-08-24T07:56:45.000Z,0,15.16.1,https://apps.apple.com/in/app/blinkit-grocery-in-10-minutes/id960335206
12614363585,app_store,IN,Saakshij,4,you cant cancel or modify the order even in few seconds after placing the order,"Blink it has arrived in our city a few months back & I was really happy to order from here as the market is far away from my home. But I did not like the service quality of the app. Today I mistakenly clicked on place order & my cart order which contained item for worth Rs 15 was placed for Rs 72(including small cart fess & delivery charges). Within few seconds of placing the order I reached to chat support to cancel or modify the order but they did not allow. I am not satisfied with this service quality. All delivery apps allowed us to cancel the order within 2-3 minutes, but blink it doesn’t even allow to modify the order.
Moreover they randomly increase the prices of items & then show them in sale. I had been ordering coconut water for Rs 75 per piece last month and now they are providing it at Rs 81 & still showing on 20% discount. It is available in market at Rs 70 maximum. Very poor service.",2025-05-03T12:16:20.000Z,0,17.09.1,https://apps.apple.com/in/app/blinkit-grocery-in-10-minutes/id960335206
11945483715,app_store,IN,60 pluss,5,Blinkit Service,"I have been shopping from Blinkit for few months- frankly being 60+ I was too enthusiastic in the beginning. However ordered once and then liked it and then onwards continuing. There service is really fast and ordering is simple on click of button. I am surprised at the detailed information available against each item- I am sure the Team Blinkit headed by Me. Goyal has put in lot of efforts in identifying, grouping and detailing of so many items and it must be continued efforts. I have two suggestions 
1- It doesn’t matter if items are delivered in 10 minutes or 30 minutes- safety of delivery boys is must
2 - Economy of smaller places can affected if local Kiryana shops go out of business- I can see that generation of my sons are going to be addicted to online shopping. So find out some solutions that Children of shopkeepers of smaller shops don’t have to pay for lethargy of my son’s Generation. 
Thanks",2024-11-13T13:49:16.000Z,0,16.22.0,https://apps.apple.com/in/app/blinkit-grocery-in-10-minutes/id960335206
13898787200,app_store,IN,Vaidika Kashikar,1,They sell rotten packaged foods and manipulate through their app for refunds,"I am extremely frustrated with Blinkit!!!! They delivered rotten cheese to me, which was completely unusable and unsafe to eat. This is already a serious issue, but what made it worse was how they handled the situation afterward. Instead of giving a proper refund, they kept showing messages in the app saying that the refund had been processed and would reflect by March 25???

Today is March 29, and I still have not received any refund!! There is no clear update, no proper response, and no accountability from their side. It feels like they are just trying to delay and confuse customers instead of actually solving the problem. This kind of behavior is very frustrating and unfair!!

When a company makes a mistake like delivering spoiled food, the least they can do is fix it quickly and honestly. But Blinkit failed to do even that. I trusted their service for convenience, but this experience has completely broken that trust. I will think twice before ordering from them again and would not recommend their service to others. This is not done at all!!! At least somebody should respond!!",2026-03-29T05:40:58.000Z,0,18.54.1,https://apps.apple.com/in/app/blinkit-grocery-in-10-minutes/id960335206
13360163161,app_store,IN,Siddharth__,1,Failed customer support,"I and my family used to relie on this for any item possibley present on the the app, from grocery items to household and everyother daily need. While we have entertained with number on orders in time with something really unexpected happend today. I got and order which I prepaid for a watch. When I eecieved it was already scraty and worn before with box open and used as well, while the other item I orederd came in well manner. I have faced this one or twice before which bound to happen in any end user experiencing business. What I am surpirsed is the blinket support which never failed to sort out these things in best possible fashoin in my prior experienced declined this time stating they check the order before dispatching and there's nothing in there hand now. I am not expecting a return or replacement as I understand frogery happens in these cases and it might not be very profitable for a business to entertain all the cases with a refund or replacement. But the audacity of support responses is what I feel truely betrayed by. So here I am writing this and uninstalling the app once in for all, will be suggesting each one in my circle as well. Thankyou",2025-11-05T15:21:10.000Z,0,18.04.2,https://apps.apple.com/in/app/blinkit-grocery-in-10-minutes/id960335206
13270872515,app_store,IN,Santoshi B,1,Worst customer service,"Incorrect order has been delivered thrice to me and when I raised this concern, there was a standard response that the ordered item is out of stock and that it will be picked up immediately which they do but the refund will not be prompt. First of all, if the ordered item is not there, customer needs to be informed and not be provided with another item of your choice. Secondly, if the customer had raised this issue, you need to compensate for wasting their time. Picking up the wrong item will not resolve the issue. Thirdly, if the customer is showing you proofs that it has been happening repeatedly, OWN it up and compensate. You need to compensate when you are charging exorbitant prices for delivering an order. If this cannot be done, am sure that you will be losing all the loyal customers soon. Am sure, there will be a standard response from the team apologising and asking me to write a mail to their support time.. if it’s the case, please note that, it’s not my responsibility to write a mail to you. I had raised concerns and escalated it multiple times and every time got the standard response that the incorrect item will be picked up",2025-10-15T19:19:33.000Z,0,18.03.5,https://apps.apple.com/in/app/blinkit-grocery-in-10-minutes/id960335206
10514373329,app_store,IN,Amchawla,1,Items ordered and paid however the right quantity is not delivered.,"I ordered few items today evening and got the same delivered as usual. However, this time I checked if all the items are there or not and for all you know there was a missing item. The item was Lion dates and it was on offer ( 1 on 1). 
Only 1 packet was delivered. I called up the delivery guy but he didn’t take the call. Then raised the complaint on the app. To my surprise, the executive tells me that I can only take a complaint and make sure this doesn’t repeat again and asks for my cooperation. He says he doesn’t have an option of getting it delivered again or a refund. 
This is super convenient right. Don’t deliver and ask for cooperation. This way they might keep all the 1 on 1 items and sell it to other customers. 
I’m a regular customer ordering may be 2-3 times in a week. Similar incident happend with me earlier as well but that time gave benefit of doubt and continued using the app. However it happened again today which surely means that the workflow is not correct and there are  no checks and balances in place. 
I’m sure I will shift to a Zepto or Bigbasket going forward.",2023-10-25T16:14:39.000Z,0,15.23.0,https://apps.apple.com/in/app/blinkit-grocery-in-10-minutes/id960335206
11293174324,app_store,IN,tejgunda,2,No customer support,"I already rated with one star and searched to get none star as well
There is no customer support option in this blinkit, the virtual chat is absolutely useless, it’s already fed things with their comfortable options in the robotic chat so if you lost something from your order you will never get any option to report them what you have lost. Dear useless blinkit team don’t you think this much customer friendly support option while operating such a big business. I reported the loss of one item of Rs 299 from the delivery items, no one from this useless app responded back, there’s no customer care number.
Delivery is so quick no doubt about that, but be vigilant. One kg onion cost is just Rs 20 in my neighbour street just at the next door, where as blinkit offers you at Rs 39, we never care that they are looting us. We enjoy the delivery within 12 min. Already we are being fed our bodies with lots of junk food, at least make few steps to purchase our urgent groceries and let’s burn few calories. The big idiots like blinkit are always ready to loot us and makes us fools.",2024-05-22T02:52:46.000Z,0,15.50.1,https://apps.apple.com/in/app/blinkit-grocery-in-10-minutes/id960335206
4117028701,app_store,IN,VG0047,1,"Pathetic service , 12 days for a simple delivery (items not yet delivered)","I placed an order for a few items on 1st may ,initially the delivery date given was 5th may . On 5th may the order status displayed that it has been packed and is ready to be delivered but the order doesn’t arrive at all and the delivery slot is pushed to 8th may . I was a little disappointed but felt i would wait out a couple of days . Now on 8th May i get a message that states that due to some ‘operational issues’(this was the same reason they provided for not delivering on 5th may )my delivery slot has been pushed to 13th may . Firstly the items i had ordered were mostly necessities that should’ve been delivered in not more than a couple of days since the location where i live is quite accessible. Secondly , they don’t provide any option for interacting with  any customer care executive via the app itself and furthermore there is no choice of selecting any time slot of your choice when the order is further delayed ( heck do the time slots even make sense since their employees almost always deliver items according to their leisure and not the allotted time slot ) . Thirdly when i check my cart list 5 items from my list are shown to be unavailable (after 6 days of waiting for the order) , i mean y’all require 12 days for a delivery and can’t even get all the items right , this has been one of the worst experiences of ordering groceries online for me . Also this hasn’t happened the first time using your app. On my previous order the same thing had happened with the delivery happening almost after being delayed twice . Now the real question is why should i continue using your app when i can get all the items at a little higher rate from a nearby shop then waiting for 12 days to have them delivered at my place .",2019-05-08T05:12:01.000Z,0,4.2.0,https://apps.apple.com/in/app/blinkit-grocery-in-10-minutes/id960335206
9373832863,app_store,IN,raajnv,5,Improper customer care,"I went in to chat option for reporting a complaint on today’s order. Unfortunately customer has the only one option (chat) to file the complaint. There also, you cannot type your problems.. you must select the options given by Blinkit. Blinkit will ask the photograph of delivered groceries.. there will be the option of add only one photo for which Blinkit will say ‘ picture is not clear. Send clear photo’.. There will be no option to take the photo again if you intent to take another shot. Thats all. We need to repeat the whole process. But no use and we will get the same reply. We don’t have other options like calling their executives.. Such a fantastic customer care, Blinkit has. Hence, it’s your luck if you receive quality groceries through Blinkit as per your order. Otherwise don’t expect any help from so called customer care of blinkit….",2022-12-08T12:30:03.000Z,0,8.4.2,https://apps.apple.com/in/app/blinkit-grocery-in-10-minutes/id960335206
10347460107,app_store,IN,RimzimS123,1,Most pathetic service by Vaishali customer support,"I ordered for few items on app today morning . App was showing order will be delivered in 6 mins but there was no response for good 25 mins . I contacted customer support , agent Vaishali was assigned . She took good 8 mins to check the order status and then replied to me that she does not know where the delivery person is neither she can tell me time frame . She also said that she does not know time frame and suggested me to cancel the order . She again asked me to if I am confirmed to cancel the order and within one second she cancelled my order without waiting for my response . And the delivery boy was standing at my gate with the order and refused to hand me over the order stating that I cancelled . What an irony , she made me wait for 8 mins to respond where the delivery boy is and gave me a false information that he is taking lot of time and she can’t tell me time frame and she cancelled order on her own without even giving me one second to reply . When I asked her to assist me she said she does not have authority . What a poor and pathetic service . I will never order or recommend people to get fooled on blinkit .",2023-09-08T16:54:04.000Z,0,15.18.0,https://apps.apple.com/in/app/blinkit-grocery-in-10-minutes/id960335206
4745864841,app_store,IN,L@LIT82,1,Can't edit delivery timing,"First of all they do not deliver groceries at the promised delivery slot. The delivery slot will then be revised automatically by the server to a slot which is not suitable to you, and when you try to edit the delivery slot it either says that you will be charged money or you cannot edit the delivery slot itself. The result is the delivery man goes back and then once again the groceries are not delivered.
This is a vicious circle, and sometimes important/urgent groceries are not delivered even after 1-2 weeks of placing order. Their GOBD sale is a perfect example. Where they take too much orders and the delivery capacity is 1/100. Sometimes the delivery is allocated to wrong persons too ( not related persons or persons responsible for some other delivery zone), by the server.
Overall pathetic delivery experience, you cannot order urgent groceries (required in 1-2 days) with them. Meat products are also delivered at normal temperature, which creates a question mark on their delivery process.
These feedback have already been communicated to them several times thru chat on their app, however what we get is standard copy paste replies from them, which is not at all concerned to your actual issue.",2019-09-08T03:02:09.000Z,0,4.3.0,https://apps.apple.com/in/app/blinkit-grocery-in-10-minutes/id960335206
14235990787,app_store,IN,Le@34,1,Worst experience,"I had one of the worst customer service experiences with Blinkit. I ordered a steamer worth ₹3,673/-and it was delivered in a damaged condition. I immediately contacted customer support, shared clear photos and videos as proof, and the first support executive confirmed that I would receive a refund.
However, shortly afterward, another support executive took over the case and completely changed the decision, saying a refund or replacement was not possible because it was “not covered under their policy.” This is completely unacceptable. How can two customer support representatives give completely different answers for the same issue?
I paid ₹3,700 for a product that arrived damaged, yet Blinkit refused to take responsibility. Delivering a defective product is bad enough, but giving customers false hope and then denying a resolution is even worse.
This experience has made me lose trust in Blinkit. I will never purchase expensive products from them again, and I strongly advise others to think twice before ordering electronics or high-value items. If something goes wrong, don’t expect Blinkit to stand behind the products they sell.",2026-06-28T08:16:37.000Z,0,18.65.0,https://apps.apple.com/in/app/blinkit-grocery-in-10-minutes/id960335206
12016394669,app_store,IN,Jhalak kataria,5,"Good service, fast service, quality number 1","Happy with Blinkit service 🥰😍😍 Blinkit (formerly Grofers) is an excellent platform for anyone who values convenience and speed in grocery shopping. The app offers a wide variety of products ranging from fresh produce to daily essentials, all delivered right to your door. The delivery service is impressively fast, often arriving within an hour, making it a great choice for last-minute needs or busy schedules.

The user interface is clean and easy to navigate, and the app often has great discounts and deals. Customer support is responsive, and the overall experience is reliable. Blinkit’s integration of local stores helps ensure that you get fresh, quality products without the hassle of physically going to a store.

Whether you’re looking for groceries, snacks, or household items, Blinkit has consistently delivered a smooth, hassle-free shopping experience.",2024-12-02T07:39:03.000Z,0,16.25.3,https://apps.apple.com/in/app/blinkit-grocery-in-10-minutes/id960335206
13339403261,app_store,IN,Khadijah Kapadia,5,Outstanding Experience — Blinkit Deserves All the Love!,"Blinkit has truly transformed my daily life! It’s not just a delivery app — it’s pure convenience, reliability, and joy wrapped together. The way they deliver everything in just 7–10 minutes, no matter the time of day, feels magical. Every product I’ve ever received has been fresh, top-quality, and perfectly packed, showing how much care goes into their service. Their huge discounts, polite delivery partners, and super-smooth app experience make shopping effortless and enjoyable. Blinkit has made my routine so much easier — from last-minute groceries to emergency items, they never fail to deliver (literally!). I can’t imagine a single day without it now. A massive thank you to the entire Blinkit team and the hardworking delivery partners who make life simpler and brighter for so many of us. You guys are doing an incredible job — please keep shining and growing! 💙✨",2025-10-31T20:40:13.000Z,0,18.04.2,https://apps.apple.com/in/app/blinkit-grocery-in-10-minutes/id960335206
10016027570,app_store,IN,ashwiniman,5,Stale product,"I had ordered wow momos of corn and cheese on 2nd June , when I opened it it turned out to be stale thought the expiry was of 2024, when I informed them , they said they cannot take up the matter as it has the complain has to be registered within 3 days , but they sent me another package of momos of half the price of Darjeeling , which no one eats . I complained to them that night itself but they said they can’t help as store is closed , so I have to follow up next day but on continuous complain from the past 3 days they are telling that matter is closed .
It’s not the first time that I received an stale product but as the ordered product was pricey this time , I thought to inform them so that they can resolve it but instead they are shutting me off.

Blinkit is not worth. At least kirana store doesn’t afford to keep stale product, as they will loose the customer but Blinkit doesn’t care about it.",2023-06-09T16:00:55.000Z,0,15.7.1,https://apps.apple.com/in/app/blinkit-grocery-in-10-minutes/id960335206
12297565945,app_store,IN,Pikku15,1,Extremely Disappointing Experience with Incorrect Order,"I had an incredibly frustrating experience with Blinkit. I ordered 2 kg of carrots, at night but only received 500 grams. When I contacted customer support and share the picture , their response was completely inadequate.  Not only did they try to claim 500 grams was ""close to 1 kg,"" but they only offered a partial refund.
I told them I didn't want a partial refund. I wanted either the correct order delivered or a full refund.  It's not my fault they sent the wrong order.  Their customer support then told me they have a policy where they cannot issue a full refund, even when they are at fault for the error.  This is unacceptable! Why should I, the customer, suffer for their mistake?  A partial refund for an order that was only a quarter of what I requested is essentially fraudulent.  It's completely unfair. My experience was incredibly disappointing.  The incorrect order, combined with the unhelpful customer service and their unacceptable partial refund policy, makes this app unreliable and customer-unfriendly.  Being offered a partial refund for their mistake feels like a scam.",2025-02-11T09:20:25.000Z,0,16.36.0,https://apps.apple.com/in/app/blinkit-grocery-in-10-minutes/id960335206
12788519692,app_store,IN,Dr VGJaipur,5,Order Cancelled after waiting 3 hours,"I have placed an order for some print outs for my nephews project and some snacks. After an hour of placing order, I raised a query and I was told that we will receive it after 10-15 mins, after waiting for about her 1 hour we again raised a query and were again told the same thing, the executive asked me that was I willing to cancel the order, to which I said No as the little boy was eagerly waiting for his prints. 40 mins later I left home assuring this 6 year old that he will receive the order in some time and when I came back after one hour, I realised that they have cancelled the order. When I raised a query for the same, the executive were like that they cannot do anything about it. It’s a pathetic experience and Blinkit is getting worse with each passing day. Please stop using the tagline, last min app.",2025-06-18T12:12:27.000Z,0,17.16.0,https://apps.apple.com/in/app/blinkit-grocery-in-10-minutes/id960335206
14073353750,app_store,IN,zubaidaM8,1,Poor experience scammer,"So, I was out for my work and some guest came at my home, my mom said to order from Blinkit I did but accidentally I choose the wrong address i paid the amount so I cancel it order again with my house location and asked Blinkit for refund they said some cancel fee will be charged and you’ll get the refund I agreed because it was my mistake, so with in 1 day I’ll get amount they said but. Didn’t got any amount . I was like ok fine but 2 months before i buy sunflower oil 13kg for the first time and tbh it came in good condition but once it over recently I repeat my order again and when it came it was danger, not in a proper box and it was open already and all the oil was coming out like someone try remove some oil . I asked Blinkit to replace or refund, they said they dont have the product so will refund and I said okay and she said I’ll be getting my refund after 4-5 days . I waited, but yet I didn’t got my refund back nor I have contact to call them . I’m requesting everyone if you guys buy anything don’t go for online option they literally don’t giving you the refund amount",2026-05-17T03:46:47.000Z,0,18.60.0,https://apps.apple.com/in/app/blinkit-grocery-in-10-minutes/id960335206
9073213086,app_store,IN,sats satarupa,1,Very low quality product they delivered,Lowest experience i get frm Blinkit I ordered wheat pizza base n oregano on 29th august dated n both products r closed to expiry date thn I raise complain and I want my refund back to my bank account So they R return back the product from my end and asked me to share my account details so I can refund my Barsha amount in my own bank account so I shared the same to the executive customer care but they are refund me on their wallet balance so it’s very cleverly done by them because I already told that customer care I cannot buy anything from Blinkit so they are added my money on Wallet soUntil and unless I have to buy from there end…. now when I check my pizza base then I saw One insect is Dia on the packetAnd support team told me we can’t do anything because it’s over seven days…. It’s no doubt about delivery system because they are too much faster related to delivery An much faster to assist their customer over the messages over the call with chat…. Because of product quality I must be give 1*to  Blinkit…. as well as I can give five star to the delivery system and  customer service aslo thank you….,2022-09-11T06:40:08.000Z,0,8.1.6,https://apps.apple.com/in/app/blinkit-grocery-in-10-minutes/id960335206
12072874607,app_store,IN,Binay.Nov.21,5,Overcharge on customer by splitting orders,"I placed an order for grocery items today that was eligible for free delivery. But I have been overcharged because you have levied delivery charges on this even though I placed a single order and you have split it, levying delivery charges on one of the two orders ( this has been happening for the last two days) . I have given tip on both the deliveries which I am happy to do to help the delivery boys, but I am not okay with paying Blinkit delivery charges on an order split by them, without first giving me the option of not buying something that is not available in the nearest store. In fact the other items ( regular grocery items) would also have been available in the second store so you should have placed order for all the items on a single store instead of splitting it. Please modify your software.",2024-12-17T06:43:11.000Z,0,16.27.2,https://apps.apple.com/in/app/blinkit-grocery-in-10-minutes/id960335206
11010467995,app_store,IN,FlameBladeGG,1,Team of Cheaters,"My bill was for 6 items and they quickly delivered 5 items in a sealed pack and ran away, cannot reach them on phone they call me for delivery. Out of Rs 855 bill Rs. 300 item was missing. I had to initiate a chat, and then received a call saying we don’t have stock of the item so they did not send after taking money for the product. They say they will refund after I follow-up, they don’t even have a system to take orders only for the stock, nor they have the curtesy to inform they stock is not available. Simply deliver and runaway hoping the customer does not notice. I have used their service a couple of times in the past, now I fear, if the quality was right or not! their service is very useful but of no use if the customer is being cheated deliberately by not delivering items after taking money, they don’t even share a bill copy along with the items, strange. Horrible experience and lost almost 1 working hour in the office. Now I hope at least the refund will happen it like Blinkit. To save 20 mins I lost 1 hour, could have walked down to store instead. Sharvan",2024-03-05T10:56:18.000Z,0,15.39.2,https://apps.apple.com/in/app/blinkit-grocery-in-10-minutes/id960335206
9025948404,app_store,IN,Dr. J Techi,4,Deal with better vendors or brands.,"I love the services BLINKIT provides, it’s unbelievable. But there is only one issue so far I have been experiencing, not only from BLINKIT but from other online grocery stores app too, but customer support in BLINKIT has been far better than I know or have experienced. The problem is in the meat section, I think if they could stop taking meat from CHEF-I-GO. it’s products are always bad and even getting worst. I don’t know how many have experienced it but, the chicken I ordered from this brand has always been spoiled or rotten chicken for me, either I order it from Zepto BLINKIT or instamary Swiggy etc. so I request BLINKIT to stop trading with CHEF-I-GO brand. Today I ordered curry cut chicken and first order was pungent smelling and ruined my whole mood to cook chicken. And customer support reordered on my second request and again it was with the same issue. So dear, CEO’s or members of the board or any executive members please look upon this issue.",2022-08-28T10:06:20.000Z,0,8.1.3,https://apps.apple.com/in/app/blinkit-grocery-in-10-minutes/id960335206
8936823680,app_store,IN,Vipul Trivedi,1,Wrong address selection by blinkit app,"This app provides a quick delivery but the delivery address selected from my side was correct but due to malfunctioning of this application it automatically took my home address for delivery though I selected my work address manually and the same is reflected in my billing report while placing the order and the delivery man called me after reaching my home address to which i told him that this order needs to be delivered at my work place as i have chosen my work place address while placing the order to which he replied that we only deliver upto 3 Kms from the pickup point and then i told him to deliver it to my work address as that is the delivery address not my home location.
The problem is in blinkit application while selecting the delivery address though the customer is choosing the correct address while placing the address and the same is reflected in the billing report too but the delivery man is delivering the order to my home address as the app is selecting the wrong address automatically I and as a result I being the customer and delivery man both had to face the problem.",2022-08-02T09:43:34.000Z,0,8.0.9,https://apps.apple.com/in/app/blinkit-grocery-in-10-minutes/id960335206
11234076668,app_store,IN,Sunil8787,1,Rude Behaviour from delivery person,"I give 1 star ! It’s our fault that we have become so lazy to go out and buy stuff and we are taking comfort at availing this kind of service they are encashing our laziness! So these delivery people are so rude and careless! As I ordered ice cream to my son as I was out of the home ! Delivery guy was supposed to deliver it asap as it’s ice cream and will melt soon and the store is hardly 400 mtrs away from my home ! I kept waiting for delivery as he was taking too long ! I was watching in map and was tracking his route he went on to deliver to other orders on the way to my home to 1 km away delivery I called him n asked why weren’t u deliver my stuff on the way as I have ordered ice cream which will melt , he answered me so rude that he told me to wait or do whatever I want to ! This is so annoying that we pay them delivery charge and get back such a behaviour from delivery service! Pathetic service! Stop using such service they make money out of our needs ! And make a us Lazy ! To get this kind of treatment! I will suggest you guys don’t be lazy try to get out of ur home and get stuff on your own!",2024-05-05T08:26:45.000Z,0,15.49.0,https://apps.apple.com/in/app/blinkit-grocery-in-10-minutes/id960335206
10202659174,app_store,IN,rahkihs,1,Extremely Dissatisfying Experience,"I regret to share that my experience with the Blinkit app over the past three months has been consistently disappointing. The issues primarily revolve around frequent offline status and significantly prolonged delivery times, which have not lived up to the promised service level. First and foremost, Blinkit's app has been offline on multiple occasions, making it frustratingly unreliable. As a user, I expect a seamless experience with minimal downtime, but unfortunately, Blinkit has failed to deliver on this front. Additionally, the app's delivery times have been far from the 10-minute window initially advertised. Instead, orders have taken anywhere from 25 to 60 minutes to arrive, which is significantly longer than expected. This prolonged waiting period has caused considerable inconvenience, especially during time-sensitive situations. Moreover, the services provided by Blinkit have been consistently subpar. The quality of customer support is lacking, with slow response times and inadequate assistance when resolving issues. As a customer, I feel that my concerns have been overlooked, and the lack of attention to addressing service problems is deeply disheartening. Overall, my experience with Blinkit has been nothing short of appalling. The app's frequent offline status, prolonged delivery times, and inadequate customer support have eroded any trust I initially had in the platform. I had hoped for a reliable and efficient service, but instead, I have encountered continuous frustration and disappointment. As a result of these ongoing issues, I am compelled to give Blinkit a one-star review. I sincerely hope that the company takes these concerns seriously and takes immediate action to improve its services. Until then, I regretfully cannot recommend Blinkit to others seeking a reliable and timely delivery app.",2023-07-31T09:12:49.000Z,0,15.12.0,https://apps.apple.com/in/app/blinkit-grocery-in-10-minutes/id960335206
12983692835,app_store,IN,Sahil00619,1,Poor Customer Service and Unfair Cancellation Charges,"I recently placed an order but realized shortly after that I needed to change the product. I immediately contacted customer support to request the change. Instead of assisting with a modification, I was only offered a refund option—with a ₹20 deduction for cancellation.
This seems unfair, especially considering the delivery partner hadn’t even picked up the order from the store at that point. It’s disappointing that a basic change request led to a penalty when the order hadn’t progressed far.
To make matters worse, your customer executive, Fabeha, was unprofessional and abruptly disconnected the call. This kind of behavior from a support representative is unacceptable and reflects poorly on your service standards.
The refund process taking 3–4 days for such a small amount adds to the inconvenience. I request you to review your cancellation policies, especially in cases where immediate changes are requested, and ensure your support staff handles queries respectfully.
I hope Blinkit takes this feedback seriously and improves both customer service and refund handling.",2025-08-06T16:41:55.000Z,0,17.21.3,https://apps.apple.com/in/app/blinkit-grocery-in-10-minutes/id960335206
13612502138,app_store,IN,Albanian tigers,5,Super disappointed,"Hi we have been ordering from blinkit for a very long time and we have been noticing that we are getting send spoiled/inedible/ damaged products. I personally love blinkit so much but our delivery exiperience has been so awful lately in which we’re so disappointed. I had ordered the milma milk for an emergency not only did we notice that the milk was spoiled but also for delivering it it took so much time. We have also noticed that for delivering 1 or 2 products you guys take like 30 to 40 minutes. We have also experienced the same with our other few purchases. Honestly we are very much disappointed with this app. It’s basically false advertising, things that are supposed to arrive in 10 minutes are taking 30 minutes or more which is not at all acceptable. Sorry blinkit lately a very dissatisfied experience.",2026-01-09T09:22:42.000Z,0,18.10.3,https://apps.apple.com/in/app/blinkit-grocery-in-10-minutes/id960335206
10605624811,app_store,IN,aditins559,5,Awesome services By blinkit,"Today my order around 10:30 PM was delivered surprisingly in 3 mins 😳 I have been ordering on Blinkit since a couple of months now and I must say the experience has been super awesome and I have moved completely to blinkit from instamart . Deliveries are always made on the allocated 10mins time and even before that . Products delivered are always in a very neat packaging and all the deliveries has been top in quality and expiries were far off . I was initially reluctant to order on blinkit because of all the negative reviews I read on LinkedIn . However, after making an initial order of a small amount, my confidence gained. And, gradually I moved over from instamart to Blinkit because of better pricing and a single slot delivery of the entire order and the before 10 mins bonus I am based in Bangalore . So, my review is based on the order delivery in Bangalore .",2023-11-20T13:23:16.000Z,0,15.27.2,https://apps.apple.com/in/app/blinkit-grocery-in-10-minutes/id960335206
13287966843,app_store,IN,Baani0701,1,Complaint Against The Blinkit Service,"I want to write an complaint against the blink it service as today was my mother’s birthday and I ordered for her through you app with my faith of your good services but it took too long for the order to deliver so I connected with the chat support but the agent named Archika she abruptly closed the chat and she asked to either cancel the order or reorder it ( when the time was already passing by) when I told her it my mother’s birthday present so that she can understand the importance but she didn’t even bother to acknowledge it she again told me to cancel the order, it was so heartbreaking for me to cancel the order as I asked her to keep awake and wait for the present I asked her to be ready she was that excited to get the ride she was standing at the doorstep to receive I was to hurt and disappointed to let her know that the order couldn’t go through I had to cancel it because of your poor service and delivery partner I need this to be highlighted I’m so disappointed my mother’s birthday is about get over and unfortunately I wasn’t able to make her happy.",2025-10-19T18:54:35.000Z,0,18.03.7,https://apps.apple.com/in/app/blinkit-grocery-in-10-minutes/id960335206
12951302088,app_store,IN,drtyeyeball,5,Better than all its competitors!,"I’ve used everything from SWIGGY Instamart, Zepto, and Big Basket, Blink it stands out for its consistency. I’ve had problem with almost all the other platforms because things are usually cheaper on them by a few percent. But this might be the most expensive of them all, it really is worth it. Keep in mind I live in a very populated areas with all the warehouse literally 5-7 mins away from me, literally all of them show 5-7 mins on the app because they’re all right next to my area. Somehow Blink it really makes sure the customer has the most options and variety and availability of different sorts of products. 

This is not a paid review or anything, a pop came to rate the app, ignoring it like usual but not today. Felt like I’ve used it for a while to leave a proper review. A long term (3-4 years) customer review.",2025-07-29T16:57:35.000Z,0,17.20.2,https://apps.apple.com/in/app/blinkit-grocery-in-10-minutes/id960335206
5965532583,app_store,IN,shweta grover,5,Pathetic delivery service,"No doubt tha shopping experience was great however the delivery service was totally pathetic. I understand due to covid-19 they are not allowed to give orders in hand how eve door step  service means leaving the package on the door . Here the guy called me and ordering me neeche aa jayo order laine . Very first thing if he would have been polite I would have gone downstairs n would have offered him done water but unfortunately he was ordering me mam I am leaving package on stairs . How rude was his attitude if they cannot work politely I dnt think Grofers soon be termed as brand koz of rude employee. The guy was actually arguing with me unnecessarily. 
They are lot of ppl out there who are part of essential services provider but no one is forcing them to work it’s their personal responsibility to work and earn bread n butter for the family . So, if they have choose to work plz train them to be polite",2020-05-19T12:39:23.000Z,0,4.4.6,https://apps.apple.com/in/app/blinkit-grocery-in-10-minutes/id960335206
9816616531,app_store,IN,bdndhebjeksbduajbdh,5,Product and delivery issues,"This days ordering from your app is very risky, order something and got delivered something else, if I m requesting for replacement or refund there is no response,
Secondly delivery timing is always delayed, along with those very unprofessional behaviours  of delivery guy’s, 
Yesterday’s order was delivered by the TL  of the company he himself said, I haven’t even asked for his introduction I just told him my flat is in third floor I m opening the gate please come to my door.
He said I m the TL of company and I had some operations so I can’t come, then I asked him to keep it in lift and press the third floor, but he was very unprofessional and I didn’t asked him personally to deliver the product, if he is accepting the order then I really don’t care who deliver the product, I had paid for the product and I simply want my product to be delivered as promise by your app.",2023-04-13T08:34:49.000Z,0,15.0.8,https://apps.apple.com/in/app/blinkit-grocery-in-10-minutes/id960335206
12320853882,app_store,IN,JyotiRohilla,1,Very very very poor customer service ooo sorry to say.. you don’t have that,I ordered two indoor plants and received withered plants i tried to return the order but in support no response I received every time they said due to surge queries we cant give response write an email to us. I have written more than 10 emails and sent pictures as well.. but blink it customer care is so poor they cant even mentioned helpline number and if somebody genuinely received damaged product then how he can do???  I haven’t seen any other app doing this kind of stufff with their customer. Worst experience i had yesterday.. thts why other apps are going ahead from blinkit. Other apps provide immediate solution for that but blinkit doesn’t even respond to their customers. So fed up from everywhere from support as well as from email i had to come here to write google review. Very disheartening experience. People should see before ordering stuff from blinkit that if you received wrong or damaged product they will not provide any solution. Solution to door ki bat hai they doesn’t even talk to you,2025-02-17T06:49:51.000Z,0,17.00.1,https://apps.apple.com/in/app/blinkit-grocery-in-10-minutes/id960335206
12411029977,app_store,IN,Shetketu Mitra,5,Extremely Unreliable Service – Avoid for Printing Needs,"I had a terrible experience with Blinkit’s printing service. On March 11th at 11:18 PM, I placed an order for 177 pages to be printed. After waiting for over two hours and multiple chats with customer support, I was informed at 1:15 AM that the store was closed, and they would refund my money.

Today, on March 12th, I decided to give them another chance and placed the same order at 11:58 AM. Now, at 2:13 PM, I’m being given the option to either wait indefinitely or cancel the order for a refund.

What’s the point of offering a Printing Service if you cannot fulfill orders consistently? This is incredibly frustrating and a complete waste of time. Blinkit seriously needs to improve its service or remove the printing option altogether. I would not recommend relying on this app for any urgent needs.",2025-03-12T08:54:46.000Z,0,17.02.2,https://apps.apple.com/in/app/blinkit-grocery-in-10-minutes/id960335206
9196425520,app_store,IN,sanjay730,1,Worst customer service experience for spilled and near to expiry product.,"Dear All, Now days blinkit and their partners are making fool people. I am ordering items from blinkit on regular basis 2-3 times in a month . My order minimum amount would be 2000+ /- and I am expecting quality assurance from blinkit side. But in each order their partner is sending every time spilled and near to expire items for which I was raising refund request which was given by blinkit . But In my last order they refused to give refund just because they are saying I am raising same type of request, rather than improving their service. They are saying it’s my fault. I order pointed gourd and brown bread along with 28 other items. Pointed gourd is spilled and in their app they mentioned that brown bread self age is 6 days and they sent me a bread which will expire in two days . Being a customer it’s my hard earned money which I am giving them and I am expecting quality food , product and service. So now I am not going to order anything from blinkit and recommend you to purchase nearby stores. Thanks",2022-10-18T08:29:29.000Z,0,8.2.6,https://apps.apple.com/in/app/blinkit-grocery-in-10-minutes/id960335206
4872505359,app_store,IN,Akanksha269,1,Charged for undelivered items,"I placed order of 13 items with grofers on 30th September and the delivery schedule was after 9:30am the next day but the delivery executive came around 8:00am only. That time I wasn’t around so my husband collected the order. He was not aware about the items and my husband paid him the total amount which was ₹585 (this includes the amount for undelivered items as well). Later when I checked three items were missing but delivery executive took the money for those items also. And also he updated about the delivery at 12:51pm. 
I raise this issue with the customer support through chat. I have been breaking my head with them from last two days but they are not at all supportive and giving contradictory statements. Inspite one customer support agreed with my concern and they are aware of the entire chat but they are still not ready to refund the money for those undelivered items and blaming it on the customer. They don’t pay heed to any concerns shared and take things lightly. And this is the second time I am having delivery issues with them. No improvement is seen in their actions.",2019-10-02T08:33:04.000Z,0,4.3.0,https://apps.apple.com/in/app/blinkit-grocery-in-10-minutes/id960335206
8740276611,app_store,IN,Babasaheb Damale,5,No transparency about surge charges,"They have quick service. But there is a big problem about surge charge. You only get to know that you have been charged surge charge only after the payment. So when I purchased something it showed me item price + delivery charges, so I proceeded for payment using Sodexo. But then I see debit message of more amount than expected and when I checked bill this ‘surge charge’ is applied. This is kind of cheating. You guys must show final amount including surge charge, so that one can decide whether to go ahead with the order or not? This cheating has happened twice with me. I will definitely would like to wait to place the order instead of paying any surge charge. But there seems to be no way of knowing if surge charge is applicable for my order or not. I will opt for more transparent app than this.",2022-06-04T13:24:16.000Z,0,7.1.2,https://apps.apple.com/in/app/blinkit-grocery-in-10-minutes/id960335206
11455931156,app_store,IN,Sunny 1713,3,Urgent Need for Improvement,"I’ve been experiencing several issues with the service lately: 1. **Delivery Delays:** The app initially shows delivery in 10 minutes, but once the order is placed, the time extends to 12-13 minutes, and eventually, it takes 17-41 minutes, even under good conditions. Today, an urgent order took 40 minutes, and the delivery agent was unresponsive and uncommunicative. 2. **Product Quality:** I received a crate of eggs that were mostly spoilt and rotten. This was very disappointing and raises concerns about quality control. 3. **Lack of Customer Support:** The absence of a customer helpline is frustrating. The chat support is slow and less effective compared to a phone call. 4. **Price Increases and Additional Charges:** Prices are high, and the recent introduction of handling charges, along with increased delivery fees, feels excessive. It seems like new charges are being frequently added. I hope the company addresses these issues soon.",2024-07-04T15:57:26.000Z,0,16.01.4,https://apps.apple.com/in/app/blinkit-grocery-in-10-minutes/id960335206
14066101136,app_store,IN,salty__kid,2,No refund,This app was fine and i faced no problems using it but recently I ordered something and there was no  option for COD so i had to prepay and what happened after that was the delivery partner cancelled my order he didn’t deliver my order and said the location is not serviceable although in app my location was totally serviceable and i didn’t receive my order or the money that i payed it still hasnt been refunded to my account which is crazy like why are you doing this to your customers?? Just because of the incompetency of the staff and the delivery partners why do the customers have to suffer i mean no shade to the delivery partners because theyre hard workers but they be doing things their way too and not follow instructions. Anyway im not happy with the experience and i would most definitely switch to other applications over blinkit happily and also this experience to my friends so that they can know about the incompetency of this app too and maybe save themselves from facing this >:(,2026-05-15T06:17:50.000Z,0,18.60.0,https://apps.apple.com/in/app/blinkit-grocery-in-10-minutes/id960335206
9566615278,app_store,IN,rajuben lakum,4,Worst delivery service,The delivery guy kept asking me to cancel the order as the pick up location was far from my house … I was ready to wait as the pick up location was Marine Lines which is max 20 mins from my house by cab … so by bike it wud be max 15 or max to max 20 mins … delivery guy kept saying I will take 45 mins if u are ready to wait I will delivery in 45-50 mins I told him it not that far and also on map it showed only 10 mins to deliver .. he was arguing that it will 45 min or I cancel the order .. I said I’ll wait … he was not moving on the map and was on the same location for 15 mins .. when I checked where he was there was no traffic at all and he kept saying there is traffic and kept asking me to cancel the order … I spoke to the customer service the lady also mentioned that he is very rude to her also … he really harassed us a lot .. worst service ever in my entire life …,2023-01-31T07:15:33.000Z,0,8.5.7,https://apps.apple.com/in/app/blinkit-grocery-in-10-minutes/id960335206
11802633788,app_store,IN,Mising item from box,5,Mising items from order,"Hey sir i m using this app from more then a year but this time i m very disappointed,, yesterday i ordered a griling oven , actually yesterday was my week of n i was planning to make grilled chicken thats why i ordered from blinkit,, i was blindly trust for your app and customer support,, but u guys didn’t help me yesterday because of u guys i loss 3 k and all makeing items,,,,, plssss give me my money refund today only otherwise give me my product replacement,, if u guys can do delivery within minutes then why u guys cant solve my problem within a day,,, I received griling rod mising and without griling rod i cant make anything,,, plssss this is my humble request give me money back otherwise give me replacement 🙏🏻🙏🏻🙏🏻everytime i m doing call n u guys are not taking response everytime u guys saying we will do we will do plsss do now",2024-10-06T05:41:17.000Z,0,16.16.0,https://apps.apple.com/in/app/blinkit-grocery-in-10-minutes/id960335206
11810209520,app_store,IN,Alieesha,5,Worst experience for 2 nd time,"This is my second experience where I have ordered cetaphil face wash and I have received a cleanser, it is truly disgusting of the customer support who don’t have a current knowledge on their own website. They were not able to clear the issue and they were just exiting the chat ……. on the screenshot of chat which I have ordered, it is clearly showing face wash. These people sent me the cleanser and they are convincing me that you have ordered a cleanser itself and the amount for the one cleanser. It is ₹675 for no reason I have wasted two times, and this people are not even bothered for it. I hope the concerned person will look into this issue. Whoever it is you people can check all my transactions related to this Gmail account where I have ordered multiple things every day.",2024-10-08T07:49:11.000Z,0,16.15.4,https://apps.apple.com/in/app/blinkit-grocery-in-10-minutes/id960335206
11750990408,app_store,IN,ullaskmr3,1,Unacceptable Pricing Practices – Lost a Loyal Customer,"I’ve been a regular customer of Blink It for over 3 years, but I can no longer support a platform that blatantly overcharges its users. Lately, I've noticed that prices for almost every listed item are inflated by 20-30% compared to other platforms, which is absurd! It feels like they are applying surge pricing simply because I use the app frequently, which is completely unfair. In most businesses, loyal and repeat customers are treated with better discounts or offers—not penalized with inflated prices!

The app is convenient, yes, but they are not the only option. If Blink It continues to take customers for a ride with such unreasonable price hikes, they will lose loyal patrons like me. It’s disheartening to see that my trust in this brand has led to being overcharged. I won’t be using this app again unless they address this issue and make the necessary changes.

Remember, customers aren’t stupid, and there are plenty of alternatives available. I hope Blink It reevaluates their pricing strategy before they lose more business!",2024-09-22T05:42:28.000Z,0,16.14.0,https://apps.apple.com/in/app/blinkit-grocery-in-10-minutes/id960335206
8665268989,app_store,IN,Dpk1980,5,Much needed!,"(Edited. See update below) Love the service and speed. Quality and packaging have been great too. My only grouse is that there’s no way to give feedback on an order. These great delivery personnel deliver in under 10 minutes! That’s including the 2-3 minutes required to get through security and come up to my third-floor apartment! They need positive feedback when they do well, not to mention praise and a raise from the company!

Update: I had a product quality issue today. Blinkit advertises a lot but the path to issue resolution is almost nonexistent. Their chatbot, called Blinkbot, is a high school project from the 90s. There are no email IDs or phone numbers published in the app, and a human never joins the chat when you express your dissat with the bot. So Blinkit looks awesome until you reach the far end of their service.",2022-05-13T03:35:14.000Z,0,7.1.0,https://apps.apple.com/in/app/blinkit-grocery-in-10-minutes/id960335206
13042915136,app_store,IN,Lleah’s reviews,5,Best app ever!!,"I just love Blinkit so so much as it is just so reliable. As ever my mother has to pack the Tiffin in the morning. She can just rely on this and pack my quickly and also even when I have to get some school printouts because I print does not work. I can just print it out from Blinkit, which is so helpful, so helpful, and I just love this app, honestly, and also that even I can get my stuff from my because tell me one thing that is not on Blinkit. It is literally the best app. People also write reviews that are very good. Very not so good but I honestly say that I love this app on this app is the best app that has ever launched and I also comes very very quickly, so there is no upgrade that I want from Blinkit because this app is Amazing and please reply to my comment because I show a lot of support to it❤️❤️☺️☺️🙂",2025-08-21T11:44:35.000Z,0,17.22.0,https://apps.apple.com/in/app/blinkit-grocery-in-10-minutes/id960335206
12062456217,app_store,IN,Muskanja_in,5,Customer support is extremely poor,Ordered custard apple from blinkit. It was in an extremely bad state with worms in it. I tried to raise the issue on chat but there was no option to talk to the executive. Later on I took a picture and sent a mail. I got a call more than an hour later where the support executive was asking for a video. I said I have already disposed it so she said that we can’t do anything now. After that I told her too see the bad state of the custard apple in picture but she said she should be able to see worms in it. The worms were of the same colour therefore were not visible. I also showed another picture of the fruit with fungus in it. She argued that first you said it has worms and now fungus. Nothing can be done and she hanged up the phone. Extremely poor service,2024-12-14T13:09:47.000Z,0,16.28.0,https://apps.apple.com/in/app/blinkit-grocery-in-10-minutes/id960335206
6057378915,app_store,IN,sammy2k432,5,Great experience,I started using Grofers only after the lockdown and before that was using other multinational online platforms for my grocery online purchases . I have done 2 purchases till date from Grofers since May 2020 and so far the experience has been good . I normally order for my senior citizens parents who cannot go down to the basement of the building to collect the deliveries which all other online company delivery boys are demanding and in case of Grofers they are ensuring they come to our flat door and deliver the goods keeping safe distance and they leave once we open the door and take photos. We are happy with the delivery standards as it has made life easy for senior citizens . The attitude of the delivery boy who came both the time was excellent and over all experience with grofers have been really soothing and satisfying.,2020-06-10T04:42:17.000Z,0,4.5.0,https://apps.apple.com/in/app/blinkit-grocery-in-10-minutes/id960335206
9717912830,app_store,IN,yellosock,1,Disregard for customer.,"I guess delivery agents are technically not their employees, so whatever they do will not be addressed. Mind you the customer service reps will serve you with a bunch of automated fancy texts… I had multiple bad experiences here but the worst was when the agent was frustrated finding the address and started abusing my 60+ aged parent, in Kannada, over phone and expected my pregnant wife to come out to collect the delivery. The rep denied giving details of the agent when requested as I wanted to officially lodge a police complaint and abruptly ended my chat and asked for feedback. Here’s what Blinkit should’ve done instead - 1) pay their agents well and educate them to treat their customers with respect and empathy. 2) educate their customer service team to have a human-human conversation and address THEIR needs, not blindly follow the unempathetic rule books. 3) remind themselves that customer is King- no sales no business, no matter how woke the culture you want to showcase Here’s what the general public could do: 1) support local offline stores who understands customers",2023-03-16T03:27:15.000Z,0,15.0.4,https://apps.apple.com/in/app/blinkit-grocery-in-10-minutes/id960335206
5783755274,app_store,IN,venkat2020,1,Creating panic,"I am writing this review after been very frustrated by the way Grofers has been created panic and forcing me to venture out in this scenario for emergency grocery. I placed order on 19th March. This was supposed to be delivered on 25 th March. It got rescheduled to 2nd April then 6th April then 10 April and now 13th April. 
I kept on following up with them so I can order from some one else if they cannot deliver but each time they say they will definitely deliver it as mentioned. Now I am in a situation that I need stuff immediately as not all items are available with other vendors so I have to few stores to g t required items. I also want to point out that during this period Grofers kept on opening slots for 72 hour delivery. So not sure my order is getting pushed back so much. Only thing I can think is that they have increased the prices of many items compared to when I have placed the order so may be they are just delaying so I cancel the order. Grofers you got it...I am cancelling the order and the app once I get refund...thanks for creating panic and promoting hoarding of grocery",2020-04-09T02:18:10.000Z,0,4.4.5,https://apps.apple.com/in/app/blinkit-grocery-in-10-minutes/id960335206
13294557482,app_store,IN,Mompath,3,Need better return and refund policy,"We love the speed and the prices esp, on deals. But nowhere it was informed to a new customer that once an OTP is shared after product delivery, if any item is missing or damaged it can’t be replaced or refunded. No customer care chat or call service too. No answer when we tried the no from google. 

On out first purchase based on a friends great review, we placed a big order. But 1 product came damaged and 1 shower curtain missing from the bag. No one helped us. We lost close to 600 INR and it was very disappointing. We’ve not been able to recommend your app to anyone since our issue was never resolved. It seemed like we were cheated of our money. Swiggy and Zepto both have easy refund and replacement policy and very quick resolutions that make us want to go back to buying from them because we need not worry that we won’t get our money back. Kindly check this",2025-10-21T09:45:49.000Z,0,18.03.7,https://apps.apple.com/in/app/blinkit-grocery-in-10-minutes/id960335206
10131767015,app_store,IN,Arthas0609,1,They sell dog meat in the name of mutton !,"I ordered mutton from Blinkit app for the first time 2 days back, and after receiving my caretaker started cooking it. Then we realised the smell is definitely very strange and it’s not of mutton. Upon eating a piece of it my caretaker got red rashes on his body which he never had while eating mutton in his entire lifetime. After 3-4 hours of cooking it was still solid as rubber and didn’t melt and the smell was not mutton at all. It was not even proper red meat. I escalated to support and they are sticking a stupid policy to me that they will not do anything about it just because we tried cooking it. This is absolutely pathetic and sadistic !  I asked for a simple refund on my order because I got another animal meat instead of mutton and they are ready for it. But they are very okay in letting the consumer leave with a negative experience. Their inactivity now shows that they are a part of this scam themselves and their intentions are suspicious !! If you want to save your time and not get into any mental trauma or health hazards just never order from Blinkit.",2023-07-12T12:03:35.000Z,0,15.9.4,https://apps.apple.com/in/app/blinkit-grocery-in-10-minutes/id960335206
11184753641,app_store,IN,Vidushikasana,1,Ensured the order will be cancelled but the cancellation did not happen. Loopholes to rip people off,"I have been using blinkit for almost a year. Never had any problem and the deliveries are always super fast. 
But this was when I had never encountered any problem as there was only one saved address. But today I realised what a scam it is. I am not home but accidentally ordered at my home address. Within a second I realised that the order was placed at the wrong address and went straight to chat with the support staff to initiate cancellation. The partner ensured that the order will be cancelled. Mind you this was within one minute of placing the order. However the order was not cancelled. I am not able to contact the delivery person as well. 
Now they are saying the order cannot be cancelled and i have no idea where and how the stuff I ordered was dumped. And obviously the 2684 rupees spent on this order will not be redunded. What a stupid app. No support from anyone. Very bad experience. Never going to be using blinkit again",2024-04-21T13:39:18.000Z,0,15.46.1,https://apps.apple.com/in/app/blinkit-grocery-in-10-minutes/id960335206
6157806115,app_store,IN,bahsnndh,4,Delivery and customer service,"The minus points is for the careless service and untimely delivery. Firstly grofers never deliver on given time, people have lots to do and rest as well so people have to follow certain timings for certain things but i think grofers have zero respect for their customers privacy & etc cos everytime me n my family members n neighbours orders stuffs, it always delivers anytime they want, no matter early morning, sleeping hours, working hours and bangs the door as if to break down. 2ndly Delivery guy was not wearing gloves or mask & did not maintain any distance and safety. he just threw my order right to my feet which was very careless. 3rdly customer service needs improvement. They are very rude & takes 24hrs to reply one msg. I hope you work on all this points And provide better service. No customer is small or big, no matter what amount they purchase.",2020-07-04T21:02:21.000Z,0,4.5.1,https://apps.apple.com/in/app/blinkit-grocery-in-10-minutes/id960335206
13656118685,app_store,IN,aniketmhatre,1,Observations on Increased Spending Due to App Convenience,"I would like to share my feedback regarding my experience with the Blinkit application.
After installing the app, I have noticed that my overall spending on daily purchases has increased significantly. While the convenience of quick delivery is appreciated, it has also encouraged unnecessary and impulsive shopping, leading to expenses that I might otherwise have avoided.
Earlier, I used to walk to nearby stores for essential purchases, which helped me stay active and make more mindful buying decisions. Since using the app, that habit has reduced, as the ease of ordering has replaced physical visits to stores.
While the application is well-designed and efficient, I feel it promotes overconsumption due to its constant availability and ease of use. I believe features encouraging mindful purchasing or better expense tracking could greatly improve the user experience.
Thank you for taking this feedback into consideration. I hope it helps in improving the app for users like me.",2026-01-20T16:43:46.000Z,0,18.12.0,https://apps.apple.com/in/app/blinkit-grocery-in-10-minutes/id960335206
11465156900,app_store,IN,purii goel,5,Defected product no exchange,Hi I am Priyanka…I ordered a 350 ml v wash bottle on the 23 feb to keep in my stock and was using one previously…when my previous bottle finished I opened this new bottle on 25 march morning and noticed that the pump of the bottle was not working…as it was a big bottle I called in customer care and this girl told me that there is no exchange policy after a month…guys I regularly order on blinkit and previously on grofers…we order our Rashan for a month and will use things definitely when the previous products will be finished no? So as a customer I should open and check all the things when the products are delivered? Plz guys check ur policies..that’s wrong…I even told that come and check the bottle and then if u find the complaint genuine u exchange it…support ur customers,2024-07-07T07:14:34.000Z,0,16.01.2,https://apps.apple.com/in/app/blinkit-grocery-in-10-minutes/id960335206
13490412869,app_store,IN,newbiemackenzie,4,Items almost always missing from order,"For a long time, I’ve been a user of Swiggy Instamart. I recently downloaded Blinkit because they have a greater variety and range of products and it is slightly cheaper. But one issue I always have with Blinkit that I’ve rarely faced with Instamart is that there are always some items missing from the order. They are usually small enough that I might not immediately notice, especially if I have multiple counts of the same item or multiple similar items. It’s not like the store didn’t have it, so they inform you - no no, you pay for it, but you don’t get it. I don’t know if this is an issue with your stores or your delivery executives. But you guys need to fix this. Sure, I could raise a complaint, but I’m tired of doing it when this happens with every order.",2025-12-08T15:20:54.000Z,0,18.07.4,https://apps.apple.com/in/app/blinkit-grocery-in-10-minutes/id960335206
10348215873,app_store,IN,Pramod51N,4,Exemplary delivery,"This is my first ever review for any app I’ve ever used. I happened to order some eatables in Noida sector 51 from blinkit in the middle of the night. And soon after it began raining as heavily as it could. I had rather expected that noone should deliver and it would have been a wiser thing given it totally dark and it rained bad. Regardless, a delivery partner named Erashad rode my order on the midst of all the downpour. When he called me, i anticipated he would at least have a raincoat on, he hadn’t. Still, totally soaked, he smiled wide to deliver. I asked him to stay back and wait the rain out. It didn’t stop him, reckon had more orders to deliver. While I tipped him at my end, i would cherish if you firm also furnish him a suitable accolade, at least a certificate, for exemplary service. Delivery partners like him are why i shall from now on have a much decorated perception of this firm.",2023-09-08T22:21:45.000Z,0,15.18.0,https://apps.apple.com/in/app/blinkit-grocery-in-10-minutes/id960335206
11093612151,app_store,IN,VF801,5,Scamming customers,"Blinkit first sends incorrect items in the order placed and when you highlight the issue on the app, they send someone to pick up the wrong item. Then they replace with incorrect item again. When one highlights it once again on the app they send someone to pick up the incorrect item again and cancel the order. Then they keep silent and there is no refund. When one asks for the refund they refuse to give a refund to the customer. This has happened to me two times in a row saying it’s a limitation of the app. Which means the app has been developed to not give refunds even if the item is cancelled due to unavailability from Blinkit’s side.
I have never faced this with Instamart or Milkbasket. They are prompt to refund if the item is not available.",2024-03-28T04:41:42.000Z,0,15.42.2,https://apps.apple.com/in/app/blinkit-grocery-in-10-minutes/id960335206
12991046880,app_store,IN,Ninu sharma ji,5,"Worst online grocery shopping, I have ever had in my entire life","Worst is because because of some missing items rest of them are okay order something if you have a French fries, and then when I order, it was not in stock, but when I ordered it I didn’t receive French fries I receive gifting paper and I got too disappointed from Blinkit this is the worst part when you order and this happened to you 
Seriously, Blinkit! Well, rest are all okay but I will recommended you to order from Jio Mart and big basket, there are too good like you can order without any tension because exact thing you can get from Jio mart and big basket as compare to Blinkit Blinkit is okay, okay, I will give Blinkit only three stars from my side for Zepto, I will give four stars",2025-08-08T13:13:46.000Z,0,17.21.4,https://apps.apple.com/in/app/blinkit-grocery-in-10-minutes/id960335206
12746907090,app_store,IN,3D Lamp SS,1,Defective 3D Moon Lamp,"Details:

I have been delivered a defective piece of 3D Moon Light Lamp (brand Desi Diya) with the lamp not working, no charging cable provided, incomplete stand to assemble (2 wooden pieces). Box was also open.

I spoke with Blinkit customer care executives, they told me that they have delivered the correct product which was checked properly before delivering, which means they are trying to say that I am lying (though using different words to describe), no value or trust to what the customer is trying to say.

Did they see it with her eyes that their delivery team has done the right job here?

2. How the brand would help me when the product has been delivered by Blinkit in an incomplete manner where a part is missing and lamp is defective too. It should have been checked properly, package was also not sealed, no tape on box nothing.

3. Why am I supposed to reach out to brand when Blinkit hasn’t delivered the complete product, what brand will help me with?

4. I have spent a lot of time over the conversation with Blinkit customer care which is worth more than the pricing of this thing.

5. All I was hearing, a sorry again and again but no ownership of the problem created.

Such a disappointing experience. It was supposed to be given as a gift by my kids on the go to their friend, thank God I checked it and saved an embarrassing experience for us.

This is about right and wrong but not money for me.

Kindly provide a solution.",2025-06-07T15:30:01.000Z,0,17.13.0,https://apps.apple.com/in/app/blinkit-grocery-in-10-minutes/id960335206
13278724843,app_store,IN,DemonGod07,1,Not to good,"I want to exchange this item since the product shows as its like Apple smartwatch and doers not have various features  and I have even asked the delivery man that I can return the item and Blinkit customer service is well supported but it have no return policy and quality was not good either I started this app to only buy groceries which is not in my near by store like chea seed and tofu which I like it my small sister then browse the Blinkit it and then select the watch and order it by cash price and then there was not even a cancellation option which should be given and there is not even return policy 


Now I am going to live this fishy web and as well as This app as all the company mostly grown from there promising Goel one person can also challenge the whole community as I have friends family and I will share the truth and like Shahrukh Kahn movie it will at a point reach to the higher authority and business will get shut down no return policy and no cancellation policy 
By see ya",2025-10-17T16:28:42.000Z,0,18.03.6,https://apps.apple.com/in/app/blinkit-grocery-in-10-minutes/id960335206
11309851628,app_store,IN,Aditya Saran,5,No proper support,"I am being un necessarily charged for delivery while other people in same locality are not being charged for it. When i try to make complaint, their customer support doesn't work as expected. It only gives some predefined questions. The ""other"" option again gives some further useless options. Web app forces you to fill the form but as soon as you press the submit button, it gives error and gives you the blank form to fill in again.. this is really unfair to take away the right to complaint from the customer by technically making it too difficult and time consuming so the customer himself leave the idea of complaining. This is the act of theft indirectly. Not acceptable at all. 😡😡😡😡",2024-05-26T16:32:27.000Z,0,15.51.0,https://apps.apple.com/in/app/blinkit-grocery-in-10-minutes/id960335206
3992667826,app_store,IN,ankush9646,1,Pathetic services,"It was very unpleasant experience i had order all grocery items and it was required on urgent basis but firstly they have pushed the order delivery by two days back, it was suppose to deliver  by monday but i received on wednesday and I don’t understand purchased all the items and also already paid via online mode and all the items and it was packed and also out for delivery then i received a message that products are out of stock. I am surprised how it would be possible i am doing online shopping from so many years but haven’t had this type of experience with any of the ecommerce site. Yes if you have not brought and its in your case then i can understand but here i had paid the amount and it was all ready and then I received nothing at at the time of delivery I received only 5 products where i supposed to get around 15 items and they said its out of stock and worst customer service experience, they are doing nothing just automatic reply and same wording even you ask anything from them.",2019-04-10T02:27:05.000Z,0,4.1.0,https://apps.apple.com/in/app/blinkit-grocery-in-10-minutes/id960335206
10451051450,app_store,IN,bala kaushik,5,Order for vegetables,"This was my first order but little disappointed bcoz initially at the time of ordering veggies, i was excited to have cut methi and palak but sorry to say when i opened methi (fenugreek) pkt, first it was full if big big sizes stem approx moren than 40% was stems and in the evening it was mushy (galee huee) which means it was not of good quality. Palak is ok but again maximum stems are there in cut leafy veggies which is totally disappointed from blinkit. I think i wasted my money on these two veggies Today on 24th September, i ordered three items, outnod one product they changed the brand and not accepting it . I want the ordered brand but how do i return this and get my choice of order If this is the way we get goods, then we can simply plce order by name and blunkit can deliver on its own choice",2023-10-08T05:25:57.000Z,0,15.21.2,https://apps.apple.com/in/app/blinkit-grocery-in-10-minutes/id960335206
9887506727,app_store,IN,Sangaybhutia,5,Very disappointed,"I was running out on baby wipes and I thought other online sites would take time but Blinkit will be quick so I ordered baby wipes from pampers and that time it was showing there is sale for the product and I thought it’s a good offer so I bought them.. when my order arrived I was shocked that Blinkit can send those  damaged wet wipes of a baby, we are so careful about babies hygiene and they send me two packets of wipes Both torn due to attack of rats, it could be literally seen.. I never thought they would play such dirty to sell their damaged product. I wrote them back also about the damage but they never cared to reply and look into the matter.. so please be careful of buying from this app and see what u getting into.. you have lost a customer.",2023-05-03T08:07:39.000Z,0,15.1.0,https://apps.apple.com/in/app/blinkit-grocery-in-10-minutes/id960335206
9945803295,app_store,IN,yashirstg,1,Worst service provider,"Well I have been a regular customer from last few months my average spending per day is approximately ₹500/- per order or more, area paldi, hand no complaints. But since I have changed my location the service provider is from satellite area, has given me worst service experience every time I order, most of the times order gets cancelled, most of the times are missing or broken, or received something useless instead of my orders. Firstly they cancel your order without informing, then the refunds are initiated in parts of 2,11, 30, …. So on if you take money in one go it should be back in account as it is we all don’t have all the time to keep on tracking each and every penny all day. Also the package is always open, they don’t even seal it. 
Well I have had the worst experience, and you don’t have any help desk person to help, they are just doing their job to get the formalities done, not even a single person solves your issue. 
Pathetic.",2023-05-20T07:08:25.000Z,0,15.5.3,https://apps.apple.com/in/app/blinkit-grocery-in-10-minutes/id960335206
11255122500,app_store,IN,Dil ki batain,5,Good things about blinkit,"I know many people in india don’t believe in writing reviews and all but think if you have very busy schedule and you are trying to eat healthy at home or anything you want to add they have all the items delivered in just 10-15 mins If you don’t know how to cook what things you required including oil & spices they have everything for you And this mom’s special is something which relates every Indian household loved the way you guys works really appreciate your hard-work I am also working in IT company we generally focus on bad reviews only but team take a chance and appreciate to all the members including business, IT, Finance, marketing, store owners, managers, and workers and also delivery persons you guys doing grate🎉🥳🥂🤩",2024-05-11T09:59:35.000Z,0,15.49.0,https://apps.apple.com/in/app/blinkit-grocery-in-10-minutes/id960335206
14088311409,app_store,IN,Swanand Divashikar,1,Extremely pathetic delivery guys,"Absolutely pathetic service and an unbelievably arrogant delivery partners. I had already clearly mentioned that there is a dog at home, yet he kept forcing me to come downstairs and collect the order myself. I was in the middle of an important work call and had to leave my meeting because of his stubbornness and complete lack of professionalism.

This is exactly why I hate using this pathetic app. Almost every time I order from Blinkit, there is some ridiculous issue. I repeatedly assured him that the dog would not do anything and even told him I would take full responsibility if anything happened, because I know the dog is harmless and doesn’t bother anyone. But instead of listening, he started lecturing me about dog behaviour with an arrogant attitude as if he knew better.

If your delivery partners are so unwilling to do the basic job they are paid for, then stop pretending this is a convenience service. Completely unacceptable, unprofessional, and frustrating experience.",2026-05-21T06:38:30.000Z,0,18.61.0,https://apps.apple.com/in/app/blinkit-grocery-in-10-minutes/id960335206
9499718264,app_store,IN,a@hammy,1,Shameless company,"Instance happened on 12th Jan 2023,Ordered 1 kg chicken and delivered one was smelling like dead animal.
 I was at office so my wife was one who opened the parcel as she was eagerly waiting for the order to come and cook chicken as all preparations were set in kitchen.
Chicken was turned black and smell was unbearable so she informed me what the hell is delivered, I got image from her and started coversation with blinkit support.
Damage was already done but still climax was left, i tried uploading images from gallery but there was no option to attach images as live click was the only option available, i tried with PC but no option found for attachments, so i called her and she anyhow bearing that smell uploaded the pic on app and i carried the chat over my phone.
Blinkit refunded one packet(500gm) amount and asked to upload another packet images.
Informed rep she can’t do it again as dinner time was already spoiled and request to understand the scenerio as being harshed by item delivered was enough and my wife can’t open another packet.
But the blinkit rep keep asking for images without keeping in mind how big blunder their order had done.
I made my self to end chat as nothing was coming out of coversation.
Finally decided to delete app as there approach towards such big blunder was unacceptable.
Last word from my side- Value your hard earned money and avoid such cheaters as one day or another you will also be cheated.",2023-01-12T15:38:33.000Z,0,8.5.6,https://apps.apple.com/in/app/blinkit-grocery-in-10-minutes/id960335206
13508590094,app_store,IN,Deepu1904,1,Poor Customer Service,"I ordered iPhone cover thru Blinkit. Due to urgency, ordered a wrong model. Soon it got delivered, I realised my mistake…immediately contacted customer care (they don’t care really) and explained them the details. They asked me to send a pic so I opened the box (not a sealed one but opened simple carton box) and sent pics. After looking at the picture, they said we can’t take it back because box is opened. I told them it’s a not sealed item…. Everything is intact, infact polythene cover is also not removed. I can put the item inside the box as make it exactly as it was delivered but they are not ready. I was ready to bear if any transport fee.….seemed like they wanted a reason to say No. Customer care is trained well to say No, with don’t care nature….
Very disappointed, this is just unfair. They could hv atleast heard me and tried to find a solution but they were least bothered
 I will never order anything from blinkit anymore. In the name of quick delivery, they are fooling people.",2025-12-13T12:09:05.000Z,0,18.08.0,https://apps.apple.com/in/app/blinkit-grocery-in-10-minutes/id960335206
12446040238,app_store,IN,RichuSherry,1,Very bad experience,"I had placed an order and i got the order in time too but after sometime i got call from the delivery agent saying the order was cancelled and i got the refund back too. I DIDNT CANCEL THE ORDER and the market place was forcing the delivery partner to get the items back but those were food items and i couldnt give it back, i tried to contact blinkit and there is no customer care for us, obly the delivery agent could contact them and he handed over the phone to me and that representative is like he dont have any idea about this. What kind of service is this, if there has been a misunderstanding then at least we should get to call the customer care and even that is not available and i was asked to return an order i didnt wanna return and they just refunded the money. I had to repay the money to the market through the delivery agent at last.
What am I supposed to do about this kind of service. Very bad delivery experience. Didnt expect this from a brand like Blinkit",2025-03-21T11:12:50.000Z,0,17.03.0,https://apps.apple.com/in/app/blinkit-grocery-in-10-minutes/id960335206
8759558277,app_store,IN,tbhgffm,1,Bad experience really disappointed by such a delivery app,Today in my order one product shampoo was not there with delivery store but they did not mention till I receive it at my house and then the “”delivery person raised complain “”and then when I checked my order one of the product pasta which was pack of 500 g as in order but received pack of 2of 400 gm pasta and I complained this was a complain “first complain “made by my side which I reported in chat and then “”second complain “” I remembered I didn’t get free product of sleeping owl 10 sachet box with my order amount so I complained about that the customer support person mr Umair and mr kalpesh did not solve my issue and told you can report only 2complain per order and did not to take my second free product complain .On my first order also the same thing happened really disappointed with this type of response again  by customer executive .I had place call to delivery person to ask about my free product but he disconnected my call .,2022-06-10T10:42:24.000Z,0,7.1.0,https://apps.apple.com/in/app/blinkit-grocery-in-10-minutes/id960335206
8457995768,app_store,IN,Shreya_calcutta,4,Request to also offer choice of delivery timing,"I’ve been using grofers since before lockdown and i would like to offer a suggestion- plz also offer a choice of delivery timing like you used to, it’s easier for us working women. I don’t have the time to wait a delivery boy in the morning and i would like the option of selecting a delivery slot in the evening like i used to.

In response to ur reply (“with our new vision of express deliveries, you no longer have to plan for getting your groceries delivered to you. You can order what you want when you want, and it will reach you at rocket speed. ""), all I’m asking is the option to have both- immediate delivery for those who want it as well as choice of time slot for those like me. Hope you’ll reconsider ur customer’s needs since I’m giving u direct feedback here.",2022-03-15T12:26:56.000Z,0,7.0.0,https://apps.apple.com/in/app/blinkit-grocery-in-10-minutes/id960335206
11558353011,app_store,IN,Deeksha@,1,Worst frustrating fraud and no value for customer app,I use to order from Blinkit and finally I have uninstalled the app. Multiple times I have added freebie (there marketing strategy) but sometimes I haven’t received. Today I again added one but as usual don’t receive. So I need help from Blinkit assistance. I explained my case so for further assistance she called me couple of times to convince me that I haven’t added that freebie in my cart. When I denied and disapproved their claim so she just close my chat by saying I hope I have resolved your querie. This behaviour is not acceptable as I used to be you regular customer and this is your way to value your customer. I am requesting everyone to don’t install this app and choose your grocery app wisely as multiple options with good discount is available on market. It’s not about freebie but they have worst assistance so you have no option to put your point if you ever get any complain regarding your order. No tranparency at all.,2024-08-01T05:17:10.000Z,0,16.05.0,https://apps.apple.com/in/app/blinkit-grocery-in-10-minutes/id960335206
11686140252,app_store,IN,aozir noor,5,High delivery charges,"The delivery fees are quite steep. It feels a bit excessive compared to other grocery delivery services I've used. Given the rising costs of living, I expected more competitive pricing, especially for regular deliveries.

The selection of products is decent, and the quality of the items I received was satisfactory. But with the added delivery charges, I find myself questioning whether it's worth it for my everyday shopping needs.

Overall, Blinkit has potential, but they need to reevaluate their delivery pricing to make it more appealing. If you’re looking for convenience and don’t mind paying a premium, it might work for you. Otherwise, you might want to explore other options that offer better value.",2024-09-04T00:27:07.000Z,0,16.09.1,https://apps.apple.com/in/app/blinkit-grocery-in-10-minutes/id960335206
10642867191,app_store,IN,Devyani singh,1,Always delivering wrong items!,"They always deliver wrong items. On top of it when I finally had enough and raised a ticket to deal with an incorrect item that they sent, it gave me such incompetently written options and because of it I chose the refund option which meant I literally had to wait extra time till someone came over to pick up the item! Like why even offer that option and then not even give the option to deal with a representative so I could at least change my decision as I didn’t wish to wait and deal with giving directions to another delivery person. The help menu is positively awful and they clearly just blindly do their work with no heart or desire to keep a good image. Im in south effing Delhi for crying out loud! Do you even know how much purchasing power I can withhold from touching blinkit and not even leave the neighbourhood ?!?!?? I would uninstall it but I guess I’ll leave it as a last option when nothing else is possible.",2023-11-30T18:19:48.000Z,0,15.29.0,https://apps.apple.com/in/app/blinkit-grocery-in-10-minutes/id960335206
14179075179,app_store,IN,Aata maji satakli,1,Worst Customer Service Experience Ever,"I ordered a charging cable from Blinkit and received a product that appeared to be previously opened and resealed with ordinary cello tape. The packaging was damaged and did not look like a new product at all. Despite repeatedly raising this concern, not a single representative provided a satisfactory explanation for how such an item passed quality checks and was delivered as new.

I spoke to four different customer support executives, yet all I received were scripted responses and policy explanations. First, I was told no replacement was available because the item was out of stock. Then I was told a refund could only be processed after pickup. Not one person took ownership of the issue or offered a practical solution.

The most disappointing part was the complete lack of accountability. I spent hours explaining the same problem repeatedly while support agents ignored the actual concern and kept repeating policies. I chose Blinkit for convenience, especially as I was unwell and wanted to avoid unnecessary trips, but this experience caused more inconvenience than visiting a physical store.

Sending a product that appears used, failing to provide a replacement, and then making the customer go through endless support conversations reflects very poorly on quality control and customer service. This has been one of the most frustrating online shopping experiences I have had.",2026-06-13T19:47:16.000Z,0,18.63.0,https://apps.apple.com/in/app/blinkit-grocery-in-10-minutes/id960335206
13681704932,app_store,IN,AV12340987,1,Worse service for returned orders with refund and amount debited but order not placed issues.,"I returned an electronic item and haven’t yet received my refund. App shows I should have gotten it on 26th which is 7 days after the order date, and yet today is 27th. 
Another order I placed n 26th for which amount got debited but order don’t get placed, and now there’s no way to check for a refund, or to reach customer support. When I try to go under the help section, I only get automated chats that are illogically repeating the same thing, and there’s no way to reach out to a human representative to look into the issue. Now this is where for the first time I have felt the money is not safe with Blinkit, for the refunds are with them for a long time, and there’s no guarantee we will get them, and when. And there’s no human supper option to connect with to discuss the issue. There’s no other options to raise service request in the app either. No email, no contact care number, nothing. 

So as long as you don’t have any issues, with orders, you won’t know about this issue that I am facing. 

Be careful. Your money can get stuck for a long time and maybe we won’t even get it. 

No way to speak to a live human and no way to check progress. Refund was supposed to come by 26th but I haven’t got it yet. And can’t even reach out to any human. Feeling duped. Afraid to place any further orders.",2026-01-27T13:51:40.000Z,0,18.12.2,https://apps.apple.com/in/app/blinkit-grocery-in-10-minutes/id960335206
10501967687,app_store,IN,_κα,1,Extremely Dissatisfactory Customer Support Experience,"My order, which should have been a seamless and straightforward process, turned into an extremely frustrating experience due to the lack of effective support (or any support at all)

Upon encountering a problem (delayed by 20 minutes, and the delivery executive didn’t even move on the map) with my order, I reached out to your customer support seeking assistance. However, instead of addressing the issue promptly and professionally, I was met with a series of pre-written messages and unnecessary delays. Specifically, I had requested a reassignment of the delivery executive, a reasonable request that would have ensured a more efficient and timely delivery. Even though the delivery executive was not reachable for over 10 minutes since I started support chat, the delivery executive casually said “Just wait another 15 minutes”.

To my dismay, the support team appeared to be more interested in deflecting my concern with generic responses rather than taking tangible action to resolve the problem. This ordeal resulted in an unnecessary 40-minute delay in receiving my order, which is completely unacceptable.

This experience has left me feeling frustrated, inconvenienced, and disappointed in the level of service provided by BlinkIt. As a loyal customer, I expect better treatment and a more proactive approach to resolving issues.

Their customer service is a nightmare!!!",2023-10-22T04:54:26.000Z,0,15.24.0,https://apps.apple.com/in/app/blinkit-grocery-in-10-minutes/id960335206
12691968573,app_store,IN,Sharv gowda,1,POD Order Cancelled because of delivery boy didn’t have change/ remaining balance to pay back to me,"My order was cancelled because Delivery boy didn’t have change to the cash I was paying him ! I also asked him you can pay me change to phonepe. He refused saying that he has to go deposit again. Neither my online payment was working which was the reason I opted for COD. I had ordered bread to my sick child and I had to face this silly thing. It’s so exhausting and sad situation for me as I’m the only one at home right now taking care of my sick baby at the moment. I shouldn’t have relied or trusted you guys. On top of it no Direct customer service. And automated call tells me that my future COD orders will be blocked due to the cancellation of the order etc etc.. This made me even more angrier to write this review. Call was very neat as to it was customer’s sole mistake. When you are giving option of CoD, you should be ready to pay the change/balance amount. Shouldn’t you!?",2025-05-24T10:28:20.000Z,0,17.11.2,https://apps.apple.com/in/app/blinkit-grocery-in-10-minutes/id960335206
14008642733,app_store,IN,What??!??!?!,2,Currently available,"I have been using blinkit for almost 3 years now but this year I have been facing the issue that blinkit either closes their store or puts a high demand charge. I am even willing to pay the high demand charge when i really need the groceries. But today it’s been over 3 hours and blinkit store has been closed and it is saying “currently unavailable due to high demand “ . How am I to place an order for groceries if they are not accepting the order? I have been starving since morning and there are no stores nearby where i can physically go and buy things. But since we have technology and blinkit available I was not worried but now, blinkit has been unreachable and who is placing so many orders that it is unavailable for 3 hours?? Please fix this issue blinkit. It’s really frustrating when you want to order some things but you can’t because the platform is not doing their job.",2026-04-29T09:37:19.000Z,0,18.57.3,https://apps.apple.com/in/app/blinkit-grocery-in-10-minutes/id960335206
12332127744,app_store,IN,F GGN jiongf,1,Poor quality product and poor quality service,I have raise a issue today regarding poor quality coconut water delivered instead of delivering fresh coconut water they delivered stored stale coconut water where I can clearly see fungus or something else which is unhealthy for my health than there virtual assistance comes in and after raising same issue two times this virtual assistance given me same solution refund of one coconut water I have ordered three I just asked to return all coconut water as I have not open them just give me my full refund I will not drink this stale coconut water even for free but I was not able to talk because there so called virtual assistance is not someone whom I can talk I have wasted my 40 minutes in this ducking process and did not get my solution. I wish I could complaint about it to consumers court but unfortunately I do not have time but I m very disappointed with them they are even not offering what they are supposed to deliver,2025-02-20T03:38:44.000Z,0,17.00.2,https://apps.apple.com/in/app/blinkit-grocery-in-10-minutes/id960335206
3634132330,app_store,IN,Shiva_Sharma,5,Worst customer experience till now,"My order is not delivered but they showed it delivered and that too outside delivery time. 

So I ask them at 7:33PM about this on there chat so there customers executive replied at 7:33PM then I ask my query at 7:34 they replied at 7:38 after that I ask them again a question then they replied at 8:13PM even I send some message in 2-3 mins so that they can’t say that you are offline we are closing your chat please rate us. After that I ask them same questions at 8:13PM then they replied at 8:13 and there golden words for which I am talking to them from past an hour are - We are forwarding your issue to our concerned team and we will get back to you shortly with a resolution.

Worst feeling as a customer",2019-01-10T14:09:04.000Z,0,4.0.2,https://apps.apple.com/in/app/blinkit-grocery-in-10-minutes/id960335206
10943775683,app_store,IN,mehuldavid,1,Very bad services for Zomato Gold members also,Very bad services unable to resolved customer problem I’ve order a fireboltt phoenix watch on 14 Feb for gifting to my wife order arrived at 10:43pm at night she opened it on next day 15th of Feb in morning at 11:20 am I’ve followed all the given instructions according to Manual I’ve used 5v adapter watch has charging issue I’ve tried 3 to 4 times in a day to charge that watch but it wouldn’t work watch not charging I’ve raised a complaint to chat support of blink it on 16th feb at 9:00 am morning they said gave us 30 seconds video clip I’ve made that as well but after that they said issue is validate but you have to reach under 24 hours sorry we couldn’t able to help you go to fireboltt service centre and service centre said blink it is non authorised platform we wouldn’t accept your complaint. I am blinkit & Zomato’s valuable customer even I have a Zomato gold membership as well still they are doing this very bad services.,2024-02-16T04:04:25.000Z,0,15.37.1,https://apps.apple.com/in/app/blinkit-grocery-in-10-minutes/id960335206
12680675241,app_store,IN,Mynameisnehasoinevergetauserid,5,Great app for those who have kids.,"Hi, I’m overall happy with Blinkit. It’s a life saver in many ways specially if you have small kids who want things last minute. I have a suggestion - you could add a feature to “add more items” before the delivery guy leaves the store so that we can add more to the same order as otherwise I end up not ordering an extra item I might have forgotten. You can show a revised delivery time and ask the user if they still want to add more items but having this feature will help users and will benefit Blinkit too as people can order more items they may have forgotten. Also, could you tell us how you refund money to people who pay via paytm but don’t have a paytm wallet? Thanks!",2025-05-21T12:12:26.000Z,0,17.11.0,https://apps.apple.com/in/app/blinkit-grocery-in-10-minutes/id960335206
13508116559,app_store,IN,No regret _rotten Product,1,Rotten Product delivered &No Regrets,"I heard a lot about Blinkit dark store, however experienced it today… My family made end number of orders from JP Nagar Blinkit (near RV college) almost daily with an expectation that we will get fresh products, however, exception turns into nightmare when we have received rotten bloated damage product.. Immediately, we reached out to helpline to get a support, requesting an apology from the store manager. Surprisingly, support executive Aditya trying to cover the situation and denied for an apology.. As per the support, we have replaced your rotten Product, this is what we can do max… How shameful are they, running from the situation without a proper resolution.. 
I am very much scared and worried on ordering food products from this dark store.. Store manager dont bother about customers health. They just want to clear their inventory, let it be an expiry or damage product..  I wish this should not happen with anyone else, if order is getting placed from this store…",2025-12-13T09:23:31.000Z,0,18.08.0,https://apps.apple.com/in/app/blinkit-grocery-in-10-minutes/id960335206
14184562228,app_store,IN,Shashi san,5,Customer support service,"I purchased a pair of earbuds from Blinkit, but the audio quality is extremely poor and does not meet basic expectations. When I contacted Blinkit customer support, instead of helping with a replacement or resolution, I was told to contact the manufacturer directly. This was disappointing because the product was purchased through Blinkit, and customers expect support when they receive a defective or low-quality item.

The product quality is unsatisfactory, and the after-sales support experience was equally frustrating. I expected better customer service and accountability from Blinkit. I would not recommend purchasing this product based on my experience.",2026-06-15T06:26:36.000Z,0,18.63.0,https://apps.apple.com/in/app/blinkit-grocery-in-10-minutes/id960335206
11183874875,app_store,IN,Never injustice,1,Pathetic service and very poor response from Blinkit.,"I started ordering on Blinkit few days back and just after 3-4 orders I faced this issue that I ordered Real pomegranate masala juice along with other items but the delivery agent brought a different one. While handing over items he himself pointed out that the items is different and took back the item assuring me that he will initiate the refund but it’s been two days and no refund is received. I tried contacting customer support but Blinkit only provide chat option in which Ashwini (Blinkit customer support executive) asked photo/video which I don’t have. So here I want to point out following things:
1. Delivery agents are using benefits of the loophole and customers are facing issue.
2. Blinkit app is not customer friendly.
3. It’s not about one item, but it’s about how satisfactory the service is being provided.
4. Why to use such app when there are other options available who care about customer’s problems.",2024-04-21T08:21:10.000Z,0,15.46.1,https://apps.apple.com/in/app/blinkit-grocery-in-10-minutes/id960335206
10017656563,app_store,IN,Dinesh@320,1,A zero star option should be given,"First things first, Yes it’s prompt on delivery, apart from this everything can be worst. Zomato parent company is the reason for this kind of customer care service, in several deliveries they had delivered wrong items to me or missed the item, or took double time, yes it’s an human error & it’s common when u deal with huge amount of items & of course as a customer I agreed and waited for them to deliver  or replace missed items, but if the same error is caused by the customer they won’t agree for replacing the items, do you know why ? It is ABUSE OF AGGREGATOR SUPER POWER, as an customer we have given these companies to abuse us and make huge profits out of our hard earned money, & I am very happy that govt of India has recognised this and took an initiative action over this monopoly introducing OPEN NETWORK FOR DIGITAL COMMERCE, & I am sure I will witness this downfall of this abuse soon, common Zomato you just missed a simple and first principle ‘ be loyal to the customer’",2023-06-10T03:25:29.000Z,0,15.7.1,https://apps.apple.com/in/app/blinkit-grocery-in-10-minutes/id960335206
12054906039,app_store,IN,athackur,5,I’m so happy!,"They stand true to their name! I order on the app in multiple cities and the experience has been just happy and convenient consistently. The fact that they manage such brilliant services all across India is massive. Whoever is taking care of their operations is doing a brilliant job! In Meerut, i live on the outskirts and getting service here is an issue with other apps like Swiggy and Zomato as well but Blinkit even though they are a Zomato company service their locations soooo well! I’m hugely impressed and am so vocal about it that I managed to convert so many to this app from Instamart and other delivery apps… by far the best services I have seen in a large as well as a small city and in the city hub as well as away from the city… kudos!",2024-12-12T13:30:52.000Z,0,16.27.2,https://apps.apple.com/in/app/blinkit-grocery-in-10-minutes/id960335206
11588804299,app_store,IN,Kanu Kangal,5,Super-fast delivery in paper bags,"So long as Blinkit was not a part of Zomato, everything was good. But nowadays orders are being packed in a very haphazard manner mixing food items with detergent etc. The paper bags are very fragile & cramped too. Today I orders 3 packs of eggs and found 4 eggs broken after delivery. They were kept at the bottom of the bag and other things were dumped on them. The other day out of two paper bags one was completely torn & wet. All items inside the bag were covered in mud including a container of curd !! Please don’t mix items in such a pathetic manner and use bags like those used by ‘Big Basket’ guys. I use Blinkit more because I get fast delivery but that doesn’t mean that you will take your customers for granted. Please improve.",2024-08-09T04:19:30.000Z,0,16.05.1,https://apps.apple.com/in/app/blinkit-grocery-in-10-minutes/id960335206
10217636140,app_store,IN,amritjagdeva,5,Appreciate to Blinkit,"I recently had a great experience with the Blinkit application when I ordered a tube light. The delivery was on time, however, I was a bit disappointed to find out that the light was faulty. But the moment I raised a complaint on the application, their prompt response surprised me. They immediately arranged for a replacement and within no time, I received a brand new tube light. I was really impressed with their efficiency and customer service. It's always a relief when companies prioritize their customers and go the extra mile to rectify any issues. I appreciate the quick resolution provided by Blinkit and would definitely recommend their application to others. Kudos to the team for their outstanding work!",2023-08-04T06:09:38.000Z,0,15.12.0,https://apps.apple.com/in/app/blinkit-grocery-in-10-minutes/id960335206
13879258227,app_store,IN,@BP4,1,"Double Payments, Delayed Refunds & Poor Quality – Very Frustrating Experience with Blinkit","I had a very disappointing experience with Blinkit.

Blinkit should make a clear policy to ensure immediate refunds for customer concerns, especially in cases of failed payments or damaged products. Delayed refunds only add to customer frustration.

Once, I ordered bananas but they were completely unripe — so raw that they couldn’t be eaten for at least 2 days. After I made the payment, I received a notification saying “payment failed.” If the payment had actually failed, how was the amount deducted from my account? I ended up paying the same amount again. Later, I was informed that the refund had been initiated and would take 3–5 working days. This kind of confusion is unacceptable.

Why should a customer have to pay twice for the same product? And even after that, refunds are not processed immediately.

Today, I faced a similar issue again. I ordered an item that arrived damaged. When I requested a return, I was told the refund would again take 3–5 working days.

Also, I placed an order on 17th March, and as of today (23rd March), I still haven’t received that refund. Now, another refund has been initiated with the same 3–5 working day timeline.

Overall, this has been a very frustrating experience. Definitely one of the worst experiences I’ve had with Blinkit.",2026-03-23T17:43:22.000Z,0,18.53.2,https://apps.apple.com/in/app/blinkit-grocery-in-10-minutes/id960335206
13538699804,app_store,IN,Papasumit,1,Fraud app,"I am writing this email to formally register a serious complaint regarding my recent order of a data cable from Blinkit.

At the time of ordering, it was clearly mentioned on your app that the cable supports iPhone 15. However, after receiving the product, I found that it does NOT support iPhone 15 at all, which is a clear case of misleading product information.

When I contacted your customer care team, instead of resolving the issue professionally, I was asked to share multiple videos (around 50 videos) as proof. Even after sharing the required details, I have been mentally harassed and continuously misled.

For the last 1 hour, your executives have been saying:

“I am checking with the team”

“I am transferring your case”

“Please wait”

But no solution, no clarity, and no resolution has been provided. I am just being passed around intentionally, which is extremely unprofessional and unacceptable.

This experience has wasted my time and caused unnecessary frustration. As a customer, I expect honesty, transparency, and quick resolution, not excuses and delays.

I demand the following immediately:

Full refund or replacement without any further unnecessary proofs

Proper explanation for the wrong product information shown on the app

Strict action against the support executives who are mishandling my case

If this issue is not resolved promptly, I will be forced to escalate this matter to higher authorities and consumer grievance platforms, as this is a clear case of false advertising and poor customer service.

I expect a clear and final resolution at the earliest.",2025-12-21T12:52:58.000Z,0,18.08.3,https://apps.apple.com/in/app/blinkit-grocery-in-10-minutes/id960335206
11939063496,app_store,IN,Priyanka nirmale,1,Bad delivery partner’s,"No instructions are followed ringing door bell at 1 am at night even after giving instructions not to ring the bell as I stay with my parents he yet did the same and I had ordered for smokes, no delivery partner was assigned which was not showed for pass 40 min and he directly rang the bell, which was the worst thing ever never faced such a thing ever and blink being one of the food delivering brand never expected this. Worst experience, worst employees idk what actions are taken no apologies from the delivery partner. 

As I always hated the service I just had a chat with the customer care but received no delivery I did receive it but it was incorrect it took them half an hour to drop the order then other 20 min for the complain then other 15 min to just take the order vho bhi nahi hua unsa for that also they called me hate this app never faced this problem from Swiggy Zepto or an other app but this blink it is the most harass your customer kind of app ever.",2024-11-11T18:36:46.000Z,0,16.22.0,https://apps.apple.com/in/app/blinkit-grocery-in-10-minutes/id960335206
13920996422,app_store,IN,Trash foods,5,Surge charge problems and no coupons or discounts,"Recently there has been an increasing trend of surge charges which might jot sound like a big problem, it’s only 30₹, however the problem is surge charges nowadays are applicable to your order unless you have the order value above 499. This is extremely sad that sometimes the charges are not shown and suddenly after one minute surge charges are applied. There are no discounts and no coupons or anything that can be used for the app or something useful. It feels like the app is slowly becoming a worse version of Zepto with which I already have a horrendous experiences with and as a result was forced to use this app for my daily needs.",2026-04-04T09:52:38.000Z,0,18.55.2,https://apps.apple.com/in/app/blinkit-grocery-in-10-minutes/id960335206
10160747398,app_store,IN,Maninder Jit Singh,1,Never delivers on time,"When the app was launched it had promised to deliver the products within 10 minutes, and they did delivered to. Now with time the average time has gone up to approximately 15 minutes (the distance to my house is less than 2 km). The delivery charges were free too above Rs 500/- which they later changed to Rs 15/- and now rose up to Rs 30/-. There is never a appropriate coupon/offer is available. The biggest thing is delivery time not only it almost doubled but they never deliver on time. Even if it is mentioned that order will arrive in 15 mins but it never deliver before 20-25 mins. They do list many a products which they later cancel citing product is out of stock. Why not in the first place product is out of stock. With pathetic system of never able to talk to customer agent it gets worse. Money is all that matters to them and not customer service so that’s why me and many other people have shifted to Swiggy Instamart.",2023-07-20T09:03:49.000Z,0,15.10.0,https://apps.apple.com/in/app/blinkit-grocery-in-10-minutes/id960335206
10098215845,app_store,IN,singh maansi,5,Service issue,"I place a order on 09:05 got that order around 09:15 no issues with the timing but the packaging was pathetic all product was dipped in some liquid kind of think after chatting with the support person for 30 min they placed my girder for replacement at the time of the replacement I got to know again one product is missing .
IF we are placing order online it means we are trying to manage our  time but in this situation i almost waisted 2 hours just to get the right product in right condition .
Your delivery partner was also very rude not ready to count that product behaving very  rudely .
In short pathetic experience this is the last time I have placed my order in future I’m not going to use Blinkit .",2023-07-03T04:57:52.000Z,0,15.9.0,https://apps.apple.com/in/app/blinkit-grocery-in-10-minutes/id960335206
13121601802,app_store,IN,Blinkit 👎🏻,1,Very disappointing behaviour,"I had a very disappointing experience with my recent order. I ordered four items worth ₹496 and paid the delivery agent ₹500 in cash. Later, I noticed that one item worth ₹120 was missing. On checking the app, I found that the order total had suddenly increased to ₹526, with a ₹30 surge fee added after the order was placed.
When I raised a complaint, customer support kept pushing me around, saying they were “confirming with the delivery agent.” Meanwhile, the agent falsely claimed that I was only charged ₹406. Luckily, I had CCTV footage as proof, and only after an hour did they finally acknowledge my issue. Even then, they said the same delivery agent would return the money — and after waiting over two hours, I still haven’t received my ₹120 refund.
Such poor service, mismanagement, and lack of accountability over a small amount is unacceptable. Blinkit needs to seriously improve its support system and refund process.",2025-09-10T16:32:21.000Z,0,17.24.0,https://apps.apple.com/in/app/blinkit-grocery-in-10-minutes/id960335206
12069455979,app_store,IN,Amstoria resident Gurugram,1,Very bad experience,"I just had a very bad experience with blinkit. Please never order from Blinkit any kind of electronic item. In case you want to return the electronic item, they will cook out and number of excuses. Even when you have not opened the box or open the seal of the box, they will make you wait for hours to get your query, listened to even I requested them to give me a call so that I can make But they did not even call me to listen to actually what the problem is. The executives are very rude and don’t even try to understand what the actual situation or the problem is. They close the conversation abruptly so that they don’t have to face what the problem is, and they don’t have to answer. They prefer to handover the problem to their seniors or to other executives. I had a very horrible experience with them and wasted my precious hours in chatting and calling them. Still, the problem remains as it is. It has not been resolved.",2024-12-16T08:45:07.000Z,0,16.28.0,https://apps.apple.com/in/app/blinkit-grocery-in-10-minutes/id960335206
10634120406,app_store,IN,Dhiren vidhani1,1,Bad quality Worse Customer Care,"3 days back I order a couple chips and a couple of real juices. One of real juice came puffed which shouldn’t be happening but it wasn’t much of a problem so I complained to customer care they said they’ll exchange the next day but it didn’t came so I myself again asked them about the exchange they said its out of stock. I said okay again a reasonable problem. I said exchange it next day or just refund the amount, they said okay. The whole next day went by and nothing. Today again I contacted them. This is irritating that I have to contact them again and again instead of them giving any update. So today when I contacted the they sent a exchange right away and guess what another juice also came damaged. When I talked to the senior executive again they said sorry and initiated the refund. Yes the sorry solves everything. What about the guests for whom I ordered the juice the other day. Such pathetic service.",2023-11-28T08:28:38.000Z,0,15.28.0,https://apps.apple.com/in/app/blinkit-grocery-in-10-minutes/id960335206
13661448777,app_store,IN,User… for now,5,Just awesome 🤩,"It was my first order on Blinkit and I loved it! Your programme is on the spot - options such as do not call, do not ring the bell are simply awesome! I did not believe the instructions would reach the delivery person but then I heard them myself in the language of their choice! I was totally floored 😎 I do hope you keep up this good work at this standard. 
Just one suggestion - when typing the feedback, like right now, my text has gone behind the keyboard and I can’t see what’s getting noted, I could pull it up here but not in the place for the products (delivery feedback), please fix that  (let the keyboard be fluid - let it move/collapse in and out) and you’re a full 100% 
Big Thanks! 🤩",2026-01-22T03:26:00.000Z,0,18.12.1,https://apps.apple.com/in/app/blinkit-grocery-in-10-minutes/id960335206
13112418969,app_store,IN,titlyyb,1,"Worst Delivery Experience, Unprofessional Staff, lost trust in Service.","I’m from Siliguri, I ordered some items, and when the delivery arrived, I was in the washroom, so my dad received them. He didn’t know the exact bill amount, which was ₹230. He gave the delivery person ₹530 (₹500 + ₹30) and mistakenly said, “Give me back ₹200.” The delivery person returned only ₹200 instead of ₹300.

Later, I called to confirm the bill, and the delivery person (Chiranjiv) said it was ₹230. I asked why he gave back only ₹200 instead of ₹300, and he replied, “Because your dad asked me to give ₹200.” I explained that my dad didn’t know the exact amount and made a mistake, but the delivery person should have clarified and returned the correct balance. If I hadn’t called, I wouldn’t have received my money back.

Instead of apologizing, he argued, blamed my dad, and spoke rudely. This was a terrible experience. What kind of service person have you HIRED???? Unprofessional staff, Is This how you TREAT customers??????",2025-09-08T06:52:24.000Z,0,17.24.0,https://apps.apple.com/in/app/blinkit-grocery-in-10-minutes/id960335206
11866396340,app_store,IN,MS 1963,5,"Unreliable fresh veggies, fruits, eggs","The vegetables, fruits and eggs have been noticed to have been sub-standard. Eggs once ordered 1 doz. We started using from next day. After another 2-3 days they were spoilt. Similar problem arose with wood apple. It was not ripe on delivery. Then papaya which I ordered today, was not ripe. This makes the fast retail service useless. Blinkit should take care of QUALITY ISSUES immediately. Other day paneer was of expired date. While they changed it immediately but this bother was avoidable.

Painful app.  Every day if you order more than once you have to rate every delivery- and if the rating is less than 5 stars the notification nags you till you give 5 stars.  Unethical business practice.",2024-10-23T16:44:49.000Z,0,16.20.0,https://apps.apple.com/in/app/blinkit-grocery-in-10-minutes/id960335206
13568870408,app_store,IN,Ashu Lamare,1,Focus on Refund experience- disappointed,"I’ve been really disappointed with my experience using the Blinkit app, especially when it comes to refunds. While the idea of quick grocery delivery is appealing, the reality has been frustrating. There have been multiple times when:
Orders were incorrect or items were missing, and getting a refund has been a slow, complicated process.
Refund timelines are unclear — even after cancellation, the refund doesn’t show up for days, and there’s no clear status update in the app.
Customer support is unhelpful — responses are slow, generic, and often don’t resolve the issue, leaving me chasing updates.
For an app built around convenience, the refund process feels anything but convenient. It’s disappointing that something as basic as timely and transparent refunds isn’t handled well. I hope Blinkit improves this aspect soon, because right now it’s overshadowing the ease of placing orders.",2025-12-29T12:39:30.000Z,0,18.10.1,https://apps.apple.com/in/app/blinkit-grocery-in-10-minutes/id960335206
12989608029,app_store,IN,GrandForte4203,4,Quality & packaging issue,"Old👉The store delivering at my location needs to improve on the Quality of fresh vegetables & delivery of goods duly packed properly; ie, not to be stuffed in single paper bag spl when it also contains delicate items like tomatoes. Capsicum sent is not etall fresh. Hopefully, suggestion would be appreciated & better Quality fresh vegetables delivered timely. Without prejudice. Thanks
Today, 8Aug25, Life Expired Sweet items delivered by the Blinket associates. This is serious issue and due cognisance of ibid should be taken by the Mgt . There should be SOP to check all the products having Shelf Life before  being sent for delivery , least the customer is inconvenienced & the image of BLINKET gets tarnished. Hopefully, necessary INSTRUCTIONS would soon be issued or reiterated on this issue. Thanks & without prejudice",2025-08-08T04:06:31.000Z,0,17.21.4,https://apps.apple.com/in/app/blinkit-grocery-in-10-minutes/id960335206
12830307490,app_store,IN,David Raynell,1,Extremely Disappointed – Poor Service & Unfair Refund Policy,"I had a terrible experience with Blinkit and feel completely cheated. I had ordered Xerox prints (6 pages, approx ₹60) using their app. To avoid the delivery charges, Blinkit prompted me to purchase additional items worth ₹200 for free delivery. So, I added a watermelon and a buttermilk, taking the total bill to around ₹250.

The order was delivered, but to my shock, the Xerox prints were completely messed up – some pages were missing, and others were cut halfway and printed improperly. I had uploaded a properly formatted PDF, so the mistake was entirely on Blinkit’s end.

When I contacted customer care, they agreed to refund only the Xerox amount. I explained that the only reason I bought the watermelon and buttermilk was to meet the free delivery requirement – they were not items I actually needed. I requested them to either:
	1.	Make the next printout delivery free, or
	2.	Take back the unwanted items and give a full refund

Shockingly, they refused both options and insisted on refunding only ₹60. This is unacceptable and feels like a trap. I ended up wasting time, effort, and money — and got absolutely nothing useful in return.

This is clear cheating. Blinkit is encouraging people to spend more just to waive delivery, and when their own service fails, they refuse to take proper responsibility.

I strongly do NOT recommend using Blinkit for printing services. Their customer service is unhelpful, and their policies lack basic fairness and logic. Avoid this app if you don’t want to be taken for a ride.",2025-06-29T07:26:13.000Z,0,17.17.0,https://apps.apple.com/in/app/blinkit-grocery-in-10-minutes/id960335206
8089044836,app_store,IN,one of the getlook client,5,Best Grocery partner,"I have been using Grofers for since 2016 now. This is something I always pick out of all. Grofers was my first online grocery experience and I always had a good experience with no complaints at all. Although there are many other companies available nowadays for grocery shopping. But There packing and delivery experience has been the best in my case, they return any defective product very easily. There packing is very professional, veggies are fresh. I have also received free mask and sanitizer during covid-19 and this was a surprise gift by grofers. And now they really exceeded my expectations by 12 mins delivery. I have order 3 times this week because of this fast delivery. They understand customer needs. I love grofers.",2021-12-03T03:09:55.000Z,0,5.8.0,https://apps.apple.com/in/app/blinkit-grocery-in-10-minutes/id960335206
9119390585,app_store,IN,ansh_2022,1,The delivery boy was threatening,"The delivery boy had called me close to 5,6 times initially and asking me to cancel the order from my side when I didn’t wanted to. If he wasn’t unable to deliver l, he could have done the same from his end. My husband wasn’t there at home when he came. When he finally came to deliver the products, he started shouting on me and entered the flat too without my consent, and had kept on arguing me, I was lucky that my maid was there too and she took the product and asked him to step out and closed the door. I have never faced such issues by any other app. In the promise of delivering products within minutes these startup’s are putting customers at risk hiring such I’ll mannered delivery boys. 

I had also kept customer support team via chat in the loop as well when this was happening, however they didn’t even have any support at all. It was a horrible experience and strict actions to be taken against such delivery guys.",2022-09-25T07:26:46.000Z,0,8.2.0,https://apps.apple.com/in/app/blinkit-grocery-in-10-minutes/id960335206
8897487658,app_store,IN,VikalpK,1,Just Another Fishing App,"I have been using this app for more than 6 months now until today when I received an order with some missing items. For a total of 6 missing items they resolved for 4 items and closed the ticket mentioning only 2 requests can be taken per order. I was quite happy with the service even when the quality of fresh vegetables and fruits is very poor and there were always some items missing. It’s good until you don’t have complaints but once you opt for support, they will do every single thing to reject your requests or deliver a coin-sized guava instead of a Thai Guava just to close the complaint. I have lost a few hundred bucks and my precious time today just to learn to be cautious of such apps. Maybe this is the first ever review I am placing on the app store but might help people to understand these fishing apps. Better go for Bigbasket, Tata Star, Jiomart or Nature’s Basket. They take time but deliver to the expectations.",2022-07-21T17:33:08.000Z,0,8.0.6,https://apps.apple.com/in/app/blinkit-grocery-in-10-minutes/id960335206
9736675017,app_store,IN,Abhijana,5,Alright,"Love the paper bag initiative but on the downside make sure to avoid incidents like I am about to describe. The moment the delivery boy handed me the bag, it tore nd all the items fell out. This is all happening on the ground floor, I live on the third floor. I like to come down nd receive the goods to make it easy for the delivery guy. 
After all my items fell out, he didn’t have an extra packet to put the contents in. Also, I had items like eggs and a honey jar made of glass. I am yet to check if they r damaged. 
I had to come down twice to collect my stuff scattered all over the ground. The delivery guy was in a hurry so he didn’t offer to help either, rather consoled me saying no one will steal my stuff and I can come down nd collect them.",2023-03-21T13:52:47.000Z,0,15.0.5,https://apps.apple.com/in/app/blinkit-grocery-in-10-minutes/id960335206
10179136432,app_store,IN,pema11051978,1,It’s got potential… but need to maintain the standard,"In the beginning it was very good. Over time I am not so happy with the quality. It’s been three times I have received expired products or quality below standard not edible at all. I recently also made a purchase on the app and the payment went through on Google pay but it did not get processed on the app. Now the money is gone out of my account but the order cancelled. I called the customer service explained everything and they said it would be refunded but it still hasn’t been. I find it painful to have to deal with such problems. Which is what made me shift from big basket and swiggy. Maybe I need to think about this . 
Today is 24th July and I am telling you it’s gotten worse. There is little regard for consumers time. Sending expired products again and again slipping it in between big orders indicates terrible quality check team. I will not be recommending them ever",2023-07-25T06:33:01.000Z,0,15.11.0,https://apps.apple.com/in/app/blinkit-grocery-in-10-minutes/id960335206
8614375526,app_store,IN,ubermaderchod,1,Regarding surge charge,"I placed the order and after one min of placing the order I saw the there is surge charges extra when I contacted for char support they took 15 min of time in response in between the time delivery delivered … We raised the ticket for it and I found it’s scam ….  I requested for the refund and want to cancel the order but unable to to do that now I am disputing the case with my credit card company and asked them to save my money with this scam services. I will also reporting this on Digital India platform as if I placed this order with cash on delivery I will cancel the order … guys with all of my experience I request pls do monitor your bill properly as with the name of online service this blinkit doing scam … and doing request for the refund of surge charges they denied it … we request Govt to monitor these online platforms for auch big scam and also submit the chat process as a proof that I was not agree for this charge and they are not refunding my money…,",2022-04-28T10:01:03.000Z,0,7.0.0,https://apps.apple.com/in/app/blinkit-grocery-in-10-minutes/id960335206
14107278636,app_store,IN,saurabhrai900,1,Fraud company — only safe for Rs 5–10 kirana items,"1 star — Warning to all customers.

Blinkit is a total fraud when it comes to anything beyond small kirana items. Order a Rs 5–10 packet of biscuits or salt — sure, it'll reach you. But the moment you order anything expensive, be ready to get cheated.

My experience: THREE back-to-back orders with missing items. Every single time, items I paid for were just not in the bag. Coincidence? Not a chance.

And the worst part — there is ZERO real customer support:
- No phone number to call
- No human agent
- Just a useless bot chat that loops you in circles
- And a pathetic email support that copy-pastes ""sorry for the inconvenience""

When I complained, they straight up closed the chat saying ""store confirmed item was not missing."" No proof, no investigation, no chance for me to respond. Thank god I record every unboxing on camera — otherwise I would have been silently robbed.

My honest advice to anyone reading this:
- Use Blinkit ONLY for cheap kirana items (Rs 5–50 stuff).
- DO NOT order expensive products, electronics, or premium groceries — you WILL be cheated and there is no one to help you recover your money.
- ALWAYS record your unboxing. Without video proof, your complaint means nothing to them.

Blinkit has become a scam in a fancy app wrapper. Switching to Zepto / Instamart / local kirana. At least they answer the phone.",2026-05-26T08:01:53.000Z,0,18.62.0,https://apps.apple.com/in/app/blinkit-grocery-in-10-minutes/id960335206
12285300230,app_store,IN,PC2804,1,Horrible Customer Support – They Just Don’t Care!,"This company has no proper customer support. When you raise an issue, they ask you to explain everything, only to then redirect you to email—where they completely ignore your concerns! Their go-to excuse? “We’re handling large volumes at the moment.” It doesn’t matter if you reach out in the morning, afternoon, or evening—this is always their response. The whole purpose of the company is to handle large volume orders and serve customers, failing at their very core service.

They delivered the wrong items (cheaper than what I paid for), and instead of addressing the mistake, they’ve made the refund process impossible. It hasn’t even been acknowledged, let alone started. On top of that, they have the audacity to charge handling fees! If you can’t even stand by your own service, why run a business at all?

Avoid this company unless you enjoy endless frustration and zero support.",2025-02-08T09:22:12.000Z,0,16.36.0,https://apps.apple.com/in/app/blinkit-grocery-in-10-minutes/id960335206
11054844924,app_store,IN,Gom B,1,Absolutely pathetic,"I generally order Ice creams from Instamart but never faced issues. I received a damaged ice cream tub with the seal broken and the ice cream was totally melted and liquified. Even the exchange process is very confusing and frustrating. Firstly there is no option to exchange items secondly it takes 3-5 business days to get the refund and finally the nail in the coffin was the delivery agents behaviour. I got a call from the blinkit customer care asking me to kick calls since the delivery boy insisted that I didn’t pick his call but I didn’t get a call from him in the first place. Later I found the delivery agent wandering around nearby, I handed him the damaged product for a return out of curiosity I asked him to call me but the my number was not viable on his phone. Its good to blatantly blame someone for your mistake/mishaps. In my opinion Instamart is far more reliable and problem free. Btw this was my first time using blink it and it will be my last. Uninstall the app!",2024-03-17T14:33:05.000Z,0,15.41.1,https://apps.apple.com/in/app/blinkit-grocery-in-10-minutes/id960335206
8891102412,app_store,IN,nee@26,5,Very bad service,Mentioned 11 min hut tak 45 min to delivery very very poor service ever customer care people azhar and khushboo dont now how to handle cutomer requst after 1 hour waiting they said cancel your order. They shoud tell after 10 min of order rather one hour . I talk to azhar he said i will check and let you know then he left without information that my colleague will assist you further i am waiting 10 min for information anf thekhushbo giving explanation with same copy past lines and wasting my another 10 min then complete 1 hour the telling me cancell your order . This is how u treat your customer. Untrained staff they don’t no how to handle the customer. First time i ordered anf this kind of services . Pathetic .,2022-07-19T21:16:32.000Z,0,8.0.6,https://apps.apple.com/in/app/blinkit-grocery-in-10-minutes/id960335206
8538482204,app_store,IN,Shiprapoddar,5,Bad quality products,"I ordered vegetables. Amaranthus Leaves that came (I had ordered 3 bunches) all had holes as if they were eaten by bugs. Leaves were completely dry and not fit for consumption. I raised a complaint on the app and it asked me to upload the image on the link I would receive via sms. I chkd sms and the link given there wasn’t working at all. I tried with different phone , it still didn’t work. I was unable to upload image since link had error - wrote in the app 10 times but the BOT failed to find a solution and said my issue is resolved. Like how? Very bad customer service. I had to throw the leaves and decided I should never order vegetables from this app. Very POOR CUSTOMER SERVICE GROFERS!",2022-04-06T15:51:02.000Z,0,7.0.0,https://apps.apple.com/in/app/blinkit-grocery-in-10-minutes/id960335206
12069330037,app_store,IN,trishakapoor,1,Suggestion for an update,"There should be an option for those who have a medical problem because every delivery partner has an excuse of not coming to the doorstep they just say they got a leg operation it’s not possible that everyone has a problem they make excuses sometimes and when you get 2 people who actually have in 10 who are claiming to have it, the person who actually has a problem might just get all the heat taken down on him even if he is not lying. I shop from your app when I don’t want to visit my local vender because I’ll have to get out of the house and you claim doorstep deliveries. Like this evening I was not feeling well so I placed an order expecting the delivery partner to deliver it to my doorstep but he told me he can’t come and I’ll have to take the order from him I would have done it happily if I knew he was not lying. Other than that the services are great. I hope I made my point clear.",2024-12-16T07:45:07.000Z,0,16.27.2,https://apps.apple.com/in/app/blinkit-grocery-in-10-minutes/id960335206
11716640109,app_store,IN,Armaan987,1,No order cancellation option on the app,"I have been using this app from quite long but today when I was placing the order suddenly I accidentally clicked order button even though I was yet to order more things, instantly I decided to cancel but there was no option to cancel it. it was redirecting me to the chat page but the chat agent was not there and automatically they were asking me to resolve or close the chat seems like there is a glitch I paid unnecessarily ₹45 to order ₹99 product which makes no sense.
If you do not have clear features available you should better not offer such kind of app where there is no contact number for cancellation. for now I paid them because I was not in mood of any conflict having said that I decided to delete this app right away was a very poor experience for me you may check my order history I have been using it but now I won’t .",2024-09-12T16:02:08.000Z,0,16.11.1,https://apps.apple.com/in/app/blinkit-grocery-in-10-minutes/id960335206
11623689988,app_store,IN,Shru1625,1,The worst customer service and the app design,I ordered a rakhi and a chocolate pack with it for my brother staying in Pune and selected a delivery address then the delivery boy called my brother saying that ur address is far he is not going to deliver it then when I spoke to the delivery boy he said mam u cancel the order as it’s too far and he reorder it will come from another near by store. I was trying it multiple times to chat with the customer care and ask them to cancel it but I was unable to get chat options there were only selected options nor I was able to call and speak to the customer care. With this one order I had to waste 2hrs and finally I didn’t even get it on the desired location. When the delivery boy has not even left the facility how can u tell me it’s on the way and it can’t get cancelled. Nor the delivery boy was able to cancel the order nor I was able to cancel the order the worst experience ever,2024-08-18T09:26:38.000Z,0,16.07.2,https://apps.apple.com/in/app/blinkit-grocery-in-10-minutes/id960335206
10618889681,app_store,IN,îñśhA,1,Unprofessional Delivery services,"Being a regular and loyal customer since 1.5 year, I am writing to express my extreme disappointment with the recent delivery experience I had with Blinkit. The delivery boy's unprofessional and disrespectful behavior has shaken my confidence in the company's commitment to customer satisfaction and service quality.

When the delivery boy arrived at my doorstep, he immediately started shouting accusing me of providing the improper  address,  “so badly that i started shaking and my phone fell from my hand” despite the fact that the GPS coordinates I gave him clearly showed my correct location. He stubbornly refused to acknowledge his mistake and even told me that I shouldn't order  in the future. His aggressive tone and accusatory language were not only unsettling but also completely unacceptable.

Things took a turn for the worse when the delivery boy started making inappropriate comments about my home. He sarcastically remarked on the absence of an elevator,  His condescending attitude and complete lack of respect were deeply offensive.

Such unprofessional conduct is inexcusable and reflects poorly on the company's overall standards. I am extremely unhappy with the delivery service I received from Blinkit. The delivery boy was rude, disrespectful, and unhelpful. He refused to acknowledge his own mistake. 

I hope that the company will take my feedback seriously…",2023-11-24T06:40:17.000Z,0,15.28.0,https://apps.apple.com/in/app/blinkit-grocery-in-10-minutes/id960335206
8763109300,app_store,IN,kiki0790,5,Order not received yet and the summary shows delivered!,"This was my first time and to my surprise I did receive the basic order ( less than half of the order ) within 20 mins but the order summary showed the order status as delivered. There is no news of my remaining order, the customer support is so ridiculous, they keep writing the same phrase we understand and are trying to find a resolution at the earliest, I have no words literally I felt so irritated that I had tears, the support is worst, they haven’t yet told me anything about my order nor they care to reply. Is this what I signed up for ? So much of hassle? Could you please have the courtesy to tell me where the hell is my order?",2022-06-11T11:52:25.000Z,0,7.1.3,https://apps.apple.com/in/app/blinkit-grocery-in-10-minutes/id960335206
8635522606,app_store,IN,richa@000,5,Worst experience,"I ordered an icecream pack of 700ml . 1st I got a call from a delivery boy that he update the status of order without delivering it . Then when I got my order the seal was alreay broken , only 1/4th of the box filled with ice cream and that was in very worst condition like already someone eat from it . I never expected such service from blinkit or from any other online platforms. I am very disappointing with such kind of service from blinkit and may be not able to order anything from it in future . 

Even it doesn’t take a review. Showing an notification again and again this name is already used . 
Firstly gave bad service and then even not want to take feedback of it .",2022-05-04T08:05:34.000Z,0,7.0.0,https://apps.apple.com/in/app/blinkit-grocery-in-10-minutes/id960335206
11503142504,app_store,IN,Mmanu61,5,Good,"The only problem with this is cancellation of order. Items are ordered here online so one has to place implicit trust on the platform. But you never know the quality of purchased items sent. They may be sub-standard out of date or nearing expiry. In that case there should be an option for return. After all it is not in customer’s hand to check the date of expiry or if it is a new item one has ordered, then the quality issue. I have restricted my purchases from online platforms only because of this. Blinkit has sent items in the past which were stale and/or nearing expiry dates. Nonetheless, it is only in terms of time that it is unmatchable.",2024-07-17T11:59:34.000Z,0,16.02.1,https://apps.apple.com/in/app/blinkit-grocery-in-10-minutes/id960335206
14039219215,app_store,IN,#Rama’s,5,Thanks Blinkit,"I really want to thank Blinkit from the bottom of my heart. Today was a very special day for me, and I had only one hour left to plan a surprise for someone important to me.

I ordered flowers and a greeting card through Blinkit, and the experience was honestly amazing. Even though the location was wrong, both delivery partners were incredibly patient, sweet, and cooperative. I was guiding them throughout, and they followed everything so kindly and made sure the surprise turned out perfectly before 12 AM.

Seeing everything come together so beautifully and making someone genuinely happy made my day unforgettable. Thank you for helping me create such a special memory ❤️",2026-05-07T20:24:35.000Z,0,18.59.0,https://apps.apple.com/in/app/blinkit-grocery-in-10-minutes/id960335206
11451142566,app_store,IN,pratik_v,4,Always On Screen Issue,"Today one weird thing happened. I took the phone out of my pocket and saw there was an active chat in blinkit app with the customer car executive. I saw the order wasnt delivered on time issue was raised. However, the order was indeed delivered on time. I was putting stuff in the kitchen and refrigerator just after i got my order. I didn't  even know about this chat. I think it auto generated while it was in my pocket through pocket clicks. There is a bug in the app. The screen doesn’t turn off automatically after sometime like other apps. It drains battery and if left in the pocket without turning off the screen manually, such chats or accidental  clicks are bound to happen. It’s annoying. Please fix it.",2024-07-03T08:30:46.000Z,0,16.01.2,https://apps.apple.com/in/app/blinkit-grocery-in-10-minutes/id960335206
10741860045,app_store,IN,TedLassoFootball,1,Half the items undelivered on prepaid orders,"I have faced this issue for the 8th time in 4 months. I order items, prepaid order. Half the items aren’t delivered. Payment already made. No intimation from the app regarding missing items. If it skips your mind, there’s nothing that can be done. By chance we realise items missing - there is a chat where we complain again And again and they apologise and refund money. I have begun to believe that a mistake can’t happen repeatedly and there has to be some glitch here. Someone is either deliberately taking items that are already paid for or there is some scam somewhere. They don’t let me write a written complaint or let me escalate the matter. They keep changing the customer care executive and I have to keep repeating the same issue. There definitely is some issue going on. The packets received are not even sealed. And since then this issue has started.",2023-12-25T04:58:56.000Z,0,15.32.0,https://apps.apple.com/in/app/blinkit-grocery-in-10-minutes/id960335206
14196386317,app_store,IN,Savita’s,1,Worst delivery app,"Not one but 2 incidents which really brings real concerns, so first incident i basically ordered some things and the delivery guy refused to give me my order because I asked him to follow maps since i do not know the area after an argument he still refused to give my order he then called his friends and hit my security guard. I called the customer service crying scared for my life as it was late at night and i was a girl living alone they still never processed a refund. Did not take any action, they claim to have fired him but I’ve seen him delivery to the building. Recently a month ago i finally used it as they were the only ones open their delivery guy refused this time as the order was cigarettes. He came in late and refused to deliver the cigarettes. He came asked for name and stood took pictures of it and went away. I wrote to the support again, and they claim it was delivered and no refund will be provided.",2026-06-18T07:18:49.000Z,0,18.64.1,https://apps.apple.com/in/app/blinkit-grocery-in-10-minutes/id960335206
14293116959,app_store,IN,Avishkar.k,5,A heartfelt thank you to the entire Blinkit Team,"Today, I witnessed something truly inspiring. A Blinkit ambulance arrived quickly during a medical emergency and provided its service completely free of cost. Seeing such a fast and compassionate response reminded me how important every minute is when someone’s life is at risk.

A heartfelt thank you to the entire Blinkit team for taking this initiative. Providing emergency ambulance services without charging patients is a remarkable step toward making healthcare more accessible and saving lives. Acts like these show that businesses can create a real, positive impact on society.

Thank you, Blinkit, for putting people first. Wishing your team continued success in this life-saving mission.",2026-07-12T07:10:27.000Z,0,18.69.0,https://apps.apple.com/in/app/blinkit-grocery-in-10-minutes/id960335206
9474119402,app_store,IN,ibrahimmasood14,1,Change the app name to 24-48 hours,I ordered items from blinkit and an item was expired I contacted the team and they sent me the exchanged item which too was expired after waiting for an hour. I complained to the support team they asked for my details and wasted my another hour. After giving me so much trouble they are so smart to transfer the money to my blinkit wallet. I asked them to send me the money to my bank account as i wont be using the app after this experience and their team is so bad that they denied returning the taxes and delivery charges after giving me such a bad experience they should’ve paid me compensation instead they are delaying the payment i have contacted them 5 times wasted so much time every time they say the amount will be transferred within 24-48 hours also only the product amount not the charges. Please dont use their services they only play games and deliver expired products.,2023-01-05T13:19:24.000Z,0,8.5.4,https://apps.apple.com/in/app/blinkit-grocery-in-10-minutes/id960335206
13329971636,app_store,IN,abhy rai,5,Urgency demanded in the Silicon Valley of India,"The entire ecosystem of building startups in Bangalore is reflection of every evil corruption present in India. When Politicians don’t understand the requirements of redesigning the city, they bring true Bharat the one sacrifice is needed by delivery boys to reduce stress level of desk job employees who are building for Bharat. Now Maps can’t update on whim of individual goons closing doors so how can order be delivered to nearby society when society next to it is blocking the gate after 6 pm. But our real warriors will struggle deliver us something urgently same idea on which the entire startup ecosystem is built to optimise max performance. But I will wait and direct the guy so he gains credits by delivering order faster.",2025-10-29T15:58:00.000Z,0,18.04.2,https://apps.apple.com/in/app/blinkit-grocery-in-10-minutes/id960335206
13813524486,app_store,IN,Alpinoshaha,1,Bad experience,"I had an extremely disappointing experience with Blinkit and its delivery partner. I placed an order with Cash on Delivery, but when the delivery agent arrived, he clearly refused to accept cash. Instead of completing the delivery, he asked me to cancel the order myself.
I contacted customer support, and while they did help in raising a complaint about the delivery partner, they clearly said they could not allow Cash on Delivery and did not provide any proper solution. On top of that, my COD option is now blocked without any proper explanation.
This whole experience shows a serious lack of coordination and accountability between Blinkit and its delivery partners. As a customer, I expect basic professionalism and respect for the payment option I selected at checkout. Very poor service and highly disappointing. I would not recommend ordering unless they seriously improve their delivery process and customer support handling.",2026-03-04T16:39:47.000Z,0,18.52.4,https://apps.apple.com/in/app/blinkit-grocery-in-10-minutes/id960335206
13281638317,app_store,IN,Raja banna,5,Unpaid Transaction for Cancelled Order– Still Not Refunded,"I placed an order on Blinkit on 07 Oct 25 which was cancelled, but the refund transaction is still showing as ""successful"" on 14th October 2025. As of today, I have not received any refund for this order.
Despite the order being cancelled, the amount has not been credited back to my account. This delay is very disappointing and affects the trust I had in the service.
I kindly request Blinkit to resolve this issue immediately and process the refund at the earliest. Please also provide an update on the refund status.
Order details can be provided if required. Hoping for a quick resolution. Kindly look forward for customer care support on call.",2025-10-18T09:51:34.000Z,0,18.03.6,https://apps.apple.com/in/app/blinkit-grocery-in-10-minutes/id960335206
10383547679,app_store,IN,Biks1985,5,Worse customer service,If you order any product and its not proper then its very difficult to return. They will use AI which doesn’t work properly and your return will not happen. They don’t give option to speak with customer care. I tried doing it many times while i try to return some vegetables which are not fresh and poor quality but couldn’t get in touch with them. Never use their service to order vegetables or fruits. If you do you will be disappointed that is as per my experience ordering multiple times. When ever you order vegetables or fruits they will get old stock from fridge and poor quality. So be aware of it.,2023-09-19T05:58:25.000Z,0,15.19.1,https://apps.apple.com/in/app/blinkit-grocery-in-10-minutes/id960335206
12747472197,app_store,IN,Chandni_Mitra,1,Very Poor Experience with Blinkit – Cancelled Orders and No Refund,"I recently placed an order with Blinkit, but it was canceled without any notification, and I was issued a coupon instead of a refund. When I tried to use that coupon on another purchase, my second order was also canceled, and I was told I couldn’t receive a refund because I had “used a coupon.” That doesn’t make sense — it was my money, not a free gift coupon.

To date, I’ve communicated with six or seven customer support executives, all offering different stories and resolutions. I still don’t know the status of my refund and haven’t received any resolution. While I understand that mistakes happen, the lack of transparency, consistency, and honest support is unacceptable. Please think twice before ordering in bulk from Blinkit — their response has been nothing but evasive, and the customer support experience has been extremely frustrating.",2025-06-07T18:24:06.000Z,0,17.13.0,https://apps.apple.com/in/app/blinkit-grocery-in-10-minutes/id960335206
11735285337,app_store,IN,asgr2,1,8 Minutes Turned into 80: Blinkit's Delivery Disaster,"Blinkit's 8-minute delivery promise is a blatant lie! I placed an urgent order, expecting it to arrive in a flash, only to be left hanging for a ridiculous 30 minutes. When I tried to cancel the order, they told me it was already on its way, as if I didn't know that already. To add insult to injury, the delivery guy called me after I had already left to tell me my order was there. Seriously? What a joke! Blinkit clearly doesn't care about their customers. Their app is a disaster, their customer service is non-existent, and their delivery times are a complete joke. It's completely unacceptable that Blinkit doesn't allow cancellations when orders are significantly delayed. It shows a complete lack of respect for their customers' time and needs. I'm so disappointed and angry. I'll never use Blinkit again, and I'll make sure everyone I know knows about this terrible experience.",2024-09-17T21:18:07.000Z,0,16.12.0,https://apps.apple.com/in/app/blinkit-grocery-in-10-minutes/id960335206
14233733125,app_store,IN,AndreaThomas83,1,Worst customer service - is blinket actually becoming so arrogant!!!,Worst customer service!!! Never buy electronics from them - they will sell you a damaged or malfunctioning product and then their customer service will do some troubleshooting and then put it on the customer that they should contact the manufacturer. Thats how terrible they have become. They sell expired products! Then their adding address option is so terrible that the area location will select anything and then they will force the customer to cancel the order or they will cancel the order and they will charge like 20 bucks… lol. I give them business in thousandsssss… but blinket has become extremely arrogant and I don’t need that. I just use them now when I am not able to go out .. like from 1st app to go to they have now become my last option and I am extremely happy and at peace with this decision! :),2026-06-27T18:02:38.000Z,0,18.65.0,https://apps.apple.com/in/app/blinkit-grocery-in-10-minutes/id960335206
13977014692,app_store,IN,Morom21,1,no happy at all !!! 🫡,"few days ago i received a opened packet of biryani masala, and i reported about it too but i got no response from blinkit, and now last night i ordered for my dinner and waited for 1 hour and didn’t receive my order and slept hungry, and now this morning i was weak and had no groceries in my kitchen so ordered some items for breakfast and same thing repeated again like the last night but now i had to wait for 2 hours straight and asked me to cancel the order due to traffic and weather. I am concerned with the situation but dear blinkit if u are do able to deliver your item at time please kindly place the cancel option so we could cancel it . And why should u have to wait for 1 hour straight to get a delivery partner, if they are not available within 20-30 minutes please do cancel the order or you are more concerned about your sales and earnings??? Not satisfied at all!!!",2026-04-20T03:55:30.000Z,0,18.57.0,https://apps.apple.com/in/app/blinkit-grocery-in-10-minutes/id960335206
13108611965,app_store,IN,Jeffy@1,1,"Pathetic service from the dilivery partner & also on chat support ,call back made absolutely rude.","Almost took more than an hour for the product to be delivered by delivery partner. Called the partner several time no answer from the partner. On contacting the chat support, The call back from the agent was absolutely rude.. used words such as she doing her job…After wasting my valuable time for more than 90 mints … asking weather I would like to cancel my order… Rather getting the issue sorted and taking ownership just passing the information to customer as a messenger saying partner vehicle got punctured so it’s taking time…. Without retrospecting the exact issue. 

Me personally while tracking the app, The dilivery partner left the pickup location almost 45 mints before…and just reaching 4 mints away from the delivery location the person halted and gave info to the call back agent that he is getting the bike repaired… It should be obvious to check what the dilivery partner was doing for last 45 mints or so… 

Very poor tracking system…Anyway very bad experience will certainly escalate the matter further. 

Please do understand by doing so you are loosing the reputation of the company as there are competitor’s who are capable to give better service and customer experiences.

Be empathetic for the time wasted. Value time.",2025-09-07T07:14:00.000Z,0,17.23.1,https://apps.apple.com/in/app/blinkit-grocery-in-10-minutes/id960335206
12670565688,app_store,IN,Blinkit_Customer,3,Delivery guy Behaviour,"I’m really a Blinkit fan not just a customer. 
But I had an issue with a recent Blinkit order received around 5:30 PM where one item was missing. While the support team was responsive and resolved the issue quickly which I really appreciate. But the delivery person returned to my home around 9 PM and insisted that he had delivered everything. I mentioned the missing item, but he kept repeating that nothing was left out. Only when I asked if he had actually counted or checked the items and then he admit that he didn’t remember.

I don’t think it was appropriate for the delivery person to come back to my home just to argue about a complaint he received. That kind of follow-up should be handled by customer support, not by confronting the customer in person. 
 I wanted to complain this issue with support team but one point came to my mind that he know my address now if I complain about this issue with support team he may again come to my location - this really scares me.

I hope Blinkit takes this feedback seriously and ensures better training and protocols for delivery staff. A smoother and more respectful experience goes a long way in building trust.",2025-05-18T16:28:26.000Z,0,17.10.2,https://apps.apple.com/in/app/blinkit-grocery-in-10-minutes/id960335206
12339448023,app_store,IN,Alvin039,5,No solutions/service if high value items are stolen/missing,"I’ve used the app for the longest time. However, recently when a power bank was missing from the sealed delivery kit and I had to hop a flight for 2 days and inquired on this after return as it had been given as a gift, the team refused to help even when item was stolen from their warehouse. And I had to pay for it. No replacement/ refund/ update was provided even after follow ups multiple times.

Hence, be careful when ordering jog value items on the app or any electrical items- and check the deliveries before they leave itself. As the apps after sales service is zero!!!",2025-02-21T23:58:58.000Z,0,17.00.2,https://apps.apple.com/in/app/blinkit-grocery-in-10-minutes/id960335206
6018749076,app_store,IN,Hawabaaz,1,Pathetic Customer Service,The delivery agents take the liberty for the time they want to deliver you . I took the slot of 10am to 1pm of a Sunday . I got a call at 7:30 am from the delivery agent to come down from the building and receive the order as the delivery agent said that he has to go other way for the orders and won’t be able to deliver afterwards . I clearly told him that my slot if from 10am to 1pm . He disturbed my sleep for his own motives . I refused to take the order as I was not going to hurry up in the morning and do all the lifting of my stuff from ground floor to 3rd as he was not even willing to leave the order at my door step that is in my complete address with Floor clearly mentioned . At 12 I received a call from the same guy saying that some milk has spil in my ordered items so he will not be able to deliver it today. Clearly from his morning motives I can say he was lying and for the fact that I had 6 tetra packs of milk whose leakage is next to impossible.,2020-05-31T18:42:25.000Z,0,4.4.6,https://apps.apple.com/in/app/blinkit-grocery-in-10-minutes/id960335206
11628925308,app_store,IN,Mwchoudhary,4,Delivery Boy irritate me,"""I've been using Blinkit for a while now, and while their service is generally convenient, I've been facing a really annoying issue lately. Their delivery boys keep calling me repeatedly, sometimes even after the order has been delivered. It's not just a one-time thing, it's happened multiple times. I understand that they might need to confirm the order or ask for directions, but it's getting excessive. I've asked them to stop calling me, but they just won't listen. It's really frustrating and invasive. I hope Blinkit takes steps to address this issue and trains their delivery boys to respect customers' boundaries. Until then, I'll have to think twice before using their service again.""",2024-08-19T18:00:57.000Z,0,16.06.1,https://apps.apple.com/in/app/blinkit-grocery-in-10-minutes/id960335206
6906740613,app_store,IN,Rohit99sharma,1,"Downgraded quality, service and delivery.","I used to be a regular grofers user for few years but lately some changes has led me to move to other better apps like bigbasket and flipkart supermart. Grofers has severely downgraded their products quality, customer service, decreased cards discount and even delivery partners are worse nowadays. 
In GOBD sales I thought of retrying grofers and move back to using it but like always my experience had been pathetic- I won an INAAM which was changed automatically to of lower value product, even on raising issue on multiple platforms like grofers app, twitter no one took responsibility to solve my issue. They replied after few days that they can't help now as order is delivered.  The delivery guy also comes much before the selected slot, customer service is pathetic.  I would recommend you guys to move to flipkart or bigbasket to get much better customer service and better quality.",2021-01-24T05:20:44.000Z,0,4.6.1,https://apps.apple.com/in/app/blinkit-grocery-in-10-minutes/id960335206
4988490881,app_store,IN,Hya Ali,4,Way of Delivery,"The way of delivery of Grofers is not that great as compare to other online sites, I have hardly ever used grofers that much from a couple of months but the last few times I did it the delivery guy got lost and he went to a totally opposite place after my  proper conversation. Not only that, they don’t even rap the item very well. And the item is usually not in a great condition. I’m giving this app 4 stars only because I know they will improve this.  Rest everything is fine. The delivery usually takes about three to four days to arrive but that’s not the issue the issue is that the delivery item should atless be in a good condition!
I hope u improve this because I want to give u those 5 stars but there should atless be 5 things that I’m happy about! 👍",2019-10-20T20:21:03.000Z,0,4.3.0,https://apps.apple.com/in/app/blinkit-grocery-in-10-minutes/id960335206
13925841806,app_store,IN,Suhak Mondal,1,Missing item,"Very poor customer support, the agent does not listen. I ordered ₹1300 and with that order, a Blinkit was providing a free gift that was worth. I don’t know about that but cream. When I receive my order that item was missing customer support and this, they are saying this item is out of stock. Is out of stock item can be added to cart? I ask them to refund the value of that free item and they said it’s a free item. It cannot be refunded, so I informed them if I order ₹200 value items. Would you guys give me a free gift with that order, they don’t have any answer. I have been informing them that at least give me a voucher or a minimum like shot that the value of the item as a refund. It would be around ₹20-₹25 of free item. I am talking about the value of that free item. agent name was Kumari closed the chat on my face before I type something. I wish I should have placed the order",2026-04-05T17:06:27.000Z,0,18.55.2,https://apps.apple.com/in/app/blinkit-grocery-in-10-minutes/id960335206
11765720187,app_store,IN,ShikhaReviewTime,1,Pathetic Customer Support,"Only order COD, check if you have received all products and only then pay for it else consider your money lost.

Context -
I ordered item of 2k Rupees from here. Due to their technical glitch they couldn’t service it and requested for a cancellation. On cancellation the executive said that they can only refund in form of coupon and I can reach out to support to get it refunded to source mode post than. On doing so, the other executive informed that it wasn’t possible as coupon was issued. This coupon needs to be used in full amount with 30 days validity. The item was out of stock. Next day I reordered the item it got delivered with missing item. On reaching to executive he informed that store is offline and I need to reach out to them again after few hours. Again, I reached out to them on next day and same story and on requesting for cancellation and refund to source account same story was repeated. 

Now on asking for the missing item to be delivered the team is saying that store is still offline and I need to reach out to them for fourth time once store is online. This is hilarious and life lesson for all online purchasing that I am going to do now onwards. And obviously blinkit, zomato both lost a customer.

Lesson - only do cod and post checking pay them. 

Thankyou.",2024-09-26T07:37:19.000Z,0,16.14.1,https://apps.apple.com/in/app/blinkit-grocery-in-10-minutes/id960335206
10666185931,app_store,IN,Tanya Sakhun,1,Unsatisfied with the service (delivery agents),"Very rude behaviour of the delivery boys and girls! Not at all satisfied with the service provided to the customer. Since I live on the second floor, every time the delivery boys complain of some or the other problems just to avoid climbing the stairs. The delivery os supposed to be at the doorstep, so if I am at the second floor the order should be delivered there. This delivery girl, *Manju* did not even call me once she reached my place to deliver my order, just rang the bell and kept my order on the first step of the stairs. Inspite of me asking her to come up and hand over the delivery package to me, she spoke rudely and kept my order two floors down and sped away on her scooty. I kept waiting at the doorstep only to realise that she has already kept the order and gone!!!!!! Upon calling her thrice, she did not even bother to answer my phone. Disappointed and upset with the services provided by ‘blink it’!!!!!!",2023-12-07T08:36:45.000Z,0,15.28.0,https://apps.apple.com/in/app/blinkit-grocery-in-10-minutes/id960335206
13464213127,app_store,IN,Apoorw Vikram,1,Unfair charges,"Blinkit charges absurdly. They charge separately under 'Handling', 'Delivery' and 'Convenience.' Isn't handling and delivery part of the convenience that the app is delivering? Through these extra charges they put on average 10-20% load on customers' purses. It doesn't stop at that though. Blinkit also randomly applied surge charges. Right now, it's 3:48 am in the night. How can demand for products be so high at such an odd hour that they apply anywhere between 10-25% on average of total bill amount as extra surcharges? Eventually, the customers end up paying on average 15-40% extra on all their individual orders. That's much more than the labor and other fixed and variable costs they incur. Blinkit is basically pursuing ruthless profit through unfair application of extra charges that are totally unnecessary but the customers must pay. There are far better substitutes among its competition.",2025-12-01T21:23:27.000Z,0,18.07.2,https://apps.apple.com/in/app/blinkit-grocery-in-10-minutes/id960335206
12628473126,app_store,IN,Ravi Kiran Varanasi,1,Worst service ever…don’t trust blink as they wont trust us.,"Waste to buy a product in blink it…as the own team don’t has a bilef in customer and they wont cross check with team…the chain in the product itself missing …as i raised a concern to feedback team she is just telling sorry but she don’t want to solve the issue….as i requested her to call and check the cc tv footage and confirm that is he really checked the product and assigned to the customer or not …the feedback team tirupti is not interested to take the call…..and without any doing i just lost 1200 RS with in 20mins……worst worst worst blinkit service team and feedback team.

Note: As i requested the feedback team to share the address so that i will check the CC TV footage…even she don’t want to see and she is not sharing the details how come the service will be this kind off worst.
If you are not trusting the customer keep an open box delivery.",2025-05-07T05:49:21.000Z,0,17.09.2,https://apps.apple.com/in/app/blinkit-grocery-in-10-minutes/id960335206
12370203518,app_store,IN,Mussu23,1,Want your enemies to suffer? Recommend this app to them,"I tried to order a few drinks and some ice cream from the app . At the top of my concern list is why are they charging such high delivery charges?! And why do they show you that the item os out of stock only when you have your upi app ready to pay?
O had placed my order twice but both time it was some issue or the other, either are too “busy” to take any order but still show that there app is available for ordering or after you have paid for your order they show some processing issue and say that they will refund the money after 3-5 days
If you can take the money so easily, then why does it take so long to return it 
And if there is some issues, they should not be able to deduct the money from the account . Not only did I waste my money but also my time. 
Would never recommend it to anyone ever",2025-03-01T17:47:03.000Z,0,17.01.2,https://apps.apple.com/in/app/blinkit-grocery-in-10-minutes/id960335206
12137450067,app_store,IN,nothing betterr,5,Harassing delivery agent Mohammed,Blinkit delivery agent mohammed who delivered in sector 53 chandigarh on 2nd January misbehaved and harassed two ladies while delivering package and demanding an apology from them for giving him a slightly torn 10 rupee note which ensued an argument on not agreeing to apologising to him he called 10 other guys/men outside our house (all of them blinkit delivery agents) who intimidated us two women and charged towards us causing a huge scene and asking to be hit again and again ! We faced such harassment while we were alone at home ! The worst ever experience of my life with a delivery partner ! This person should be shunt out and those 10 others they are ganging up on women and spoiling the name of the company!,2025-01-02T22:20:51.000Z,0,16.30.0,https://apps.apple.com/in/app/blinkit-grocery-in-10-minutes/id960335206
12399113896,app_store,IN,Sanjuuuuuuuuy,5,Trying to scam me everytime now,"I have been using blinkit from long, but in delhi. Now whenever i have ordered something from blinkit in sonipat, it is always with some issue. Most of the times items are missing from the order and i receive it without bill. Another time i order fresh paneer of 200 g but received even less than 100g. And complaint section is so slowww. I do not have this much time to have such patience and complaint everytime. This is such a scam, if i dont recheck my delivered order from my app, i ll be losing money with no goods received. 
Very much frustrateddd. Thinking of deleting the app and suggesting friends to do so as well.",2025-03-09T03:27:46.000Z,0,17.01.3,https://apps.apple.com/in/app/blinkit-grocery-in-10-minutes/id960335206
12006200921,app_store,IN,Muskanguneet,1,Small request u guys won’t understand,First of all I m very disappointed by the customer service of your miss ayesha and miss rida both made fool out of me as I m new to blink it first I had order the blue colour lighter as I wanted to a gift for my brother on his birthday but they send me an green lighter first I have informed miss rida the support executive that I want blue lighter only but she said it’s on the way u can replace it with what u want I did the Same I replaced it but the replacement was also not what I wanted so I contacted the support executive again this time it was miss ayesha who was just apologetically saying not possible u have received the correct item etc but I haven’t received what was correct I have received the wrong one very bad service and pathetic customer service who just wanna make fool out of u after 2 years of using blink it this is what I got nothing but an disappointed from blink it shame,2024-11-29T17:56:42.000Z,0,16.25.2,https://apps.apple.com/in/app/blinkit-grocery-in-10-minutes/id960335206
10693234742,app_store,IN,Shrill1991,1,Blinkit delivery boy :You need to get it by yourself:,"I’ve ordered some stuff from the app and merely 50 meter ahead of my building the delivery boy asked me to get the stuff as he can’t find my address. It was totally application fault that they have not pinned my address correctly and delivery guy even not bothered to ask address from someone or even bot asked me to guide the address but then also I’ve guided but he even not bothered to move from his location and he keeps telling me that I need to collect the stuff from him. Dear blinkit, I am not here to collect my stuffs from wherever you want, I am here to get my stuff delivered at my doorstep. If you cannot pay well your staff at least ask them to behave well. 

Uninstalling the app and I will make sure everyone I know will do the same and if they won’t do I will make them do the same and will never suggest to buy anything from your application.",2023-12-14T11:32:08.000Z,0,15.31.1,https://apps.apple.com/in/app/blinkit-grocery-in-10-minutes/id960335206
6762885323,app_store,IN,ajaykrverma,1,Perishable products,"I usually order 6-12 packs of Nestle tetra milk  packs each time I order so that they last for at least a month as the shell life is 6 months from packaging. Yesterday when I opened one box which was purchased by me 10 days earlier. The milk was of bad quality, having bad sour and spoiled. Grofers refused to return it saying they perishable items can be returned in 4 days only. This is nonsense. Tetra packs have a life of six months. We open it based on our need within the time allowed. Should we compulsory open all boxes within first four months only. Grofers terms and conditions are silent on this point. Grofers never told us about this condition to us neither at the time of signing nor at the time of placing order. The executive told a blatant lie on the matter. They even are unaware of Escalation matrix for handling  complaints of its customers and just ignore the facts giving reason of internal policy matter. Pathetic and frustrating.",2020-12-17T12:05:40.000Z,0,4.5.7,https://apps.apple.com/in/app/blinkit-grocery-in-10-minutes/id960335206
13438039351,app_store,IN,Adarsh happy,1,Blinkit Is an Absolute Disaster – Worst Customer Service Ever!,"I am FURIOUS with Blinkit. This has been the most pathetic and infuriating experience I’ve ever had with any online platform.

I ordered OnePlus Buds, and guess what?
The box arrived COMPLETELY EMPTY. Literally NOTHING inside.
How does a company even deliver an empty box?!

Then I bought Kama Mehendi worth ₹2200, and that was another joke. The product looked FAKE, the box was air-blown, clearly tampered, while the rest of the packages were sleek. Anyone with eyes could tell something was wrong.

And when I raised a complaint, Blinkit’s so-called “customer support” did ABSOLUTELY NOTHING.
All they said was:
“We can’t return or replace the product.”

Seriously? You deliver EMPTY and FAKE items and then refuse to help?
What kind of scam service is this?

I begged to talk to someone senior.
They made me wait 12 HOURS before a lead even bothered to call — and even then, she had NO authority and NO solution. Total waste of time.

Let me say this LOUD AND CLEAR:
Blinkit is ONLY good for cheap daily groceries.
The moment your order goes above ₹1,000, you are on your own.
If something goes wrong (and trust me, it WILL), they WILL NOT help you. Their support team is powerless and hides behind useless scripts.

I’m done with this app.
NEVER buying high-value products from Blinkit again — and neither should you.",2025-11-25T03:44:51.000Z,0,18.06.1,https://apps.apple.com/in/app/blinkit-grocery-in-10-minutes/id960335206
8298142249,app_store,IN,Ashwani JJJ,5,Bad experience with blinkit,"Earlier I was a great fan of grofers but recently it has been converted to blinkit, and i could see a great dip in the customer care. 
I have registered a complaint about a product for my order using chat they have registered the complaint but after that there no way to track.
Then after waiting for 2-3 days i myself called to customer care, they completely denied to process the complaint and said all items to be checked at doorstep delivery only later they can not do any replacement and refund. 
I will stop using this app from today onward will shift to big basket or big bazar which seems to be more customer friendly.",2022-01-30T02:22:57.000Z,0,6.3.1,https://apps.apple.com/in/app/blinkit-grocery-in-10-minutes/id960335206
9371289421,app_store,IN,Karabi Basak,5,Poor quality non veg products,"I have been delivered with a stale chicken for the second time and when I reported that in the chat window the executive named Abdul without checking with me initiated replacement of the product which I didn’t  want. He called me and mentioned for refund but he without initiating the refund closed the matter/ticket. 
The Blinkit app is not at all user friendly. The chat window does not allow you to move forward without uploading the pic but it won’t allow you to take the pic from your mobile gallery. How long we can keep the stale chicken at home for sending images. I recommend not to buy any non veg item from Blinkit.",2022-12-07T18:13:24.000Z,0,8.4.2,https://apps.apple.com/in/app/blinkit-grocery-in-10-minutes/id960335206
11919195200,app_store,IN,Subbujha,1,Blinkit: The Sneaky Snack Thief,"I once thought Blinkit was a quick and easy way to grab a midnight snack. Little did I know, I'd stumbled into a well-oiled machine of sneaky charges and customer deception. They've mastered the art of the ""surprise tip."" You order a pack of chips, and suddenly, a ₹50 tip appears out of thin air. It's like a magician's trick, but instead of pulling a rabbit out of a hat, they're pulling money out of your wallet. Their customer support is as helpful as a chocolate teapot. They'll tell you to ""just uncheck the tip next time,"" as if that's going to reverse the damage done. It's like they're saying, ""Oops, our bad. Just pretend it never happened."" With their sky-high delivery and handling charges, it's clear that Blinkit is more interested in lining their pockets than satisfying their customers. So, next time you're tempted to order a late-night snack, remember: Blinkit isn't just delivering food; they're delivering disappointment.",2024-11-06T13:27:26.000Z,0,16.22.0,https://apps.apple.com/in/app/blinkit-grocery-in-10-minutes/id960335206
11158232450,app_store,IN,Virexk,1,2 weeks expired bread loaf and unspeakably horrible Support,"Got a 2 WEEKS expired bread load. Tried to get a refund, but they'd only offer replacement. Automated loop – ""To regain your trust and confidence, we're offering you a replacement. a. Okay, got it b. Goo back to main menu"" I had ordered the bread to eat immediately, didn't want to get a replacement. I instead ordered breakfast from a restaurant because I thought that'd be faster. Spent hours trying to speak to someone, but there was literally no way on the app to do that. Reluctantly opted for a replacement. That too didn't come for hours because I guess they didn't have fresh bread! Finally got to speak to someone on chat but that executive ended the chat abruptly! This after hours of trying to reach someone. Finally they cancelled the order themselves because what were they going to deliver? Got a refund after 8 hours of trying! Never again.",2024-04-14T16:22:42.000Z,0,15.45.3,https://apps.apple.com/in/app/blinkit-grocery-in-10-minutes/id960335206
9216589269,app_store,IN,khan sector 57,5,One stop for all grocery needs,"Am happy to see that now I can order my salad and choose from the gourmet selection too! I am now buying most of my monthly grocery supplies here and am happy to note that with reasonable prices, I get a larger selection too. Earlier i was logging on to multiple e-commerce sites to buy the supplies. The only challenge is the desktop experience. I prefer logging at work day end to order supplies but the web interface either hangs or doesn’t work on the payment. Also the app and web don’t talk to each other sadly .
I rated the app when it was grofers… as Blinkit it’s a lifesaver app. Stationary items addition is really helpful…",2022-10-24T09:13:44.000Z,0,8.2.7,https://apps.apple.com/in/app/blinkit-grocery-in-10-minutes/id960335206
12869915120,app_store,IN,Shraddha Rumalmath,5,My Daily Go-To App!,"Blinkit has truly become an essential part of my daily routine. Whether it's groceries, snacks, personal care items, or last-minute essentials, Blinkit delivers it all—super fast and super fresh. The delivery is always on time (often earlier than expected), and the packaging is neat and secure.

The app is user-friendly, the categories are well-organized, and the real-time tracking makes everything smooth. I especially love the deals and offers that make everyday purchases even more affordable.

Highly recommend Blinkit to anyone who values convenience, speed, and reliability. It has made my life so much easier—thank you, Blinkit!💛",2025-07-09T05:21:29.000Z,0,17.18.1,https://apps.apple.com/in/app/blinkit-grocery-in-10-minutes/id960335206
12083569015,app_store,IN,D&DDHABA,5,Fantastic service… I love it,"“Blinkit has completely revolutionized my shopping experience! Your service is not just fast but truly exceptional. Whether it’s groceries, snacks, or daily essentials, everything arrives fresh and on time, often within minutes. The app is user-friendly, with a seamless ordering process and regular updates on delivery status.

What I love most is your consistent reliability—even during peak hours or bad weather, Blinkit ensures top-notch service. Kudos to the team for setting such high standards in convenience and customer satisfaction. If you value your time and want hassle-free shopping, Blinkit is the ultimate solution. Highly recommended!”",2024-12-20T03:53:08.000Z,0,16.29.0,https://apps.apple.com/in/app/blinkit-grocery-in-10-minutes/id960335206
12439202372,app_store,IN,Jay Kochar,1,Very bad experience,"Dear blinkit, I am ordering items from your app for a very long time. However in recent months it has given me such a bad experience. I have many times tried to order things in recent months but they always cancel my order saying that my current location and given location doesn’t match. They told me to type my location manually so I did that too. But they didn’t accept my order still. Two times I had ordered items for which I had paid 282rs each time online. The order was cancel and I DIDN’T GET MY MONEY BACK. Instead they generated a coupon of that amount. Why do I have to use that coupon. JUST RETURN ME MY MONEY BACK IN MY BANK ACCOUNT. I think this is my right. My orders are getting cancelled so how will I use it? I had mailed about all these to your customer care mail id but didn’t get any responses. It’s enough now. Refund me my money back.",2025-03-19T15:28:02.000Z,0,17.02.3,https://apps.apple.com/in/app/blinkit-grocery-in-10-minutes/id960335206
8987778400,app_store,IN,hello foody,5,Very bad quality,"I am very disappointed with the fresh fruits and vegetables delivered in the past therefore stopped ordering it , just because of their prompt delivery I was only ordering packed items . Today I asked for two containers of walls ice cream. Both the ice creme was stale something like melted and reset . Most horrible experience. The customer support kept asking the same question again and again and like always came no help , only repeated questions. 2 times I sent the pics but they kept asking again and again . No prompt refunds or replacement like other online stores Delivery 4 star but products and produces and customer service, no star",2022-08-17T12:10:09.000Z,0,8.1.1,https://apps.apple.com/in/app/blinkit-grocery-in-10-minutes/id960335206
8974528194,app_store,IN,Chitrangda Mehra,1,Degenerates blocked my account,"Bloody rascals! I’ve been a regular customer with Blinkit and ordered products from them which of course were either stale or defective for which they expect that I won’t even raise a complaint! It was an everyday occurrence when either some or the other product sent from their end had an issue. So rather than working on their policies to provide a good consumer experience, they rather blocked the consumer! Slow claps! Do they really think that there is no other application in the market that can compete them or if I’m such a cheapskate who finds some sort of sadistic pleasure by crying for refunds? Well if they can’t respect the customer, the customer will be more than happy to switch to some other application. Goodbye Blinkit! You had already lost your reputation with your rebranding and all what saving grace you have had will also end soon. Thanks for nothing!",2022-08-13T13:33:52.000Z,0,8.1.1,https://apps.apple.com/in/app/blinkit-grocery-in-10-minutes/id960335206
13723003124,app_store,IN,AB70000,1,Poor quality control while packing order,"I keep having issues with your product packaging. Many products have had punctured packaging. All the air was going out of it. I have reported this in the past and you have refunded. But frankly I would love it if you can fix your quality control. I am tired of having to keep raising incidents. It should not he this hard. You say you charge handling charge for this but your quality checks are extremely poor. Some times it is the wrong product, sometimes the bottle is cracked, sometimes the suction of juice bottle is gone and all the juice falls out, sometimes oil bottle is leaving, sometimes chips bag is punctured and no air in it. Take an extra minute to see what you are packing. Deliver in 20 minutes instead of 15. So I dont have to spend 30 minutes to get this addressed. Please fix in the future. Thanks.",2026-02-07T12:33:03.000Z,0,18.15.0,https://apps.apple.com/in/app/blinkit-grocery-in-10-minutes/id960335206
12087917349,app_store,IN,Adi265077,5,Exceptionally great service! Wide range of products!,"I am extremely happy with Blinkit’s service! They offer a wide range of products that cater to all my needs, from daily essentials to specialty items. The service is excellent, with a user-friendly app that makes ordering seamless. Their delivery is impressively fast and reliable, ensuring I get my items fresh and on time. The customer support is responsive and helpful, always ready to address any concerns. I also appreciate the regular discounts and deals they offer, making shopping more economical. Blinkit has truly set the standard for convenience and efficiency in online grocery shopping!",2024-12-21T07:53:19.000Z,0,16.28.0,https://apps.apple.com/in/app/blinkit-grocery-in-10-minutes/id960335206
12810893205,app_store,IN,VaivJais,1,They don’t deliver full items. That happened with me on Saturday. This type of fraud is increasing,"I have order for two mouse and two head phones on this Saturday that’s 21st June, 2025. But received only one mouse. The delivery guy said he got only three iteams not four. Immediately o raised a complain with image, video and photo and f delivery guy with his statement. That he got only three products. The customer care kept me waiting telling we are checking and kept me waiting for 10 to 15min on chat window and after that closed the complain as resolved.. please be cautious. And again I tried after some time in the evening same thing happened they told u am calling u in ur no no call received and they updated ur no was not reachable and again closed the complaint. Now they are saying more than 24th is passed we can not do any thing.. 
please suggest how to get my issue resolved…",2025-06-24T09:05:50.000Z,0,17.16.0,https://apps.apple.com/in/app/blinkit-grocery-in-10-minutes/id960335206
9790046459,app_store,IN,tiliksha,5,It was a life saver now it is just one big scam,"It was a life saver now it is just one big scam of poor quality products delivered to you on extra ‘delivery’ charges!! Quality of fresh vegetables and fruits has deteriorated tremendously, packaged items come damaged and sometimes you can not even talk to customer care representative. Please shift to big basked, swiggy instamart, zomato grocery or zepto. They dont play with quality at least. To Blinkit Team: guys your services have been taken for granted by the grocery owners who supply products. They send bad and poor quality products in the name of blinkit to customers, damaging the brand name.

But hey, the app is quite smooth to navigate.",2023-04-05T16:05:21.000Z,0,15.0.8,https://apps.apple.com/in/app/blinkit-grocery-in-10-minutes/id960335206
11717599596,app_store,IN,Poojapariii,1,No safety,"Very horrible customer service and the delivery agent. The delivery agent claim to have made calls, but i received no calls from the delivery guy or customer service. And he calls me after 45 minutes and threatens me at 3.00am and speaks rudely to cancel the order. The guys name is Shivakumar. I did a very big mistake registering my address on this app, cz this is now threatening my safety. When i said i want to talk to the manager, they are just passing phones around and in the end couldn't even deliver the order and cancelled the order without my confirmation.
They are of no help, they are unable to do anything. They are not even able to take off personal data from their platform. They want me to come back and complain once something wrong happens. 
They have not hired delivery guys, but have hired ROWDIES to make the delivery.
It was my mistake to use the app. PLEASE BEWARE AND DON’T ORDER FROM HERE!!!!!",2024-09-12T22:17:25.000Z,0,16.11.1,https://apps.apple.com/in/app/blinkit-grocery-in-10-minutes/id960335206
11406943744,app_store,IN,north atlantic ocean,1,Poor customer service and poor customer handling,"I ad ordered some items through blink-it and was expecting the order to be delivered within 15 mins, when the order was delayed, i raised a query and enquired about my delivery, when asked about the delay, my order was cancelled by blink it without my permission and the customer executive did not help at all, cancelling my order was too rude to be done , i had already paid for my order too, now i didn't get my order and i need to wait for a week to get my refund. Is this the way to treat your customers? Isn't it rude and disrespectful? . The customer executive didn't help at all, instead cancelled my order. This is not taken . You cant take your customer for granted. You've lost a customer today, if this poor service is continued, you’ll lose many more . Too sorry to say this, uninstalling blinkit right now.",2024-06-21T15:31:27.000Z,0,16.00.3,https://apps.apple.com/in/app/blinkit-grocery-in-10-minutes/id960335206
12012330371,app_store,IN,shiffin joy,5,Blink it,"Blinkit has truly revolutionized the way I shop for essentials. The app delivers on its promise of speedy delivery, often arriving in under 15 minutes—a game-changer for last-minute needs. Whether it's groceries, personal care items, or household products, the range is impressive and caters to diverse needs.

The quality of the products is consistently good, with fresh fruits and vegetables always meeting expectations. I also appreciate the neat and secure packaging that ensures items arrive in perfect condition.

Navigating the app is smooth, thanks to its intuitive interface. The search feature is efficient, and the categorization makes finding products effortless. Plus, the regular discounts and promotions add great value.

One area where Blinkit shines is customer service. On the rare occasion something goes wrong, their support team is quick to resolve issues, ensuring a hassle-free experience.

If you're looking for convenience, speed, and quality, Blinkit is a must-try. It’s become an indispensable part of my daily life. Highly recommended!",2024-12-01T06:55:27.000Z,0,16.25.2,https://apps.apple.com/in/app/blinkit-grocery-in-10-minutes/id960335206
11715519436,app_store,IN,ROHAN BHAIYA,5,Grocery Shopping Revolutionized - Lightning-Fast Deliveries!,"I'm absolutely blown away by the Blinkit app! The convenience, speed, and seamless experience have transformed my grocery shopping routine. With Blinkit, I can get fresh produce, essentials, and even last-minute needs delivered to my doorstep in record time - often within minutes!

The app's user-friendly interface, real-time tracking, and courteous customer support make it a game-changer. No more traffic woes, parking hassles, or long queues!

Blinkit has genuinely made my life easier, and I wholeheartedly recommend it to anyone seeking a hassle-free grocery shopping experience. Five stars aren't enough - it deserves ten!",2024-09-12T09:39:50.000Z,0,16.11.0,https://apps.apple.com/in/app/blinkit-grocery-in-10-minutes/id960335206
11380300751,app_store,IN,samy.happy,5,Saviour,"It sounds stupid but it was a big deal for my 11 yr old who is gonna write her maths exam tomorrow and while practising she broke her protractor… it’s 10:15 pm and obviously you won’t find any nearby shop open at this hour. She was sad and crying. I kept searching in the house in hope to find her old one but couldn’t find any. That’s when it strikes me to check it on blinkit (around 12:07 am). Fingers crossed, I downloaded blinkit and to my daughters luck, it was delivering it. I ordered it immediately and guess what, my daughter could sleep peacefully as she got her protector which was the most important thing for her maths exam. Thank you Blinkit…you are a saviour.",2024-06-14T13:34:13.000Z,0,15.53.0,https://apps.apple.com/in/app/blinkit-grocery-in-10-minutes/id960335206
11649836077,app_store,IN,shivam_reborn,1,Ordered items got removed by itself,"I actually ordered some food and drinks. When I received it, my coke was removed even from invoice list Automatically and even the free items which are deliverable also got removed, when I actually added it. The customer support team is all a medium of conversation but not authorised to take decisions. And in return their defence is technical glitch. 
Please it’s not a technical glitch, it’s a failure of e-commerce platform that ordered items are automatically removed from cart and invoice part. It’s a BLUNDER, I would say. 
And In return no compensation or nothing. 

They could say only thing over call, They can’t do anything, it’s a technical fault. You should know that the customer is interested in eatables and not interested in your technical glitches. You should resolve the things which the customer wanna eat. He is hardly interested in your technical faults. He might be hungry, he might order in morning, he might rush to office and u delayed his whole morning and sometimes one cannot even have a breakfast and “n” number of numerous things. 

You are trying to ruin someone’s day, 
It’s Not a TECHNICAL GLITCH, it’s a BLUNDER that you tell over call. 
And worst app to use I would say then when you can’t take the responsibility",2024-08-25T04:57:14.000Z,0,16.08.1,https://apps.apple.com/in/app/blinkit-grocery-in-10-minutes/id960335206
10507770337,app_store,IN,Shikha Singhvi,5,Best ever service app,"Blinkit is really delivered within blink of an eye. Seems the person is stood in our building only the moment we gave order!! Amazing service!! Keep it up! Its little costly and lesser offers in comparison to other apps. Also bank offers are also limited while choosing coupons, atleast top 5 banks should be made available for some discount offers.
But services and quality wise its the best. I just have one complain in many previous orders, that ladyfinger was of very big size, though good ladyfingers should be soft, green and smaller in size. Your team should keep an eye for quality upkeep of veggies. Rest all is fine!!",2023-10-23T18:22:27.000Z,0,15.23.0,https://apps.apple.com/in/app/blinkit-grocery-in-10-minutes/id960335206
10211916420,app_store,IN,DABAS SONALI,5,Worst employees/drivers condition in Gurgaon,"Time for Zomato has gone down or what I am not able to understand if you guys are not even able to provide your drivers with a raincoat while a driver is suffering from extreme rain and can get super ilL because of not having a raincoat and not having the kind of money to buy one so kindly provide your people a raincoat at least so that these people can actually feel that you people care for them. I hope I am was able to make my point very clear. This is nothing against the delivery partners but then the condition that you put them into can make them very ill.
Thanks and regards.

 Sonali Dabas.",2023-08-02T16:44:39.000Z,0,15.12.0,https://apps.apple.com/in/app/blinkit-grocery-in-10-minutes/id960335206
9950348528,app_store,IN,Chanchala Tiwari,5,Review,"Everything is good about this application but now a days I am a facing problem everyone which is whenever I am trying to put my order it is unavailable. And now delivering the order on time. My suggestion is if you have made any application with certain advantages for us. Then you can’t backspace. 
Please be available whatever issue you are facing you should resolve it quickly before market stop choosing you. 
I am a big fan of Blinkit and it’s my honest review.. as it is a go to thing for me but from 2 months almost it is disappointing me like anything.. 
I suggest try to resolve this problem as soon as possible.",2023-05-21T13:15:30.000Z,0,15.5.3,https://apps.apple.com/in/app/blinkit-grocery-in-10-minutes/id960335206
11650604918,app_store,IN,Rajan Rt,5,Outstanding Service Experience,"I've been using Blinkit for a while now, and I have to say, their service is outstanding. The app is user-friendly and offers a wide range of products with real-time inventory updates. What truly sets Blinkit apart is their delivery speed; orders often arrive within minutes, which is incredibly convenient for those last-minute needs. The quality of the products has consistently been high, and the customer service team is responsive and helpful. Overall, Blinkit has become my go-to for quick and reliable grocery and essentials delivery. Highly recommended!",2024-08-25T10:31:51.000Z,0,16.08.1,https://apps.apple.com/in/app/blinkit-grocery-in-10-minutes/id960335206
9575717966,app_store,IN,Sweety_21,1,Super worst,"ihave order 24 plus items from the  app and after order i got my order in 40 min.

However 2 items were missing so i notify the delivery agent he called in the store and said don’t worry they will look into this.

i try to connect with-the customer care.
i explained the scenario but the customer care team said  as per the confirmation your order is delivered  no item is missing now we can’t do anything and disconnect the call.
Same thing happened 5 time over the calls as well as on the chat. 

After3 hours they said will redeliver your order within 30 minutes.

After 30 minutes the delivery boy comes with only one item however 2 were missing.

i said please confirm with your team 2 items are missing please see my order details i show him the application  with order details.

He called the store manager and tell the scenario the manager said 
(ek item out of stock h ek he the bhai tu to maar de delivery.)

This is the reply given by the store manger how can a store manager making fool to their customers nd the customer who is struggling with the customer care who is not even try to help.
Just because of your mistake or this nonsense behaviour i have to waste my time and money.

kindly take action on this .
Worst experience super bad service.",2023-02-02T17:24:35.000Z,0,8.5.7,https://apps.apple.com/in/app/blinkit-grocery-in-10-minutes/id960335206
14053863217,app_store,IN,Rujaquar,1,Scammers,"This was a highly misleading product listing and a terrible customer support experience from Blinkit￼.

I ordered this charger thinking it was a normal plug-and-play car charger that fits into the cigarette lighter socket. However, after receiving it, I discovered it is actually a wired installation charger that requires fitting and wiring into the car dashboard.

This is a completely different type of product.

The issue is not that I “changed my mind.” The issue is that the listing presentation is misleading. The first image shown prominently looks like a standard car charger, while the important detail that it requires installation and wiring is hidden deeper in the images and not made clear upfront.

Any normal customer scrolling quickly would assume this is a regular USB car charger.

When I contacted support, instead of acknowledging the misleading listing, they refused to provide a refund and only offered a replacement of the exact same item which makes no sense because the product itself was not what was expected from the advertisement.

Their response felt robotic and dismissive:

* No accountability
* No attempt to understand the misleading listing
* No proper resolution
* Just repeating policy lines

Customers should be very careful before ordering electronics from this platform. If the product images and presentation are unclear or deceptive, you may end up stuck with something you never intended to buy.

I’m posting this review so others do not fall into the same situation. Transparency matters, and companies should clearly highlight important installation requirements instead of presenting the product like a normal plug-and-play accessory.",2026-05-11T20:26:59.000Z,0,18.59.0,https://apps.apple.com/in/app/blinkit-grocery-in-10-minutes/id960335206
13336469623,app_store,IN,Shahulk,1,"1-Star Review for Blinkit – FRAUD ALERT! Fake Images,","1-Star Review for Blinkit – FRAUD ALERT! Fake Images, Incomplete Product, Tiny Size, Zero Support
Product Shown on App: Full Halloween costume – Scream mask + skeleton gloves + black robe with glowing skeleton print (clearly marked 90cm, suitable for kids). I ordered TWO for my children.
What I Received:
❌ ONLY a cheap black frock (no mask, no gloves)
❌ Extremely small size – barely fits a 4-year-old (labeled 90cm but feels like 60cm!)
❌ Poor quality thin cloth, not even proper costume material
❌– nothing like the image

I sent photos + video proof showing:
•  The original product page (with mask, gloves, full skeleton)
•  The actual item received (just a tiny frock)
Customer Support Response:
•  Ignored my video
•  Closed tickets saying “item delivered as shown”
•  Refused refund or replacement
•  No manager, no escalation – just bot replies
I lost money on TWO useless pieces of cloth. My kids were excited for Halloween – now they have nothing to wear.
BLINKIT IS CHEATING CUSTOMERS WITH FAKE IMAGES.
This is not a mistake – it’s deliberate fraud.
⚠️ WARNING TO ALL PARENTS & BUYERS:
🚫 Do NOT buy costumes or any clothing from Blinkit
🚫 Images are 100% misleading
🚫 Sizes are fake
🚫 Support will abandon you after payment
Save your money. Shop from local stores or trusted apps.
Blinkit doesn’t deserve a single rupee.",2025-10-31T05:12:03.000Z,0,18.04.2,https://apps.apple.com/in/app/blinkit-grocery-in-10-minutes/id960335206
13252304981,app_store,IN,Yardie Heer,1,You did not help you,"did not get free gift I was waiting for this
5:28 PM V/
Farheen
I am sorry for the inconvenience. Please do not worry will try my best to resolve your issue from my end.
5:28 PM
Farheen
I am looking into your issue. Please allow me a moment.
5:29 PM
Farheen
As I can check the item was added to the cart and I would like to inform you that the item can be delivered until the stock lasts in the store, and unfortunately I am unable to arrange a redelivery or refund regarding this as it is an free gift from Blinkit, please accept my apologies for inconvenience caused.
5:30 PM
Farheen
Is there anything else I may help you with?
5:30 PM

want that product
5:30 PM V/
Farheen
Farheen
As I can check the item was added to...
This is a free gift from blinkit, untill stock is available we can give you otherwise we cannot deliver this freebie.
5:31 PM
Farheen
We always wanted to put a smile on our customer's faces but I am extremely sorry for that but it is been not possible. I can completely understand your situation. But trust me if anything is possible from my end I will proceed with it without any second thought. We hope to give you a hassle-free experience with future orders.
5:32 PM
Shat up
5:33 PM V/
You liers
5:33 PM V/
Farheen
Please use professional language so that we can continue this conversation.",2025-10-11T12:11:08.000Z,0,18.03.3,https://apps.apple.com/in/app/blinkit-grocery-in-10-minutes/id960335206
13086505627,app_store,IN,Poor service by AJIO,1,Unprofessional Customer Support and Late Delivery,"I am a regular customer of Blinkit, but today’s experience was very disappointing. My order was already delayed by 20 minutes, and when I called the delivery boy, he said it would take another 15–20 minutes. Due to this delay, I requested customer care to cancel the order, but instead of understanding the situation, they told me I would have to pay a ₹20 cancellation charge.

This is highly unfair because the delay was from Blinkit’s side, not mine. I had to go to the market and buy the required items myself since Blinkit failed to deliver on time. On top of that, the customer service executive was unprofessional and spoke in a very casual, untrained manner, which did not feel respectful at all.

As a loyal customer, I expect timely delivery and professional handling of such situations. Unfortunately, today Blinkit failed to meet both.",2025-09-01T14:41:25.000Z,0,17.23.1,https://apps.apple.com/in/app/blinkit-grocery-in-10-minutes/id960335206
10394167798,app_store,IN,Bhandarl,5,Jyoti Nandan Bhandarl,"Very good service & rates are a bit on higher side Just now placed order for Gowardham Dasi Ghee at Rs 555 /for 1 litter Your price was mich higher Rs 650/ 1 litter I purchased watermelon from you on my last order with Almond oil & Boroplus gel Watermelon is ka ha ( not ripe ) white from inside please replace thank you Today I ordered Jai atta but it was missing kha e complained let’s see when it arrives Very very bad . How do your billing section works I should be delivered my 500 gm Jau Atta of Pansar Company My complaint not taken up yesterday my order of Jau atta missing but payment taken

What is the benefit of review you don’t listen 
You delivered did not delivere my order Jau Atta
While you took the payment",2023-09-22T08:14:30.000Z,0,15.19.1,https://apps.apple.com/in/app/blinkit-grocery-in-10-minutes/id960335206
13640639095,app_store,IN,KashyapS19,5,My go to app for anything I need quickly!,"Blinkit isn’t just a fast delivery app any more. It’s that reliable friend when you realise you’re out of something important… or unimportant but need it urgently!

Recently I needed a couple of printout’s for an upcoming tax submission, at 10pm no Xerox shops were open, and Boom, Blinkit got it delivered, safe and sound, in a sealed envelope. Quality of printout is top notch.

The app interface is clean, intuitive and their search works well! Their prices are slightly higher than the competition, but the wide range of products, quality of packaging and delivery speed builds trust and repeat customers in the long run!",2026-01-16T16:28:44.000Z,0,18.11.0,https://apps.apple.com/in/app/blinkit-grocery-in-10-minutes/id960335206
8636758000,app_store,IN,sudarku,1,No more Blinkit. Everyone please uninstall Blinkit and use some other app,"When it was Grofers, never had issues in any of the orders for almost 5-6 years.
But after it became blinkit, issues started occurring.
Firstly it started charging Rs. 9 as delivery charge, then Rs. 15, and today it was worst one. Along with charging delivery fee of Rs. 15, another weird charge called surge charge of Rs. 30 was charged today.
Along with that, even after my payment was successful, but delivery guy was forcing us to pay complete cash, as in his system it was showing payment not done. I’ve even shown him my app and all screenshots of successful payment, but he’s asking to either pay or he was ready to take grocery back. Total useless blinkit.

Is this why we’re ordering from Blinkit? This is a complete mental torture.

Earlier order issue : Last weeks order was also a nightmare. Talked to 5-6 customer care executives, when they wrongly delivered 3 items (different item). When I asked for getting it corrected, got no support when 7th time got connected with senior and then only got help. This was another mental torture for 4-5 hours continuously.

Would be quiting blinkit from today, and would suggest everyone to quit and choose some better and reliable apps.

Done with Blinkit.",2022-05-04T15:49:10.000Z,0,7.1.0,https://apps.apple.com/in/app/blinkit-grocery-in-10-minutes/id960335206
12921856944,app_store,IN,DonJerryonejoblessboyA1,5,Please I need you people to look into this,Blinkit is a very nice app that I love most for my easy purchases but please I want you guys to look into this. When someone placed order and didn’t receive don’t just block the person from ordering on COD because we as a foreigner that doesn’t have local account to pay the charges can’t use it again and you know sometimes not the fault of the person that ordered because some times language issues or the delivery boy didn’t reach to the main address and the person who ordered it will be suffering it not being able to order again,2025-07-22T09:33:05.000Z,0,17.19.0,https://apps.apple.com/in/app/blinkit-grocery-in-10-minutes/id960335206
12432145681,app_store,IN,Surbhi’s truth,5,Revolutionary service,"It sounds cliched but truly I don’t write reviews for apps. Infact I think this is my first App review.
I want to say Thank-you to Blinkit from the bottom of my heart.
I am pregnant with my second child and this time, for some reason the cravings are stronger.
I started feeling hungry at 10:30 pm today and turned into Hangry mode by 10:45- blame my cravings.
I didn’t wanna eat junk and Maggi and readymade pasta or packed poha/ upma all of which I had at home with me.
I ordered ingredients for white sauce pasta on blinkit, started working on my sauce and by the time I needed cheese and oregano, the delivery guy had delivered it all- oregano, cheese, veggies, raw pasta!!!!
You name it , they had it!
I made pasta within 15 minutes! And had a foodgasm!
I truly Thank blinkit for this. You are a saviour, the GOAT!

Ohh, Aldo, cheese which you sent had bad packaging and I did-not wanna risk being pregnant and all!
I requested a return of that item and within two minuted you initiated the refund!!
Are you people for real?!?!?!

Thankyou guys! You earned respect of a pregnant mother today❤️",2025-03-17T18:07:04.000Z,0,17.02.3,https://apps.apple.com/in/app/blinkit-grocery-in-10-minutes/id960335206
9792075954,app_store,IN,bhai71,5,Big basket is more customer friendly,"One pays for the delivery charges, handling charges as well as a tip for the delivery but when it comes to customer service like replacement Blinkit gets cold feet and are not bothered about the customer’s requirements. 
Many a times customer may not understand a product from the pic and might order a wrong product but when they ask for a replacement they curtly deny. When you ask for a manager they keep switching the conversation so that the customer become fed up and hang up.
Off late, I am seeing many customers switching to big basket for the above reason. 
Sorry Blinkit to say goodbye.",2023-04-06T06:58:35.000Z,0,15.0.8,https://apps.apple.com/in/app/blinkit-grocery-in-10-minutes/id960335206
10824312687,app_store,IN,Choudhury’s,1,Company policies are not customer friendly,"I ordered my product , delivery hub was 800mtr away , address was right , delivery partner called & asked to select manually in location ,though he know the address is right & it was showing in the app as well , he denied to deliver & customer care person with a don’t care attitude gives me option that either she will cancel the delivery & money will be credited within 3 to 5 working days or I call request the delivery person to deliver & also she can’t arrange another delivery partner.
Seriously! Is is this kind of behaviour is acceptable? With no reason my money get hold for 3 to 5 days , it must be the price to selecting Blinkit to order my products . However, 1 customer may be doesn’t matter for Blinkit but also I don’t want to fill my phone with this kind of service provider , which customer service is below average .",2024-01-15T09:45:33.000Z,0,15.34.0,https://apps.apple.com/in/app/blinkit-grocery-in-10-minutes/id960335206
8128204209,app_store,IN,Lorsep,5,Worst experience ever,"I have been using grofers only for a week. I bought few items paid online through google pay. After payment I returned to the app there was a message sorry the order was not placed.
Post that I contacted the customer support and let me tell you guys just to speak with the agent I had to wait for good half n hr. Post half n hr an agent comes online, I tell her my problems and after waiting for 10 min the agent replies “I am sorry for the inconvenience caused” bas that’s it. I sent her multiple messages post that but got no reply. My issue is still not resolved and my money is still stuck without an order.",2021-12-14T05:36:41.000Z,0,6.0.0,https://apps.apple.com/in/app/blinkit-grocery-in-10-minutes/id960335206
10501698100,app_store,IN,Garg68,5,Liars !!!,Will never now order from Blinkit . As they have no support available for customer complaints. Stuff sent Is substandard. Please do not order from them by credit card … as they will not take the stuff back & money will not be refunded even if they deliver sub standard stuff & expired stuff too. Must check delivery dates! So best is to do COD. But in that too their delivery boys pocket money and say money not received. This is what happened to me once when I paid by credit card & staff paid they boy cash too by mistake. They did not refund amount! Please change your delivery partner. It’s your app getting a bad rating not the delivery partner!,2023-10-22T03:00:12.000Z,0,15.23.0,https://apps.apple.com/in/app/blinkit-grocery-in-10-minutes/id960335206
12940119800,app_store,IN,I_sing,1,Marked Delivered without deliver product 😅,"My worst experience so far has been at night, whenever I order something, the delivery boy delivers it but the product does not come in my hand. When I talk to the customer care, it seems that they will spend money on refunding for 3-4 days. Or they are not able to connect with the delivery boy, then they do not refund you. Because of many reasons, a person gets frustrated. So, I think day by day, the service is becoming useless. Committed time, which they mention within 8 minutes, you will notice at any time that the time they mention, the product does not come as soon as they give. So, fake commitment, fake delivery message, or comments, or remark, or confirmation. I think we have to improve on all these things. Otherwise, there are many applications to compete with you in the future.",2025-07-26T21:08:13.000Z,0,17.20.2,https://apps.apple.com/in/app/blinkit-grocery-in-10-minutes/id960335206
11589009703,app_store,IN,Itz_Aryan,4,My Experience on Blinkit,All over the app is very good if you want a some plenty of laziness or you are must be tired and Had forgot to get something so you can order it within Just a Click. But They stopped to deliver in late nights and it is very much effective on me because i am a student and i get tired to study Late nights Last year i always order on blinkit between 2-4 am but now they closed their night service So it is just a medium issue No matter with the service and honesty also the Riders provide and also maintain a Hygienic environment. And Their speed is also very good if your are very hungry and having so much cravings no matter where it is just order it.❤️,2024-08-09T05:55:40.000Z,0,16.05.1,https://apps.apple.com/in/app/blinkit-grocery-in-10-minutes/id960335206
11784008481,app_store,IN,Sweety Hora,5,Need better support system,"I got stale products 2 times but there is no call service or call centre where we can complain who can solve our problem. In my last order I got delivery in 40 minutes and the icecream I ordered was melted. The delivery guy made me talk to the Blinkit team and I told them I will return ice cream as it is melted , but the Blinkit girl said you return full order, one item cannot be returned. Today I ordered from Blinkit.. you have blocked my cash on delivery option for which I will not be able to order frequently. I hope I will get a satisfactory answer and cooperation from your side . Thank you",2024-10-01T05:42:37.000Z,0,16.15.1,https://apps.apple.com/in/app/blinkit-grocery-in-10-minutes/id960335206
11817913689,app_store,IN,Piyu Varmora,1,Unreliable Quality and Inconvenient Service,"I’ve used this app several times for last-minute grocery and vegetable delivery, but I’ve consistently faced issues with the quality of items. On multiple occasions, the vegetables were not fresh—potatoes were loose and had fungus, and ladies’ fingers were tough with large seeds. Twice, the milk delivered was spoiled and turned to paneer when boiled.

While the app offers refunds for bad items, they don’t refund the delivery fee, which feels unfair considering the inconvenience. After waiting 12-15 minutes for the delivery, receiving spoiled products means having to go out and buy replacements, making the entire experience a waste of time.

Unfortunately, the quality control seems lacking, and I’ve decided to stop using the app. It’s just not reliable enough when you need fresh groceries quickly",2024-10-10T12:04:17.000Z,0,16.17.1,https://apps.apple.com/in/app/blinkit-grocery-in-10-minutes/id960335206
10694055206,app_store,IN,Delivery adequate,5,Feedback,"It was so unusual with Blinkit that a delivery attendant upon calling asked to come and pick the parcel from 1st floor of my building where as I told him it’s 2nd floor and the room no. as given in the address he told me he has got some injury in his leg and is unable to come. Once he handed over my parcel to me on the lower floor I watched him until he goes out of the gate and he was walking very fine even he he was walking with energy, don’t understand why such excuses or else don’t charge us the delivery fee in that case . There is a reason why people order from blinkit if they had to go out they would have paid less .",2023-12-14T16:00:21.000Z,0,15.31.1,https://apps.apple.com/in/app/blinkit-grocery-in-10-minutes/id960335206
11593854631,app_store,IN,Tannu bajaj 25,1,Blink it stole money.,"Never ever order anything from this app. First they will send you wrong product and when you return it they will refund you a coupon of same, they will not refund you in your wallet and again without any instructions i have used that coupon for 1/3 of the amount and rest of it they have not returned it. They have stolen it. I have tried contacted them several times via mails and everything still they are not returning my money. I think i should raise a complain in consumer court for them. Even after returning the product they are not providing me the refund and 2000 rs is not less amount they should think before saying we cannot refund you the amount. Is this make sense like you have took the product back from your customer and not returning the money. Basically these people are doing scam thats it.",2024-08-10T13:36:13.000Z,0,16.06.1,https://apps.apple.com/in/app/blinkit-grocery-in-10-minutes/id960335206
11526644789,app_store,IN,Vikram0,1,The worst service,"The worst service one can ever experience through any service provider….
I have placed order at 10:30 pm and paid online for the same..while it was showing eta of delivery 10min…i checked the app around 11pm the app was showing 14min eta….with this concern I contacted chat support Name: Neelofer .I asked the reason of delay and any solution on this …without my request or any approval this guy canceled my order and then informed me that i will get refund in 2-3 days…..I found this very unprofessional and type of scam the Blinkit is doing …i have not received the order which i placed and now i have to wait for refund…this is not just a inconvenience but the most pathetic service which have no standard or ethic this app and the service must be banned in india…The blinkit and zomato must be banned …they are charge huge amount as Unnecessary charges and no service at all",2024-07-23T18:41:24.000Z,0,16.03.3,https://apps.apple.com/in/app/blinkit-grocery-in-10-minutes/id960335206
11490801817,app_store,IN,John D Awesome,4,Excellent and Lightning speed,"Blinkit has been a mainstay this holiday for us in Bangalore. We could just order any essentials and it would arrive in at an average of ten minutes. What could help may be a daily version so you get milk, bread and eggs on a daily basis. I also like that it is linked with Community living apps like MyGate where pre-approval is seamless. The delivery boys so far seem happy to deliver with little or no damage to your goods. Also the fruits and veggies are fresh unlike my orders from other platforms. The one problem i have though is some items gets auto removed and i am not told why, however i am not charged for it. Therefore a 4-star to leave room for improvement.",2024-07-14T04:28:50.000Z,0,16.01.4,https://apps.apple.com/in/app/blinkit-grocery-in-10-minutes/id960335206
10311262283,app_store,IN,Pkbytes,5,Poor process,"Wasted 1 hour 24 minutes for 1 blinkit order post 2 cancelation and customer connect calls. Pls take care of your technical glitches if that is the case and let not the customer suffer! After placing order 3 times I was told that they can’t deliver in our area and that I should cancel. How is the technical glitch my Concern , and again and again asking me to cancel. If I want to cancel, why will I place order 2nd time or 3rd time..also note I have not changed any delivery address. And they couldn’t locate my address. Pls review your order allocation process . Blinkit shouldn’t accept orders outside the delivery zones!",2023-08-29T08:45:42.000Z,0,15.16.0,https://apps.apple.com/in/app/blinkit-grocery-in-10-minutes/id960335206
5757957615,app_store,IN,#BeingSahal,5,Order Cancelled without my knowledge!!!,"Hey Grofers, I know it's been a tough situation for you guys to cope up amid the current situation #covid19, but this was the least I had expected out of you guys. Being a very loyal customer of yours since ages; it was a sheer disappointment to me when my recent order got cancelled on its own and was totally shocked to get a refund im my account. I have been waiting for the order since a week and when checked it was already cancelled. Now, it is not allowing me to checkout and buy again! This has definitely impacted my bond with the product. Tried reaching your customer care but wasn’t successful. Thanks! #staysafe",2020-04-03T22:18:03.000Z,0,4.4.4,https://apps.apple.com/in/app/blinkit-grocery-in-10-minutes/id960335206
8429167257,app_store,IN,neetu verma,1,Very high Price and always taking delivery charges,"I am discontinue with blinkit because they are taking very high price and always charge for delivery I am really very disappointing so I have logout from this app and delete it also. I am getting better offer and discount in other online grocery app.. so bye-bye blinkit.

Very easy to shop with this app. Very hassle free. I m using this app last one year and now I don’t want to buy my Grossry from market. This app gives me very nice offers too. This was my previous experience but now since b grofers get blinkit,they are not providing delivery in my area. previously there deliver every order within 5 to 10 minutes but last 10 days they are not giving me service in my area. They are delivering in close vicinity about 1 km but not delivering at our location. I am really very disappoint with Grofers service ..🙁I can say I miss grofers.🙁",2022-03-07T04:59:11.000Z,0,7.0.0,https://apps.apple.com/in/app/blinkit-grocery-in-10-minutes/id960335206
8705263769,app_store,IN,Neha MA,5,I have no issues with delivery but customer support is zero.,"I have been contacting customer suppprt for so
Long for 2 orders - one where an item was not available but no money returned . 
Then 2 where due to technical glitch the card payment failed and then paid again immediately but the delivery boy said he has not got money and will have to pay from his pocket so I paid again and he paid back in wallet . No action still !! It’s all with some chatbot..

 I was such an avid user for years for competition BIG  Basket, Milkbasket etc . but they are truly better and more responsive. I am not coming back to blinkit.",2022-05-25T03:53:41.000Z,0,7.1.0,https://apps.apple.com/in/app/blinkit-grocery-in-10-minutes/id960335206
14161487933,app_store,IN,Minnieb25,1,Very unprofessional and very disappointing service,"Extremely disappointing experience with Blinkit.
I ordered multiple items, but one item worth ₹111 was missing from the package I received. When I contacted customer support, they refused to provide a refund or replacement and repeatedly stated that their system showed the item as delivered.
A system status is not proof that the item was actually present in the package. Instead of properly investigating the issue or considering the customer’s concern, they simply closed the matter based on their internal records.
The monetary value may be small, but the way the complaint was handled shows a lack of accountability and customer care. If an item goes missing from your order, don’t expect meaningful support or a fair resolution.
Very disappointed with the service and the customer support experience.",2026-06-09T09:09:26.000Z,0,18.63.0,https://apps.apple.com/in/app/blinkit-grocery-in-10-minutes/id960335206
13176012055,app_store,IN,khushi shahi,1,They are scammers,Today I ordered a product and it came damaged I initiated a refund and a pick up of this then I gave the product to the delivery person as well but delivery person cancelled my product pick up  now they did not refund my money or the product when I reached to the customer support team they told me that the delivery person reached the location but you didn’t received call so he cancelled the pick up and told them 100 of time that I have already given the product to the person  then I asked them to atlest take me to a conference call with the delivery person but they denied  do not purchase any item as they do not replace or refund you the money and sometimes they keep the both . Be aware do zepto or Swiggy instamart  if it happens on there app surely they’ll give the refund and take strict action against the delivery person .,2025-09-23T21:28:58.000Z,0,18.01.1,https://apps.apple.com/in/app/blinkit-grocery-in-10-minutes/id960335206
12261030825,app_store,IN,Pre-ya,1,Poor Service & No Support for Quick Fixes,"I mistakenly entered my old address while ordering, but I realized it immediately and called the delivery agent within 3-4 minutes to request a correction. He refused to take the parcel back, and when I reached out to customer support, they kept saying, “It’s your mistake, we can’t help.” Even the supervisor refused to do anything.

I understand if a refund isn’t possible, but at least there should be an option to correct a mistake within a few minutes. This kind of rigid and unhelpful service makes me rethink using Blinkit again.

I have been using Swiggy almost twice a week for the past two to three years, and they have amazing customer service—they actually try to help when issues arise. It’s a pity that Blinkit lost a customer over such a small issue due to their rigid and unhelpful policies.",2025-02-02T10:04:23.000Z,0,16.34.1,https://apps.apple.com/in/app/blinkit-grocery-in-10-minutes/id960335206
9941726232,app_store,IN,hemraj chaudhary,1,Bad experience always,"Very late delivery always,even it is 2 km away from my home and last time when I ordered they show me 8-10 mins time to deliver my order and even after 45 min nobody responded and when I complained on their helpline service they asked me to wait another 15 mins and said sry for the inconvenience and guess What I wait for them for half an hour and when I pick up my phone to check what happened I get to know they refund my money back even after promising to deliver it in few minutes  and i ordered it at 10 pm and till 12 pm this happened I have to wake up late just bcz of them and still they don’t care
Very shocking behaviour from this app only the first order was perfect and after that I faced this same problem every single time but last time what they did was not acceptable 

🚨🚨Stay away from it it’s a “FRAUD APP”",2023-05-19T02:41:36.000Z,0,15.5.3,https://apps.apple.com/in/app/blinkit-grocery-in-10-minutes/id960335206
8679986913,app_store,IN,Swiggyisnotworthit,5,Untrained Stuff,"I always pay online before delivery but today I couldn’t because of some problem with online transaction. Your delivery guy couldn’t even wait for 2 minutes. He was on my head to pay fast while I was trying to sort out things with my payment mode. That was really embarrassing. I could understand that he might be under immense pressure of completing the delivery within some particular time limit. 
Somewhere their behaviour can also be justified as being an organisation if you can’t be empathetic towards them then how could they be towards customers? Your employees are your replica.",2022-05-17T12:43:27.000Z,0,7.0.0,https://apps.apple.com/in/app/blinkit-grocery-in-10-minutes/id960335206
14247854389,app_store,IN,Aj@blt0911@,5,Printing service,"Excellent quality and fast service. You can get your documents printed at any location across India where the service is available, and they are delivered to the exact pickup point you choose. The printed documents are neatly packed and sealed in an envelope, ensuring privacy and protection.

I believe this service is especially helpful for students who forget to carry their admit cards to examination centres and need urgent printing at the last moment.

I hope all uploaded documents are handled securely and retained or destroyed in compliance with the Digital Personal Data Protection (DPDP) Act, ensuring users’ privacy and data security.",2026-07-01T03:42:51.000Z,0,18.66.1,https://apps.apple.com/in/app/blinkit-grocery-in-10-minutes/id960335206
7514056067,app_store,IN,SRohitSingh,4,One of the best services,"Grofers doesn’t connect with you professionally but personally as well. During pandemic time, they sent small kits including sanitiser, mask, a cookie etc. It shows how much they care for their customers. Was so touched by the gesture. Product pricing and delivery services are at par. The only reason I marked it 4/5 is because Grofers being a big brand should have all options for customers and at times it promotes or show only it’s own brands but not the ones which are popular and no. 1 choice for customers. For example many of scotch brite, cleaning products, options in sugar and spices. If they correct that, no one can beat you. Overall I am happy with Grofers services :) Good job!!",2021-06-28T04:02:59.000Z,0,4.6.6,https://apps.apple.com/in/app/blinkit-grocery-in-10-minutes/id960335206
13788225520,app_store,IN,19GRG19,5,"Fast, Reliable & Safe Delivery Experience","I had a great experience with Blinkit. The service is impressively fast, and the delivery arrived right on time without any delays. The packaging was secure and handled carefully, ensuring all items were delivered in perfect condition.

What stood out the most was the smooth ordering process and real-time tracking updates, which made the entire experience convenient and stress-free. The delivery personnel were polite and professional, maintaining proper safety standards.

Overall, Blinkit offers a quick, safe, and dependable service for everyday needs. Highly recommended for anyone looking for efficient doorstep delivery.",2026-02-25T16:09:08.000Z,0,18.51.3,https://apps.apple.com/in/app/blinkit-grocery-in-10-minutes/id960335206
11377030564,app_store,IN,Value attached to money,5,Check your kit before you blink !,"Most of the quality products are generally out of stock or not available in our area wherein Blinkit operates. 
The delivery guys need to be more serious about their job and duty rather than just considering dumping the product at the destination. They would not cross check the order but will ask the customer to contact  customer care .
Once I have ordered eggs and I was asked to place a request for replacement . He didn’t took the onus of carrying his package safely . It’s an added hazard to the order and also a risk factor as to whether the products will be damaged in transit or not .",2024-06-13T15:51:18.000Z,0,15.53.0,https://apps.apple.com/in/app/blinkit-grocery-in-10-minutes/id960335206
12463571559,app_store,IN,Akshanharia,3,Worst delivery app ever,I order some prints and a diet coke and i received a completely different drink and when I took this up with customer support the only option i was given was to receive a coupon which also had a validity period. Their minimum order amount for free delivery is 199 rupees which means i have to order another 160 rupees of stuff so that i dont have to pay for delivery charges. If i opt to pay for delivery then i have to pay 30 rs and thus i have to spend an unnecessary amount i dont want to. They did not give me the option of receiving a refund to my bank account this forcing me to spend more money with them or wasting the money i already spent with them because i dont consume what they have sent me.,2025-03-25T17:38:54.000Z,0,17.04.0,https://apps.apple.com/in/app/blinkit-grocery-in-10-minutes/id960335206
11220950737,app_store,IN,Poo4799,5,Life saver !!,"Travelled to Chennai from Bangalore and forgot my hair straightener (people with unmanageable hair will understand the importance after having washed said unmanageable hair!) started panicking ! Wasn’t even sure if Blinkit delivered here or even had hair straighteners ! I usually use the app for my grocery needs- and to top it all it was over 10pm. Prayed to every God there was and fired up the app and not only did they deliver in Chennai they had multiple brands of straighteners aaaand they delivered it in under 10 mins ! I’m so overjoyed , I want to cry !! Thank you thank you thank you Blinkit ! You literally saved the day for me ! Always a fan. Love what you guys do .",2024-05-01T16:38:44.000Z,0,15.48.0,https://apps.apple.com/in/app/blinkit-grocery-in-10-minutes/id960335206
10275649586,app_store,IN,excellence grievance redressal,5,Order for dates at 2.31 today,"The store has excellent service. Our order of dates was delivered immediately to a family member but due to miscommunication at home, i was not aware of ghis. I thought order has not been delivered. So i gave my complaint to support and immediately another delivery was sent with Saleem and Nadeem. When they came at our gate with second delivery, we had found the first delivery. We apologied and returned second delivery of dates . 
   This whole confusion because of our mistake was handled by our store persons and delivery boys with great patience. Our deep appreciation of your  efforts. Thanks a lot and sorry again.",2023-08-19T11:16:53.000Z,0,15.16.0,https://apps.apple.com/in/app/blinkit-grocery-in-10-minutes/id960335206
11749389109,app_store,IN,Bhani_man,5,Blinkit App Review,"The Blinkit app is a game changer when it comes to grocery shopping and delivering essentials. It offers a user-friendly interface that makes browsing products and placing orders incredibly simple. The variety of items available, from fresh produce to household supplies, ensures you get everything you need in one place.

One of the standout features is the super-fast delivery. Most orders arrive within 10-20 minutes, which is perfect for those last-minute needs. The delivery tracking is precise, and the delivery personnel are courteous. Payment options are flexible, with a seamless checkout process that supports various payment methods.

However, the app could improve by expanding its range of products in certain areas and ensuring product availability at all times. Occasionally, some items may be out of stock, which can be a bit inconvenient.

Overall, Blinkit is a must-have app for anyone looking to save time and get essentials delivered straight to their doorstep efficiently.",2024-09-21T18:31:26.000Z,0,16.14.0,https://apps.apple.com/in/app/blinkit-grocery-in-10-minutes/id960335206
9667524232,app_store,IN,Rajeev surana,1,Basic Logistical Fault,"Dear Blinkist Team
It is really upsetting to see that Blinkist doest offer its customers support in any way, i am a new customer and this bad experience was the second time using the app, for some reason the deliver partners vehicle broke down and i could not get the order! Thus i asked them to assign a new driver but rather i was asked to place the order again! As i didnt want to place the order again i was forced to ask for refund! I would request the Backend team of blinkist to look into reallocation of driver and not to make the customer input the order again as it could cause undue stress and distrust in the company! Being of the UX field i recommend to have a button for drivers interface where they can choose vehicle broke down and upload proof, as this is very common and may be occuring with other customers as well!

Kind Regards,",2023-03-01T10:45:46.000Z,0,15.0.1,https://apps.apple.com/in/app/blinkit-grocery-in-10-minutes/id960335206
11777606437,app_store,IN,011vlt,3,DELIVERY !?,"Hi! Blinkit I am a northeast student staying at a PG in Delhi and so far my order are always in good condition and the delivery service is very fast however I always have issues with the language as I don't speak Hindhi (I'm still learning) many of my friends from different state have the same problem, I wish there's an option in the delivery instructions for non hindhi speaker...cuz even when we put our location cleary some of the delivery guy often get lost and it's very hard for us to explain. This is a common issues that many of us are facing when it comes to delivery and yes this also made me want to learn Hindhi more, but I think it'll be more convenient for everyone so please kindly consider this for us. Thank You ☺️",2024-09-29T12:30:35.000Z,0,16.15.0,https://apps.apple.com/in/app/blinkit-grocery-in-10-minutes/id960335206
9011916356,app_store,IN,Vaibhav Chan,5,"Fast, reliable and precise",Blinkit services are the fastest. Very reliable and delivery staff is also very humble. Never once I needed to complaint for anything in past 6-8 months.. very quick delivery within 15-20 mins and availability of items is always there. The only concern is the risky lives of the delivery staff whilst they have to deliver all items on their two-wheelers within some time frame. Its too risky for them considering the aggressive traffic in Delhi. We won’t mind getting our delivery items in 45-60 mins rather than in 15-20 mins.. overall I like Blinkit.. App experience is good. UX is easy and simple. Good job team Blinkit.. 👍🏻,2022-08-24T13:05:51.000Z,0,8.1.3,https://apps.apple.com/in/app/blinkit-grocery-in-10-minutes/id960335206
11296973637,app_store,IN,wez8891,1,Customer care executive IQRA,"I chatted with IQRA about adding an item to my existing order that was getting packed and she kept sending me reply that was computer generated which i was unable to understand so i asked her again the same qs on chat, she immediately called me on my contact number and told me why am i going on repeating the same qs on the chat when she replied to me, i told her that her replies did not make sense at all as she was cut copying pasting the computer answers which did not have any information regarding my qs, this is unacceptable behaviour towards a customer that an executive is telephoning and taunting the customer this way, is this even professional or are they allowed to do something as such ? Kindly reprimand, correct her and train her how to talk properly to a customer as this behaviour is not something expected from a company professional",2024-05-23T05:13:35.000Z,0,15.50.1,https://apps.apple.com/in/app/blinkit-grocery-in-10-minutes/id960335206
10124198397,app_store,IN,R Agarwal,3,Convenient but don’t follow instructions,"It’s convenient to be able to get everything that’s a daily need, delivered at home.
What’s annoying is that they don’t follow instructions. I’ve instructed several times not to ring the bell and left voice instructions too. Yet they always ring the bell! I have a duplex kind of an apartment where there are tenants below. Each time they have to open the door.
They also do not carry water proof bags. During rains, the bags tear up and they keep dropping things. 
I’m also not sure of the return or exchange policy as they haven’t mentioned anything under the products.
The vegetables are not always fresh. I had to throw away okra the very next day. The quality also is not good. I got pale tomatoes.",2023-07-10T11:30:56.000Z,0,15.9.1,https://apps.apple.com/in/app/blinkit-grocery-in-10-minutes/id960335206
9495972020,app_store,IN,N Bhatia.,4,Surge Charges applied still oder delivered late,Blink it make fool of customers as they removed delivery charges of 15 by applying surge charges to the order. Even after applying surge charges the order delivered late to me. When asked for surge charges refund as they delivered item in more than 20 minutes then they said no the delivery was done in 19 min. Now they said that if delivery would have been took more than 20 min than only refund is possible. Now they don’t have any OTP system that when delivery was done and they themselves are saying that it’s on time. how to trust that. Really a bad and ridiculous experience i have with them. Surge charges should be  fool charges instead.,2023-01-11T14:33:10.000Z,0,8.5.4,https://apps.apple.com/in/app/blinkit-grocery-in-10-minutes/id960335206
12939409588,app_store,IN,DILSHER SIDHU,5,Best app for delivery,"So I usually don’t rate any of the apps on the App Store but I had to read this app because it’s such an amazing app. I don’t think so. There can be any better delivery app than this. This app has made life easier for many people who can’t go for small items from their home I really appreciate this app the hard work behind this app as it’s also giving. Employment to many people and many people are satisfied including me, and I really thanks the founder of this app. I am reading this app and giving this review just because of one thing that the good thing should be appreciated.",2025-07-26T16:58:30.000Z,0,17.19.0,https://apps.apple.com/in/app/blinkit-grocery-in-10-minutes/id960335206
8206771479,app_store,IN,Sartiki,1,Saroj,"I was a loyal customer of (Grofers) and you can check me out my Saved addresses are those which were Saved on the (Grofers) App.
I have NEVER had as bad an experience as I had with blinkit. And if I don’t get resolution I am not going to take this sitting down …
I ordered several things costing nearly Rs 2000/- which were delivered within 15 minutes alright, but is the criteria only to get an order delivered in 15 minutes??? DOES IT MATTER TO BLINKIT THAT THEY ARE DELIVERING GARBAGE ALSO JUST to catch THE 15 MINUTES BULLET TRAIN?? I was sent Brinjals which even an animal would refuse to eat! On my making a complaint they took ages for a customer support agent to come online …
While I was waiting indefinitely for Customer Support Agent to FINALLY come online I decided to check the Ice Creams too .. 
I was shocked BEYOND WORDS THAT  Baskin Robbins Honey Crunch Nut was COMPLETELY DEHYDRATED AND SHRIVELLED … I quickly UPLOADED A PICTURE OF THE BRINJALS & the Ice Cream … 
I was told I would get a replacement and I thought it would come the next day, meaning today - shockingly the Brinjals came last night itself … and the Icecream Replacement NEVER came!!! And today the App says I CANNOT make 2 complaints about SAME ORDER!!! Do they mean that I must break open seals of Ice cream containers to check even BEFORE I need to consume it??
And now these guys have the cheek to say I cannot make a complaint about SAME order twice even if there are multiple items in there?? Are they some kinds of Gods who one cannot approach about a genuine second complaint about same order?? I had asked for replacement NOT REFUND ..
VERY VERY SAD DAY FOR ME",2022-01-05T11:21:35.000Z,0,6.1.1,https://apps.apple.com/in/app/blinkit-grocery-in-10-minutes/id960335206
14231571709,app_store,IN,Stra_123ger,1,Worst Customer Service & Replacement Experience,"I had a very disappointing experience with Blinkit. The product I received was defective, and even though I reported the issue within the eligible replacement period, my replacement request was not handled properly. Instead of resolving the issue, I was asked to contact the brand directly.

Customer support kept giving repetitive responses without providing a real solution. The replacement process is confusing, and customers are left without proper assistance. After-sales service is extremely poor, especially when you receive a defective product.

This approach is very concerning. Imagine if a customer receives an expired pack of butter or any other defective grocery item. Will Blinkit simply ask the customer to contact the manufacturer instead of taking responsibility for a product sold through its own platform? Customers buy from Blinkit, so they naturally expect Blinkit to handle such issues.

Blinkit is great only until everything goes well. If something goes wrong with your order, don’t expect reliable customer support. I cannot recommend this app because of its poor replacement policy and disappointing customer service.

— A frustrated customer",2026-06-27T06:05:25.000Z,0,18.65.0,https://apps.apple.com/in/app/blinkit-grocery-in-10-minutes/id960335206
12396354739,app_store,IN,Jdjehhdbebe,1,I am very disappointed with blinkit,I have been blinkit’s customer from over a year but after today’s incident i dont think so i will ever buy anything from them. So i placed an order of some items and a item was missing from the package i contacted blinkit and they proceeded with refund. Hours later 6:30 in evening a blinkit guy shows up on my door and starts screeming tht his money will get dedected because I complaint and he kept telling me to talk to his manager and he kept showing me the picture that its there but I haven’t received it. I told him please talk to blinkit manager or whoever and i was scared since i stay alone i closed my door . He went and engaged with my neighbours  saying tht i received the product and I complaint blah blah blah… she got hasitent too and went inside he was there for 10 mins making calls and all in front of door .,2025-03-08T12:14:22.000Z,0,17.01.3,https://apps.apple.com/in/app/blinkit-grocery-in-10-minutes/id960335206
12799404887,app_store,IN,RK VAS,5,PRODUCT OK SERVICE POOR,After ordering for months and months on end the service delivery staff do not know the address or can’t use the location they can’t check the house number lane and the response you get is I thought so. Why can’t there be better training and tech ? deployed and why are you sending these people into peoples homes ? They constantly call and keep harassing the person who has ordered. Even if they need to call it needs to be structured. and they need to be sensitized to delivering on peoples homes mistreating me the customer is not acceptable. After lakhs worth of orders. per month !,2025-06-21T07:41:08.000Z,0,17.16.0,https://apps.apple.com/in/app/blinkit-grocery-in-10-minutes/id960335206
12870286931,app_store,IN,Rameswar9,1,Extremely Disappointed – Poor Service and Broken Item,"I had ordered multiple items, but one of them was missing from the package. I filed a complaint, and after wasting over an hour just trying to get through to the department of help, they finally agreed to resend the item.

However, when the replacement arrived, it was broken—something that normally doesn’t break so easily. This made me realize how careless and unprofessional their service truly is. It felt as if they deliberately sent a damaged item just because I had complained earlier. The way they ignored the issue and handled the situation was extremely frustrating.

After this experience, I decided not to waste more time complaining. If this is how they treat customers who raise valid concerns, I’d rather avoid them altogether in the future. Not recommended.",2025-07-09T08:00:25.000Z,0,17.18.2,https://apps.apple.com/in/app/blinkit-grocery-in-10-minutes/id960335206
11464782141,app_store,IN,Kiki 12737374474,5,Exchange,"Horrible experiences since past few days!!! If you have bought something by mistake just deal with it,they are not going to fix it!!! Even when you are shopping with them you will see some offers like this item is free with it but you will never receive it no matter how much you fight for it and neither a compensation or a refund!!!! This time wanted to order mustard oil but by mistake ordered refined whole morning I have wasted to get in touch with them but without any resolution they are closing my chat saying photo not clear !!!! Plz fix these issues immediately!!!",2024-07-07T04:14:56.000Z,0,16.01.2,https://apps.apple.com/in/app/blinkit-grocery-in-10-minutes/id960335206
11266499814,app_store,IN,कोच,5,Policy of payment with regard to wrong order delivery,"Wrong  order delivery is not expected from an app like blinkit. The policy of adjusting the paid amount in coupon is entirely a bad policy. The mistake was committed by blinkit partner , why will I block my money in coupon. Any customer will expect Cash payment to be refunded in cash. The quality of chat communication after this was too poor. Sending  the model replies, which are entirely irrelevant is another blunder by blinkit. I lost my valuable time in communicating and explaining my issue. Another point is to show a product in order summary which was not delivered is unacceptable",2024-05-14T13:49:57.000Z,0,15.49.0,https://apps.apple.com/in/app/blinkit-grocery-in-10-minutes/id960335206
11158414197,app_store,IN,Hrbpmukee,5,No1 quick commerce company in India,"Blinkit has been a game-changer for me! As a busy professional, I don't always have time to run to the store for groceries, but with Blinkit, I can get everything I need delivered right to my doorstep within minutes. The app is easy to use, with a wide selection of products to choose from. I love how I can track my order in real-time and communicate with the delivery team if needed. The delivery is always prompt, and the items are fresh. Overall, Blinkit has made my life so much easier – highly recommend it to anyone looking for quick and convenient grocery delivery",2024-04-14T17:15:38.000Z,0,15.44.0,https://apps.apple.com/in/app/blinkit-grocery-in-10-minutes/id960335206
10282701394,app_store,IN,psr717,5,Highly disappointing service,"My order was received in 53 minutes. The order contained 3 ice creams. I was still hoping that their cold-chain must have been maintained but NO! The ice creams were melting. We didn’t want to wait for another 53 minutes to have some ice creams so we took video of one melting ice cream while quickly trying to finish off the other two and gently asked them to give a refund, mentioning 3 ice creams were melted upon reaching. But got a refund of just one. Their explanation was the video showed only one ice cream. 8 Blinkit calls for some ice creams and you still don’t get what you wanted. Deleting the app again.",2023-08-21T09:40:51.000Z,0,15.16.0,https://apps.apple.com/in/app/blinkit-grocery-in-10-minutes/id960335206
11693867916,app_store,IN,The Emil Jose,5,Fantastic,"I recently started using the Blinkit app, and it’s been a game-changer! The user interface is simple and intuitive, making it easy to browse through products. Delivery times are incredibly fast, with items often arriving within minutes, which is super convenient for last-minute grocery needs. The range of products is impressive, from fresh produce to daily essentials. The app also offers great deals and discounts, making it budget-friendly. Blinkit has truly revolutionized grocery shopping, and I can’t imagine going back to regular store trips anymore!”",2024-09-06T05:45:04.000Z,0,16.10.1,https://apps.apple.com/in/app/blinkit-grocery-in-10-minutes/id960335206
12887601198,app_store,IN,Raghu Ponnusamy,1,No RETURNS!,"I ordered the HP Keyboard K300 from Blinkit, but the quality was disappointing, so I decided to return it. To my surprise, the app doesn’t offer any option to initiate a return. Instead, you have to go through customer support — and even there, they’ve deliberately avoided providing a return option. It feels completely intentional.

When I contacted support using the option “item is damaged or not as expected,” a customer support executive called me. He informed me that he had no solution to offer at the moment. I clearly told him that I wanted to return the product and insisted they honor their return policy. However, he kept repeating the same scripted response like a robot and denied my right to return the item.

Be cautious when using Blinkit to buy expensive items or electronics — returns are practically impossible with these folks.",2025-07-13T17:38:02.000Z,0,17.18.2,https://apps.apple.com/in/app/blinkit-grocery-in-10-minutes/id960335206
12881420672,app_store,IN,Parichauhan,1,Grocery service,"I am really disappointed with Blinkit’s service policy. They advertise “10-minute delivery,” which is great for urban areas, but what about people living in rural areas or small towns? Just because you can’t deliver in 10 minutes doesn’t mean you should avoid these areas completely.

People in villages also deserve access to quick and reliable services. Even if 10-minute delivery is not possible, you can still deliver within a few hours. Completely skipping these areas is unfair. We are willing to wait longer — we just want access to your service.

By not delivering to rural areas, Blinkit is missing a big opportunity and also limiting the choices of people like us, who are ready to order but have no option. Please consider expanding your service instead of ignoring these regions.",2025-07-12T03:01:34.000Z,0,17.18.2,https://apps.apple.com/in/app/blinkit-grocery-in-10-minutes/id960335206
12068514544,app_store,IN,Sidds16781,2,Started well…,"Blinkit was a surprise, a pleasant one, delivering products within minutes, well packed. But guess as happens with most companies growing too fast, they have started becoming lackadaisical now. My last order was marked delivered in 8 mins (before time, as they usually declare), but was actually not delivered. When i tried contacting their helpdesk: (1) They were in a hurry to close the call (2) Connected me to the delivery guy who owned up that order was marked delivered before delivery but was then not delivered. (3) He would deliver it immediately. (4) This ‘immediate’ delivery happened after over an hour at 10:45 at night, after i again raised a complaint the second time requesting them to cancel my order. 
So guess, they have now started faltering on deliveries…",2024-12-16T01:15:25.000Z,0,16.28.0,https://apps.apple.com/in/app/blinkit-grocery-in-10-minutes/id960335206
10401813937,app_store,IN,Harshitanag,5,Worst Resolution and Management,"I ordered few items one of the item was missing and it was showing as delivered on the app. In the support tab there is only option for chat and that too you cannot type your concerns instead give options to chose. For the first time I was able to complaint about my missing order then the item was reordered by an agent named Ayush according to him my order should have reached me within 30 mins it has been more than 5 hours since it is showing that order was canceled my question is who canceled it and if it was canceled by Blinkit then where is the refund 😤. 

Also now when I am trying to open a chat for support by clicking on my past order they say it is in reorder while in the Your Orders tab it is showing canceled 😡. 

Is there any customer care number? I need my refund or the item free of cost now. 

They should seriously improve their services. It was a bad experience. I will again take the name of the guy AYUSH.",2023-09-24T10:56:22.000Z,0,15.19.1,https://apps.apple.com/in/app/blinkit-grocery-in-10-minutes/id960335206
11148538151,app_store,IN,Shaailaf,1,Worst App,"I use to order things from Blinkit, Now I am going to uninstall it, I know no one cares but I need to inform that Blinkit is a pathetic app I had ever come cross, from last 2 months they are not able to deliver things properly they regularly canceled my orders buy giving 1 explanations that Mam apko location dusre store me fetch hua hai hum apko deliver nahi kar sakte, roz inka Wahi Rona hai, Aur jo mera present address hai waha pe kabhi deliver hota hai kabhi  inlog locations bahana dete hai, cash on delivery off kar dete hai ki apke paise attak jaye, & the delivery person unlog toh fight k liye ready rehta hai, Woh log call karke pareshan karte hai direction k liye thoda mehnat nahi hoti ki jaha pe hai waha pe kisi se puch le hum ko pareshan karte “ Mam yaha se left hai ya right hai “ arre Hume kaise Malik k ap kaha ho Jo guide kare. Kal se aaj Tak 7 times. Cancel hua hai order, they don’t have any one to resolve my problem only can afford Virat Kohli  as a brand ambassador. Worse app ever the service is pathetic app.0 services",2024-04-12T06:20:03.000Z,0,15.45.2,https://apps.apple.com/in/app/blinkit-grocery-in-10-minutes/id960335206
13884594348,app_store,IN,srinusamal,5,"Fast, Reliable & Super Convenient!","I’ve been using Blinkit for my daily grocery needs and it has been an amazing experience. The delivery is incredibly fast, often within minutes, and the products are always fresh and well-packed. The app is easy to use, and I love the wide variety of items available—from fruits and vegetables to household essentials.

It really saves time and effort, especially during busy days. The customer support is also helpful and responsive whenever needed. Highly recommended for anyone looking for quick and hassle-free grocery shopping!",2026-03-25T07:42:41.000Z,0,18.54.0,https://apps.apple.com/in/app/blinkit-grocery-in-10-minutes/id960335206
10052504928,app_store,IN,bsjalicbndoqojxnclans,1,Company full of cheaters,"I have been a customer of blinkit for quite a while , every time I order from blink it there is always a problem either with the products or with the delivery . Once these guys have recieved the money from you they won’t be refunding you even a penny back , that’s what their organisational functioning is all about . the organisational values itself is flawed . I bought a bulb the other day , it turned out to be faulty , now the executive says the bulb will not be replace neither can it be refunded go and talk to orient if you want .
I mean guys I am in the management and do you know customer satisfaction is a things ? 
I mean of-course not for that you guys need to stop acting like leeches and stop-concentrating on the customers pockets . I mean a company so big and the service blueprinting is so poor .
PEOPLE OUT THERE BE AWARE OF THE SCAMS  THAT BLINKIT IS DOING ON REGULAR BASIS !",2023-06-20T06:31:34.000Z,0,15.8.1,https://apps.apple.com/in/app/blinkit-grocery-in-10-minutes/id960335206
9064257505,app_store,IN,Chinxxz,1,Worst customer service,I ordered some product and it got out of stock without intimating customer and as the delivery guy said the same product will be provided within a day or two but I waited for about week for a product but no one arrived with the product. After a week you can’t even complain about the product but I been told that they will provide refund which took almost 20 days but still no refund. The height of the service is when I asked the agent to provide bank or card detail from which I have placed order but no help again. I wonder if a person can’t help with basic customer detail why the hell are you even provide service for what. I have never come across any online site which have so worst service. Never buy anything they don’t have anything in stock. And this is how they play.,2022-09-08T13:28:34.000Z,0,8.1.6,https://apps.apple.com/in/app/blinkit-grocery-in-10-minutes/id960335206
8425801132,app_store,IN,Onlinefanatic,4,Mixed feedback,"Positives: 1) On time delivery 2) Easy replacements in case of issues 3) Competitive prices 4) Decent quality (majority of the time)
 Negatives: 1) Too often, common groceries are out of stock. Especially on weekends, they should ensure that they are well stocked. Many a times had to go a competitor app just because one or two items were out of stock and cannot order them separately. 2) Couple of times had an item missing, but they send them the item as soon as I reported. However trust factor diminishes 3) Perishables should be quality checked before delivery. I got a packet containing rotten leafy vegetable once, could have been avoided just by a physical check",2022-03-06T06:44:50.000Z,0,7.0.0,https://apps.apple.com/in/app/blinkit-grocery-in-10-minutes/id960335206
7350713503,app_store,IN,aaru awar,4,Not delivered the item,Nowadays Grofers are sending a care kit with our order on 17 April I ordered an order and in that order the included the care kit but when order was delivered to me on 24 April the care kit was not there then i checked my orders and in it on the care kit it was written item unavailable and after that order I ordered three order but in three of them they didn’t sent the option of care kit but when I checked the app yesterday in the search which typed care kit it was available so i think it’s a complete cheating that item is available but they are not sending it but they write in their app that the care kit will be sent with your order.,2021-05-17T13:43:29.000Z,0,4.6.6,https://apps.apple.com/in/app/blinkit-grocery-in-10-minutes/id960335206
4110271558,app_store,IN,Joyceeeeeee123,4,Morons.. DO NOT BUY,"I always use to order from Big Basket and First even time i use these People.. First of all you wont find many Brands, Second of all its a very delayed delivery, and after all this too i was waiting for my groceries to get delivered and so pathetic service that they are send me the delivery Boy number and claiming that order is out for delivery. Its 11pm already hence I called this Guy to find out where did he reached and he refused stating Mam You have ordered so many items and I was asked by my office to Ignore your order.. wow !! Like really ??? Here I am waiting for my groceries for which I have already paid and these people are just ignoring my order. 

Highly disappointed and will unistall once i receive my money..",2019-05-06T17:25:11.000Z,0,4.2.0,https://apps.apple.com/in/app/blinkit-grocery-in-10-minutes/id960335206
14173390888,app_store,IN,PKamble24,1,Fraud from blinkit,"I had a very disappointing experience after purchasing an Evereve product through Blinkit.

When I opened the package, the actual device was missing. The box contained only a thin flimsy plastic sheet and a warranty card. The product I paid for was not inside the package.

I immediately reported the issue to Blinkit, but was directed to contact the brand. When I contacted the brand, they informed me that Blinkit was responsible for resolving the matter. As a result, I was repeatedly sent back and forth between both parties without any clear resolution or accountability.

As a customer who paid hard-earned money for a product, this experience has been extremely frustrating. Receiving an empty box instead of the product I ordered and then being unable to get a prompt resolution makes the entire situation appear highly suspicious and has severely damaged my trust in the companies involved.

I expected accountability, transparency, and customer support. Instead, I was left without the product I paid for and without a satisfactory resolution. Based on my experience, I would advise customers to exercise caution and thoroughly inspect their orders, especially electronic devices, immediately upon delivery.",2026-06-12T11:03:50.000Z,0,18.63.0,https://apps.apple.com/in/app/blinkit-grocery-in-10-minutes/id960335206
13756767399,app_store,IN,Honest-reviewer-12345,1,Use Swiggy Instamart or Zepto or big basket but never Blinkit I repeat never,"Alright. You want the “delete-it-and-never-look-back” manifesto. Here it is.

⸻

Using Blinkit feels like paying a premium subscription to disappointment.

They sell you the dream: 10-minute delivery.
What you actually get is 10-minute anxiety followed by 30-minute confusion and a lifetime of mild resentment.

Items show “Available” — until you reach checkout. Then suddenly they vanish like your faith in the system. Discounts disappear. Fees appear. Handling fee. Small cart fee. Rain fee. Oxygen fee. By the time you pay, your ₹300 essentials have quietly evolved into ₹500 “why did I do this” purchases.

And let’s talk about quality.

You order fresh fruits. They arrive looking like they’ve survived three economic recessions.
You order bread. It expires tomorrow.
You order vegetables. They look emotionally unstable.

It’s not grocery delivery. It’s a blind trust exercise.

Customer support? Polite. Extremely polite. They’ll apologize so professionally you almost forget nothing will change. Refund? Maybe partial. Solution? Rare. Accountability? Mythical.

Blinkit doesn’t save time. It transfers the inconvenience from walking to a store into staring at your phone in disbelief.

If you enjoy:
	•	Paying more for less
	•	Surprise substitutions
	•	Checkout horror stories
	•	Produce that looks like it needs therapy

By all means, continue.

But if you prefer groceries without suspense, try Swiggy Instamart, Zepto, or BigBasket instead.

At least there, the only surprise should be how fast you finish unloading the bag — not what’s inside it.

Do yourself a favor.

Delete the app.
Free your wallet.
Protect your sanity.",2026-02-16T19:45:35.000Z,0,18.50.0,https://apps.apple.com/in/app/blinkit-grocery-in-10-minutes/id960335206
13564636367,app_store,IN,Blin-kit user,4,Live notification glitch,"Please fix the live notification glitch on the right side of live notification a blank shows nothing the only thing i see is delivery boys arrival time in whole long notification badge. 2) An added item to Wishlist disappear's. 3) add a new group in which the items will appear that we have added to notify when arrive and new requested product. Please fix notification of notify when arrived it doesn't get delivered on time when I opened the app and saw the item has arrived, I ordered it. the notification of product is now available, came when i closed the app after i even used it.",2025-12-28T11:36:26.000Z,0,18.10.1,https://apps.apple.com/in/app/blinkit-grocery-in-10-minutes/id960335206
12409250364,app_store,IN,Neesa Sharma,1,"Blinkit is a JOKE – Stuck at “3 Mins Away” for 20 Mins, Then Cancelled!","If frustration had a face, it would be Blinkit. I placed an order, and for 20 minutes straight, the app kept showing “3 mins away.” I thought, “Okay, maybe a small delay,” but no—it was an endless loop of lies.

I contacted their so-called customer service, and their response? “We couldn’t connect with the store and can’t share a TAT.” Excuse me? You’re running a delivery service and can’t even communicate with your own stores?! And the best part? My money is stuck for 3-7 business days.

So, let me get this straight: I wait for NOTHING, customer support is completely useless, and now I have to wait a week to get my own money back? What an absolute scam. Blinkit is all hype and no substance—just order from a local store instead or probably go for any other competitor of blinkit.",2025-03-11T20:02:27.000Z,0,17.02.1,https://apps.apple.com/in/app/blinkit-grocery-in-10-minutes/id960335206
10481928066,app_store,IN,Jaago grahak,1,A Beware call,"ALERT ALERT ALERT! NEW SCAM ON BLINKIT!!  I ordered a boat earphone immortal 128. The quality was very bad and sound was grainy. Hence i reached out to support team of blinkit. After many attempts i could convince them about the default in the product. When i asked for a refund The assistant called and said that they would first replace the item and still if its quality is bad then they would refund the whole amount. But after the replaced item was delivered, blinkit closed the option of returning or replacement of that product and i am not able to reach out to them or contact them in any manner. This is a very bad and awful experience i had with blinkit and i hope they keep some other communication or helpline open other than just the products they deliver. Before ordering any electronic products on blinkit think twice!!!!",2023-10-16T16:41:37.000Z,0,15.23.0,https://apps.apple.com/in/app/blinkit-grocery-in-10-minutes/id960335206
9645940996,app_store,IN,jyotsnajain,3,Return is almost impossible,I am a regular customer. Blinkit is  a blessing in disguise for every small or big needs its there within minutes. But once or twice i ordered something and they got something else. When i confronted the delivery person said u need to complain on the app. App was automated there was not much help. Didnt have the store contact from where the delivery was made. It happened in case of oranges. I ordered mini oranges and they have been sending mini oranges. One day they sent me norma oranges. When i tried the return it wasnt possible. There shud be a number provided just incase there is a return. Or at-least the delivery guy shud be waiting and ready to take anything back if something is delivered wrong.,2023-02-23T04:47:50.000Z,0,8.5.1,https://apps.apple.com/in/app/blinkit-grocery-in-10-minutes/id960335206
14155091447,app_store,IN,Karthik92,1,Not working with 4G network,"I’ve been facing a frustrating issue with Blinkit lately. The app works perfectly fine when I’m connected to Wi-Fi or a 5G network, but it struggles to load or function properly on a 4G connection. In many areas, 4G is still the primary network people rely on, so this impacts the overall user experience.

It would be great if the development team could optimize the app to perform better on lower-bandwidth and higher-latency networks as well. Not everyone has access to stable 5G or Wi-Fi all the time. Improving network handling, loading times, and reliability on 4G would make the app much more accessible and dependable for a wider range of users.

Apart from this issue, the service is good, but I hope the developers address this network compatibility problem in a future update.",2026-06-07T16:02:48.000Z,0,18.63.0,https://apps.apple.com/in/app/blinkit-grocery-in-10-minutes/id960335206
12857987785,app_store,IN,Babi2325,5,The most important app in my life currently,"I am so happy that zomato created this app, ibcant remember a single day when i did not order with blinkit, its so convenient and easy, many times I have compared prices from Zepto and Swiggy insta mart but blinkit always wins in terms of prices and quality products their customer service are so good I don't have to worry about any products that are spoiled or spilled  because the customer service make sure that they resolve my query as quickly as in 10 minutes, thank you blinkit for this app thousands of options and amazing customer service you rock",2025-07-06T05:09:58.000Z,0,17.17.0,https://apps.apple.com/in/app/blinkit-grocery-in-10-minutes/id960335206
13703494220,app_store,IN,Sidhant sapkale,1,Worst customer support ever,"I have ordered 2 items from blinkit on 1st feb around 1:30am out of which only was delivered i have immediately raised complaint for the same the customer support did not help me with anything the just kept saying we are not able to connect to the store and delivery partner and we cannot solve the issue at this moment please raise complaint in the morning after 9am which i did and again they did the same thing they asked me to raise a complaint today which is 2nd feb they promised that it will be solved today and now when i am trying raise complaint i am not able to raise any complaint because the complaint window of the product is already closed 
This app is just disgusting no proper customer support i have not received my refund nor redelivery of the missing item.",2026-02-02T04:17:17.000Z,0,18.13.0,https://apps.apple.com/in/app/blinkit-grocery-in-10-minutes/id960335206
12934528872,app_store,IN,Ss forever,1,Fraud and cheaters,"One of the biggest frauds and cheaters .. They sell rotten and expire vegetables and groceries ..I ordered jaggery powder of brand 24 mantra and it was dark black and very bad in taste ..i complained and they arrange a pickup and assured me I will get my refund in my wallet it’s been a long time but still don’t get my refund and every time I messaged to customer care after so many questions and answers ( bot) this is the reply I get every time We’re really sorry, chat support may be hampered due to surge in queries. We regret the inconvenience caused. If they will not change thn one day Blinkit or grocer will definitely hampered like thr poor customer service ..😡 (Note -this is not the first time ..many times i recieved bad quality products ) sometimes I exchanged but sometimes I leave because of my busy schedule.. Going to uninstall this app now ..😡",2025-07-25T12:22:11.000Z,0,17.19.0,https://apps.apple.com/in/app/blinkit-grocery-in-10-minutes/id960335206
11397692204,app_store,IN,joyi007,5,The store Manager decides to cancel order according to his whim & fancy,"The app doesn’t have any option to choose the location of the store. I waited for 45 mins & got to know that the delivery partner won’t deliver the products just because they don’t service my area. But the app chooses the location not me. The store manager knew this information & din’t raise a request to fix the situation. The app showed ‘order will be delivered in 10 mins’ for 45 mins before I called to enquire about the delay. This is sadly the only time this happened. Most of the other times, I got the items on time.",2024-06-19T05:00:05.000Z,0,16.00.1,https://apps.apple.com/in/app/blinkit-grocery-in-10-minutes/id960335206
12538212779,app_store,IN,PrashRaykar,1,"Worst App, Never Use It","I recently used the Blinkit app to order some vegetables. But it turned out that most of them were rotten and unusable. There is no proper channel to complain except the AI chatbot which doesn’t understand what you say, and responds after 5 minutes with the same absurd response. It asked me to upload pics for each item. I had thrown away some of the veggies as they were unusable, still sent them the pictures. But the chatbot didn’t accept the pics. Why don’t they have a human customer support? Uninstalling this useless app designed to fleece your money.
Later I even mailed the customer support and shared pics of the rotten items. But they refused to accept their mistake and said they delivered good items, indirectly meaning that customers are lying. Request you to never use such a service .",2025-04-13T12:19:38.000Z,0,17.06.1,https://apps.apple.com/in/app/blinkit-grocery-in-10-minutes/id960335206
10198631676,app_store,IN,Abigail Chawngthu,5,Delivery guys not cooperating much,"it doesn’t always happen but believe me when i say when 4/5th of all the orders i’ve placed, the delivery guys can’t find my location. I’m in Delhi for only 1/2 a year and i don’t speak Hindi, so when they call i can’t explain where my apartment is,bhaiya turn left turn right whatever is needed to say. Had to use google translate while hanging onto the call with the delivery guys. I HAVE WRITTEN MY EXACT LOCATION, FLAT NO, NEIGHBOURING APARTMENT NAMES AND LANDMARK. I can’t understand why they can’t just use google map if they have struggles with finding my location, even after writing the exact location.",2023-07-30T08:22:48.000Z,0,15.12.0,https://apps.apple.com/in/app/blinkit-grocery-in-10-minutes/id960335206
9560132860,app_store,IN,Prashanji.praz,1,Sub standard quality,"I am a regular customer of blinkit. I have ordered today sapota and sprouts. The sapotas were completely raw and The sprouts were that bad that I am hospital is now because the sprouts are filled with germs and they were of unclean quality when I raised a request and a complaint for a Blinkit about this they did say that their management will get back to me, but I have not yet got any message back from them. I am totally disappointed with the service and probably I’m not ours but there’s any more. I hospitalisations and my sickness hundred percent responsible is this company. I am sorry I would not have written such a bad review but I’m so disappointed with this company. It was such a nice company but when the quality check is not done it’s really affects the standard and no matter how good the application is it’s not going to be appreciated.",2023-01-29T12:35:00.000Z,0,8.5.7,https://apps.apple.com/in/app/blinkit-grocery-in-10-minutes/id960335206
6211770835,app_store,IN,KSK_V14,1,WORST COMMODITY DELIVERY SERVICE,"We decided to order from GROFERS after our community MYGATE app tied up with GROFERS and placed an order for vegetables and fruits and other essential commodities that were needed immediately. GROFERS said they would deliver my order in 4 days, since then they have rescheduled 4 TIMES without reasons and there is no guarantee when we will see our items delivered. Customer Service, though prompt, is unable to help since they cannot do anything except “sternly admonish” responsible teams. Is this how a company that is supposed to deliver essential commodities operates? We waited patiently for 10 days, even if it was rescheduled thrice but this last time we were not even informed via sms. Just saw updated date on app on the day my delivery was supposed to be. Extremely irresponsible company especially since we are vulnerable aged and depend on companies such as you during these unprecedented times.",2020-07-18T07:37:22.000Z,0,4.5.2,https://apps.apple.com/in/app/blinkit-grocery-in-10-minutes/id960335206
14087826185,app_store,IN,Nikhil28791,1,Worst Service,"I have been using Blinkit for the past three years; while orders have occasionally arrived late—something I understand can happen due to external factors like heat or traffic—this time, things went too far. My order was located just 0.8 km away, yet it failed to arrive even after 40 minutes. There was neither any traffic that day, nor was the distance particularly far. Furthermore, the delivery executive had turned off his location tracking and was not answering my phone. I contacted Blinkit's helpline, but they were unable to provide any assistance either. Left with no other choice, I was compelled to cancel my order. Also They didn’t take any action on that delivery boy. I uninstalled Blinkit that very day, and I now use Zepto instead. It is faster than Blinkit and does not charge any platform fees.",2026-05-21T02:42:10.000Z,0,18.60.1,https://apps.apple.com/in/app/blinkit-grocery-in-10-minutes/id960335206
13006271413,app_store,IN,Mrityunjay_123,1,Rigid return policy,"I ordered 2 glass lunch boxes from Blinkit, expecting them to be of a usable size for daily meals. Unfortunately, they turned out to be far too small-not suitable for regular lunch portions at all. The product description was misleading and didn't clearly mention the actual capacity.

When I tried to raise a return request, Blinkit refused to take them back, citing their return policy. This is highly disappointing, especially when the product doesn't meet basic expectations. There was no flexibility or support from customer service, leaving me stuck with items I can't use.

I'm sharing this review so others are aware of Blinkit's rigid return policy and the lack of transparency in product listings. Please double-check product details before ordering, and don't expect easy returns if something goes wrong.",2025-08-12T10:07:47.000Z,0,17.21.7,https://apps.apple.com/in/app/blinkit-grocery-in-10-minutes/id960335206
10590798240,app_store,IN,Maitreyi70,5,Awful experience,"Half the times items are of poor quality or missing and there is no refund… you cannot call on your own and you are treated almost like an offender.

This is what I had written a few months back… but I am very happy to see that Blinkit has improved a lot… many changes have come in… the customer service and delivery quality have improved a lot… items were missing in my delivery but they reached out promptly and politely and resolved my issue.. I came back to you after months and you have not let me down… Thank you😊",2023-11-16T07:55:31.000Z,0,15.27.1,https://apps.apple.com/in/app/blinkit-grocery-in-10-minutes/id960335206
10328808854,app_store,IN,SG24S,5,Do talk to customer if there is change in order. Notifying is one way communication,I have ordered a pen and it got cancelled as item is not available. Please let the customer know if there is any alternate option available before cancelling and initiating refund. What is the point of fast delivery if my order is incomplete! For the new alternate option you can adjust the amount then or can proceed with cod. Just notifying is not enough always. If you do not have similar product right now then also you can talk to customer to figure out best possible way to resolve the issue.,2023-09-03T06:20:46.000Z,0,15.17.0,https://apps.apple.com/in/app/blinkit-grocery-in-10-minutes/id960335206
12913363271,app_store,IN,Himalayane,5,Unsanitary Delivery & Reuse of Soiled Packaging,"Subject: Urgent Complaint –

Dear Blinkit Team,

This is unacceptable and extremely disappointing.

A previous order—which was rightly cancelled—contained items completely soiled with broken eggs, leaving everything inside the Blinkit paper bag wet, smelly, and contaminated. The packaging had a rotten stench and visible albumin mixed into all contents, including the bag’s base.

Shockingly, when I placed a fresh order later, your team reused the same soiled paper bag (yes, the exact same one) with some new items just thrown in, minus the eggs—but with the same foul smell and moisture still inside. There was clearly no inspection or quality check before repacking.

This is not just poor service—it’s a serious hygiene and safety concern.

I had to return the entire package again. Please escalate this matter and ensure such negligent practices are stopped immediately. Your delivery and packing team needs urgent retraining.

BRAVO to “Blindkit” for this careless act.

Expecting a prompt apology and action.",2025-07-20T06:18:31.000Z,0,17.19.0,https://apps.apple.com/in/app/blinkit-grocery-in-10-minutes/id960335206
9967436426,app_store,IN,Sushi2208,2,Service and Quality,"Don’t know about other regions but don’t use this app if you live in Greater Noida. Everytime I have ordered, I have faced some issue. The delivered products are not always in good state. The delivery agent does not check the state of items before sending them out for delivery. For items that do not cost much, I’m required to pay at least double the MRP just because of delivery charges, packing charges & cart charges. Often the store takes about 10-15 mins to assign a delivery agent (I’d rather use zomato or swiggy). Sometimes the app bugs out, which results in not getting real time delivery updates. This is not acceptable!

There is neither effective use of experience analytics nor personalization from the brand end. Service is not up to the mark!",2023-05-26T14:41:56.000Z,0,15.5.3,https://apps.apple.com/in/app/blinkit-grocery-in-10-minutes/id960335206
9852497630,app_store,IN,pcmobitab,1,Poor service hefty high demand charges,"As there is a saying there is no free lunch, now it has come to this point. Initially blinkit used to give 10 minutes delivery for almost free to nominal delivery charges. Now a days their delivery charge is 30 rupees on top of that 30 rupees extra for high demand charges. This is a big turnoff. Sometimes get no service due to no delivery agents available. Workers are not paid well so they are on strike. Customers are charged hefty high demand charges to compensate the loss. Wow this model is going to fail very soon. You should have normal standard delivery option within 1-2 hours with no extra charges. Some customers don’t care to receive in 10 mins, they can wait for an hour or so to receive the delivery if there is no extra charge. Otherwise customers will stop using blinkit if this continues",2023-04-23T13:02:51.000Z,0,15.0.9,https://apps.apple.com/in/app/blinkit-grocery-in-10-minutes/id960335206
8896823766,app_store,IN,PriyankaMotwani14o7,4,Great Concept but too much Plastic!,"Hi Blinkit, I really love your service-its convenient, on time, excellent & has fresh products each time. 
The only thing that stops me from ordering more often and also prevents me from giving you all 5 Stars is the amount of plastic you use in your packaging. 
I know it says it can be reused but where? Its not a bag that can be carried. Why not have a scheme where u take back the bags on the next order and offer a minimum, like even a few paisas of rebate to encourage people to do it. 
Also, veges in the old plastic obnoxious nets is a huge no-no plus it makes no sense! Please work on this and you would be the most perfect delivery app ever!!",2022-07-21T13:42:39.000Z,0,8.0.6,https://apps.apple.com/in/app/blinkit-grocery-in-10-minutes/id960335206
8872799367,app_store,IN,Kunal_Rhea,1,Grofers to Blinkit is a downhill story of service,"There is no longer a single delivery that comes without missing items which are not even refunded till proof is given. There are mistakes and missing items 99% times of late and when confronted on customer service in the App, they refuse to acknowledge. After losing money in multiple orders, finally, I have started taking pictures to prove my point and then they accept reluctantly.
Either the delivery warehouse is siphoning off products and making the customer pay or delivery agents are scooting away with it.
Please either discontinue the service or at least have honesty in accepting that not all customers may be lying. We pay for our order and then we have to take pictures to claim our rightful money for missing items - what justice is this in today’s day and age?",2022-07-14T11:15:05.000Z,0,7.1.3,https://apps.apple.com/in/app/blinkit-grocery-in-10-minutes/id960335206
8689857628,app_store,IN,Reetika Sharma,1,"Deliver near expiry products, be aware of the spam","I order dairy products and what the delivered me are products which were packed 8-9 days back. Dailey products do not last too long. The product was already in a bad shape and smell soo bad. It’s not expected. Also on replacing the product they still send me product packed 9 days back and is was in expiry date with less than 10-14 hours of ordering. Similar thing happened in my 1st order as well, the cans they sent me were in bad shape and cold drinks were leaking. Also the packet of chips they sent me were also on expiry date. Also the milk I ordered was also bad in state and it turned sour in less than 1 hour of ordering and the product was expired. It’s a big time scam so better check the products you order. And if you report all this to there Customer care they will hardly reply you, and to replace a single product they will eventually take 30 mins to 1 hour. Uff its frustrating.

One thing positive I found is, they have very reasonable delivery charges and the product are delivered with in few minutes or max to an hour. 

If they check the products which they send us then it’s can be one of the best apps. 
Please consider my point guys.",2022-05-20T13:21:28.000Z,0,7.1.0,https://apps.apple.com/in/app/blinkit-grocery-in-10-minutes/id960335206
8485863804,app_store,IN,Shihan km,5,Pathetic customer service,"They have added in portal for one product which i bought last month as returnable but when i requested to return it they simply said no after showing prof and about to complain they took the product back now its been more than 10 days but i am still struggling to get my refund back .. and there customer service we cant call , chat person kewp on aakjng same question again and again and i am not finidng any mail id to write in personally hence i have to take yhis action hope other people will be aware of there pathetic serivce",2022-03-23T07:49:46.000Z,0,7.0.0,https://apps.apple.com/in/app/blinkit-grocery-in-10-minutes/id960335206
12723443925,app_store,IN,Yashu_smita2322,1,Pathetic service line !,"I had ordered a hair remover machine INR. 1160 yesterday  upon delivery paid immediately  and the delivery man even took a screen shoot of the payment. But I kept getting calls from their customer service line saying they have not received the amount in their account and it’s not received … but as a matter of fact my amount had deducted from my account and I even showed them the bank confirmation
Message… however later the service man came directly to my flat again and created a scene saying to return the parcel and they will refund the amount asap.. but not received any amount so far.  Product gone and guess even money gone … pathetic service … Blinkit is nothing but scam and they even have the guts to create scene at our home even when their own software is in fault.",2025-06-01T13:28:42.000Z,0,17.12.1,https://apps.apple.com/in/app/blinkit-grocery-in-10-minutes/id960335206
11162158569,app_store,IN,G Suresh.,1,Worst service,Items missing in order and saying we will refund amount After ordering items in night time instead of sending complete items missing some of them and saying that refund will be provided for missed item. If they are not enough to provide item why this bloody service provided. After waiting late night again whom should we contact. Today I faced same thing for my kid food also. I order curd with some other items they missed the curd. If I call customer care person they are saying simple answer that they will refund amount. Should I provide amount as food to her at late night. Due to your reckless behaviour customers are facing problem at late night. Iam not going to leave this issue I will lodge case in police station and consumer forum on this. I will teach you legally,2024-04-15T16:58:27.000Z,0,15.45.3,https://apps.apple.com/in/app/blinkit-grocery-in-10-minutes/id960335206
9274249925,app_store,IN,Sn@1l,1,Received damaged products every time | Horrible customer service,"It does indeed deliver the items really fast but every time I have received damaged products. Either 4-5 eggs are broken or sometimes the biscuits have red ants inside the sealed packets or the curd packet is damaged. When u reach out to the customer support they don’t really understand your concern but copy paste chat from their scripted templates. If you have the selling point that u deliver fast you should also add the statement that most of the items will be damaged.

Addition to my previous review: 

They have horrible customer service. Speaking to agents feels like speaking with bot. All scripted lines. Instead of giving me a resolution he is just paraphrasing the issues which I already know and I myself told him . Pathetic! Please retrain your customers support executive. They really need it",2022-11-10T10:10:26.000Z,0,8.3.0,https://apps.apple.com/in/app/blinkit-grocery-in-10-minutes/id960335206
8795958203,app_store,IN,blinkit AV,1,Quality of service/products /customer service,"I am a regular customer of groffers and now of bilnkit but today i ordered fresh fruits, as usual they delivered with in 10 minutes but the quality was really bad. A watermelon is a size of big orange. When i complained for replacement with lot of request for a good quality. The customer care representative informed it will be delivered after 1:30 hrs, i accepted but the replacement came with in 10 minutes but same poor quality. When i complaint again i simply got a message that refund is initiated the customer care executive even has no courtesy to respond. It gives me a feeling that you want a customer to live at your mercy, you will deliver whatsoever quality you have and your staff is arrogant to mishandle customers concern. Good going blinkit!! God help your customers and promoters!! Regards",2022-06-21T13:50:31.000Z,0,7.1.3,https://apps.apple.com/in/app/blinkit-grocery-in-10-minutes/id960335206
14168886980,app_store,IN,AshRichie,5,"What Sets India Apart from the Rest of the World is Quick Commerce, specifically, Blinkit","I know we should be aspiring for bigger things in science, tech, and business but I don’t think anyone can complain about the convenience these quick commerce companies have bestowed upon Indian consumers. Blinkit is driving this revolution and I have only good things to say about this app- range of products, timely delivery, quick resolution of queries and many more. The print out delivery space is a game changer. And Blinkit also caters to the good of people by providing ambulance services to the needy. I am thoroughly impressed with Blinkit.",2026-06-11T06:48:33.000Z,0,18.63.0,https://apps.apple.com/in/app/blinkit-grocery-in-10-minutes/id960335206
3732496464,app_store,IN,BalaSwetha,1,"Pathetic experience, worst quality, terrible customer service.","Had all items ready. Stayed up until midnight to get the order through for the supposed cash back. Order was ready before 12 that night but card wasn’t getting accepted which made me pay by cash. With attentive trials I was a minute after the deal time. Stupid errors during card payment. Worst payment experience.

Did receive a message from grofers that cashback will be added to account after delivery. Now the executives say that the order was made after the deal so no cashback.

Why the hell did they send a msg after the order was placed that cashback would be given? They shouldn’t have sent the message. This is straight away cheating to avoid loss on their end. I’m hurt terribly. I’m never going to order from them again.

Worst quality almost ration card quality. Better to buy from big basket for a nominal higher price rather than from grofers. 

Customer service takes hours to respond but we are expected to wait and reply after so many hours.

Please don’t get cheated like me. Compare prices with big basket. Quality is better with big basket. Buy from them. They keep their word and much better customer service with them. 

Deleted the app.",2019-02-04T12:36:18.000Z,0,4.1.0,https://apps.apple.com/in/app/blinkit-grocery-in-10-minutes/id960335206
11224673738,app_store,IN,manish76,5,How Blinkit cheats customers,"The app has been designed in such a way that you cannot complain when you have an issue. The chat help does not allow you to actually share your issue but just gives options for just 2-3 predefined issues. I bought Blinkit coupons of 250 rupees each, 12 coupons but when I try to apply the coupon it gave me a value of only 200 for one coupon and only 222 for another coupon. There’s no way on the app to complain about this or seek clarification. This is one way in which the app cheats loyal customers.",2024-05-02T17:24:45.000Z,0,15.48.0,https://apps.apple.com/in/app/blinkit-grocery-in-10-minutes/id960335206
13161454215,app_store,IN,Rashmika04,1,Disappointed with false discounts and wrong total,"I ordered 3 packets of mushrooms, each costing ₹67, so the total should have been ₹201. However, in the final bill, the app showed ₹279. I applied a coupon worth ₹100, but instead of giving the full discount, they reduced only ₹79, which seems like an extra amount they added and then removed in the name of a “discount.”

For delivery, it showed ₹25, but since my order was above ₹99, delivery should have been free. Instead, they added a ₹2 handling fee, so the correct total should have been around ₹203. Despite this, the app displayed ₹279, and the ₹100 coupon was effectively worth only ₹79.

The billing doesn’t make sense, and I find their calculations misleading. I recommend not using this app. I also don’t understand how it has received so many good reviews and high ratings.",2025-09-20T13:51:14.000Z,0,18.00.2,https://apps.apple.com/in/app/blinkit-grocery-in-10-minutes/id960335206
12945186968,app_store,IN,Dr.Nikhitha,1,Worst experience with blinkit,"I have ordered multiple items and some items were completely missing from the order. When i spoke with costumer support, not only did they completely deny not sending those items, but also they didn’t try giving any compensation to me. They were not even trying to consider where the items must have gone missing. They kept insisting that i received the items but lost them myself. Multiple customer service agents promised they will resolve it and made me mark the conversations as excellent but I didn’t receive my missed items as promised. This is extremely pathetic behaviour from blinkit customer service. I have now uninstalled the app and will tell all my friends and family to never use the app again. Unprofessional people all around.",2025-07-28T04:55:04.000Z,0,17.20.2,https://apps.apple.com/in/app/blinkit-grocery-in-10-minutes/id960335206
10383793384,app_store,IN,Komalees,5,Order on 17 sep,I have received a damaged coconut on 17 sep and the 3 days window is closing on 20 sep. but today19 sep  when I broke the coconut it is damaged but the return is not accepted and the window is closed.I believe you and make payment in advance and you are expected to check quality as you are doing the shopping on behalf of me. I agree coconuts can go wrong . But how can you close the return window for coconut in 2 days ..the damage can be located only when we break and coconut is normally kept for a week or more .. I am upset by your concept  of 3 days window for all vegetables which is not fair,2023-09-19T08:06:56.000Z,0,15.19.1,https://apps.apple.com/in/app/blinkit-grocery-in-10-minutes/id960335206
10533689743,app_store,IN,Keren David,2,Cancellation policy,Just came across a new incident today and was very surprised to see the resolution . I ordered some things and saw the time was 15 mins for delivery and was hungry hence thought to contact customer service and cancel it . However to my amuse the agent I spoke to noreeen informed me the order can not be cancelled once placed even if the order was not yet assigned to a delivery partner . Also she said that they don’t have the option to call the delivery partner hence I need to call him and cancel . Seeing this side of Blinkit had taken me a back and I was disappointed with the cancellation policy . At the end I had to wait and receive the order . Nice marketing and selling strategy to Blinkit . Compelled customers to even take order when they don’t want to and wait for it .,2023-10-31T04:00:03.000Z,0,15.24.2,https://apps.apple.com/in/app/blinkit-grocery-in-10-minutes/id960335206
8334815994,app_store,IN,Preet2309,5,Amazing service by Blinkint,"When i ordered first time i received the order in 5 minutes. Now i become a regular customer of blinkit, i ordered almost every day something or the other. 
This makes our life so easy, i can order and get the same in 5 minutes. Such an amazing service and wonderful experience.
However i am concerned about the safety of your delivery boys. 
Sometimes we dont need the grocery immediately, we are ok if they take 15 to 20 minutes to deliver the stuff. Is there any option to select so that they do not drive so fast in order to match the timeline?",2022-02-09T01:58:16.000Z,0,6.4.0,https://apps.apple.com/in/app/blinkit-grocery-in-10-minutes/id960335206
14274038114,app_store,IN,Blink kro,5,Dear blinkit,"Its nice to have u in my city Panipat and i am happy that if i need something i have to press one button and boom...
But problem is blinkit never gives me any coupon or discount which i feel is not satisfying because I spend too much money on blinkit you can atleast give me some free stuff which motivates me or make me feel good thats only costumer satisfaction if your costumer is satisfied thats means you are doing something good 
Last but not the least ... as if any other app gives me free coupons or discount i will definitely leave blinkit and switch to the app that satisfy me",2026-07-07T13:35:07.000Z,0,18.67.0,https://apps.apple.com/in/app/blinkit-grocery-in-10-minutes/id960335206
10398896954,app_store,IN,fizazazaAzaza,5,Worst service from blink it!,"I have been ordering from blink it since very long. Today when I placed the order, paid the amount before. Got a call from a customer service stating that the road is blocked and the delivery partner cant come to deliver. There is no road block. By requesting them to please make it possible and deliver the order, still its not been deliver! And no refund is initiated till now. 3 to 5 working days will take for the money to get refunded. The mistake is done from you and not from us. But still we have to wait for our own money for so long!",2023-09-23T15:03:04.000Z,0,15.19.1,https://apps.apple.com/in/app/blinkit-grocery-in-10-minutes/id960335206
14247529938,app_store,IN,Meo jfdekn,1,Worst experience i never had,"Absolutely pathetic service! This is by far the worst shopping experience I’ve ever had. Almost every time I place an order at night, products suddenly become “unavailable” only after I’ve already paid. This has happened repeatedly, and I’ve almost lost ₹2,000 because of these issues.

What’s even worse is the customer support. They either don’t respond or provide no meaningful help. It’s frustrating, unprofessional, and a complete waste of my time.

If you don’t have the products in stock, don’t let customers pay for them in the first place. Stop misleading customers with poor inventory management and terrible support. I’ve completely lost my trust in Blinkit and won’t recommend this app to anyone unless they fix these serious problems.",2026-07-01T01:48:39.000Z,0,18.66.1,https://apps.apple.com/in/app/blinkit-grocery-in-10-minutes/id960335206
12811671283,app_store,IN,Samriddhi Bajpai,1,Refund Initiated Not received Money,I HAVE PLACED ONE order on 14th June and paid online- the amount was 970 and due to some reason they won’t be able to deliver so they directly told me that your amount will be refunded in 3-5 days ( exactly on 19th June ).  I patiently waited till 19th and it started showing that it refunded and the order were not showing in my “my order” section to even complain about it. I seek for help but there were no thing that we can talk to executive regarding to this issue. I WANT MY MONEY BACK. I am very loyal customer of blinkit using this app for years and this is how they treat their loyal customers. I am disappointed and I want my refund of 970 rupees and I can show you the payment details where I paid to blink on exact date exact time and everything. I am highly disappointed.I WANT MY MONEY BACK.,2025-06-24T13:37:49.000Z,0,17.16.1,https://apps.apple.com/in/app/blinkit-grocery-in-10-minutes/id960335206
12740979813,app_store,IN,Deeejjaay,4,Thank you for service. Could be better,"I have been using blinket for a while now. It’s a blessing when you cannot step out to buy your daily essentials and is more than just a last minute quick commerce service for me. Having stated the best, there are some fundamental issues I would like to point out mostly regarding fruits and vegetables. While it can be subjective sometimes they are beyond the usage period or are too raw or are not per the indicated weight. This issue is common and effects 100% of my orders. The failure rate hence warrants a look at the packing policy and/or guidelines.
Otherwise a very beneficial service. Thankyou",2025-06-06T02:26:42.000Z,0,17.13.0,https://apps.apple.com/in/app/blinkit-grocery-in-10-minutes/id960335206
10586573301,app_store,IN,Rollit88,3,Trustworthy most times,"The service is reliable most times but just sometimes it so happens that there is a serious gap in the commitment and end result in terms of fulfilling an order. Blinkit needs to focus more on improving crisis management. It's happened maybe 5-10% of times that the customer support team is just mechanically feeding us with the same script of response without actually knowing what is really happening at the store end and eventually not being able to fulfill my order even after a prolonged wait of an unjustifiable time while all along assuring me that the order will be fulfilled no matter what. For the rest 90% of the times, seamless and smooth service.",2023-11-15T01:16:59.000Z,0,15.27.1,https://apps.apple.com/in/app/blinkit-grocery-in-10-minutes/id960335206
10560921335,app_store,IN,Gunnkaa,2,Blinkit Ludhiana,"Everything is good. But once they did not give me the change (60 inr) and they told “no problem ma’m,next time we will give u the change “ i said okay. And then next time the delivery boy did not have the change although I sent the msg that bring the 50inr change. He came and told no I don’t have. I told him that you paytm me.. he thought and made the excuses.. i said okay go,I’ll report it to Blinkit.. and I texted them and the assistant told me that ma’m delivery boy saying that he didn’t have tje cash and he did paytm you.. i told no,he is lying! She said okay,he is coming to your location and he didn’t come!!! I don’t care about the change,but it was not right!!! I am a foreigner here,I am ur guest.. you’re presenting your country..! Don’t do that guys! 
My regards 🙏",2023-11-07T19:38:59.000Z,0,15.27.0,https://apps.apple.com/in/app/blinkit-grocery-in-10-minutes/id960335206
8257277634,app_store,IN,Hritika5,5,Lightning fast delivery SAVES MY DAY,"This has been by far my most amazing experience with you guys , I had an emergency of supplies shortage when I had guests home and I couldn’t leave my home unattended, I got my order delivered under 10 mins and it was the best day of my life . Not ever exaggerating just plain honest trust keep it up with the free delivery guys with no minimum order value is really a game changer . I hope this doesn’t turn over time to the place where after minting customer loyalty they are treated left right and Center like most organisations have been doing . Over all keep it up guys !",2022-01-19T06:35:35.000Z,0,6.2.0,https://apps.apple.com/in/app/blinkit-grocery-in-10-minutes/id960335206
9210250347,app_store,IN,@luv@&,1,Very unprofessional app with zero customer care service,I ordered some items for my ped in emergency there delivery exicutive picked up my order and on the half way he called me n said that his bike got punchered and he said mam cancle the order i connet with customer care & told them all of the situation and ask them to arrange someone else to deliver my order she just canceled my order without asking me & said re place your order & then i said why u just canceled without asking me she said there is no option available in the all to arrange someone else . I need the itmes for pet so i try to re place but in seconds already some items are out of stock wow what a great app . First they attract people with there so called discount and promises that they deliver in 15 mins than they faild to do .zero support system zero coordination with delivery partner,2022-10-22T12:23:38.000Z,0,8.2.7,https://apps.apple.com/in/app/blinkit-grocery-in-10-minutes/id960335206
13722811030,app_store,IN,Introvert12345,5,Awesome alternative to Jio,"I love that blinkit is now available in my town, I am frustrated and tired of the rude behaviour of jiomart staff. They always (note: literally always) cause delayed deliveries, missing products, regular cancellations just because I didn’t tell the delivery executive otp even though my order is not delivered. I tried complaining and jiomart is negligent of the customers. There is no way to reach out to them, even if you do contact the physical store staff, their behaviour is like they never were bad guys, it is always customer who is evil. Rude language and ignorant of the issue caused.",2026-02-07T11:30:48.000Z,0,18.15.0,https://apps.apple.com/in/app/blinkit-grocery-in-10-minutes/id960335206
4444738185,app_store,IN,ssss_sonia,4,Still need improvement...,"Everything is fine but still need few improvements:
1) frozen products are never taken care properly....they bring normally without cool bag with other products..so they are always melted or not in good shape... customer care promised me couple of times  that they will look the matter in future but all futile.
2)items like Maggie, biscuits always come crumbelled... Without air in it..
3) At the time of scheme periods that is month's starting, middle of the month and at month's end Grofers delivery is very poor as compared to other grocery sites....for delivery Grofers take 3-4 or sometimes 5 days to deliver order and other sites takes a day to deliver their orders.",2019-07-11T21:06:27.000Z,0,4.2.1,https://apps.apple.com/in/app/blinkit-grocery-in-10-minutes/id960335206
14196679770,app_store,IN,Karan Parikh 33,1,Extremely disappointed with Blinkit.,"My recent experience was unacceptable. The delivery executive falsely claimed that I had cancelled my order. When I asked for proof of cancellation, he immediately hung up the call instead of providing any explanation.

I then contacted customer support. The representative offered “free delivery” on a second attempt, but I had already paid the delivery charges for the original order that was never delivered. How is it considered free when I have already paid from my own pocket for a service that was not provided?

This is not the first issue I’ve faced. In a previous order, I received milk with the expiry details wiped off. When we boiled it, the milk was spoiled and unusable. That raises serious concerns about quality control and customer safety.

If this is happening to me, I wonder how many customers across India are facing similar issues. Small charges and poor service may seem insignificant individually, but when multiplied across millions of orders, the impact is huge.

After these experiences, I have decided not to support Blinkit anymore and will encourage others to explore reliable local stores and businesses instead.

Support local businesses 👍🏼",2026-06-18T09:32:49.000Z,0,18.64.1,https://apps.apple.com/in/app/blinkit-grocery-in-10-minutes/id960335206
13921298573,app_store,IN,Niku12345)(,1,Blinkit selling electronic item and it is doing unfair practice,"Subject: Complaint Against Blinkit’s Return Policy for Electronic Items

Dear Sir/Madam,

I would like to raise a complaint regarding the return policy of Blinkit, which I found to be extremely unfair and inconvenient for customers.

I recently purchased an electronic item from Blinkit, but due to size-related issues, the product did not suit my requirement. Unfortunately, I was disappointed to learn that Blinkit does not accept returns or exchanges for such genuine concerns.

For online purchases, customers rely entirely on product descriptions and images, which may not always give a complete understanding of the actual size and usability. In the case of electronic items, size is a very important factor, and denying returns on this basis puts customers at a disadvantage.

This rigid policy reflects a lack of customer-centric approach and reduces trust in the platform. A flexible return or exchange option for unused products in original condition should be provided, especially for valid issues like size mismatch.

I request Blinkit to kindly reconsider and improve its return policy to ensure better customer satisfaction and fairness.

I hope my concern will be addressed seriously.",2026-04-04T11:55:41.000Z,0,18.55.2,https://apps.apple.com/in/app/blinkit-grocery-in-10-minutes/id960335206
11624350461,app_store,IN,Sing had,5,Unreliable,They do not honour their commitments on delivery times 1. The quality of vegetables is not good. I recd the worst quality of Spinach against my order of Premium Fresh Spinach. 2. The weights are not proper. The listing and the actual weight of goods recd is not the same. They do not put weight measurement on the vegetable packets. 3. The quality of vegetable sourced by them are run of the mill. Nothing premium about them. 4. Why should u charge surge pricing if u r delivering in 30+ mins at peak time. 5. If u cannot deliver on time provide some coupon which can be redeemed next time. 6. Your paper bag packaging is good and ensures no theft.,2024-08-18T13:30:18.000Z,0,16.07.2,https://apps.apple.com/in/app/blinkit-grocery-in-10-minutes/id960335206
13285673756,app_store,IN,HBATRA44,1,Disappointed with Blinkit’s Policy on Substandard Products,"I’ve been a regular user of Blinkit for the convenience, but lately their quality control and customer service policies have been seriously disappointing.

On multiple occasions, I’ve received stale or near-expiry groceries, damaged packaging, or products that clearly don’t meet quality standards. When I try to raise the issue through their support, the response is either dismissive or a flat-out refusal to offer any refund or replacement, citing “policy.”

It’s unacceptable for a platform that promises freshness and quality to wash their hands off when they deliver subpar items. If you’re delivering essentials, especially perishables, there has to be accountability. What’s worse is the lack of transparency — nowhere do they clearly explain this anti-consumer policy before purchase.",2025-10-19T07:45:58.000Z,0,18.03.6,https://apps.apple.com/in/app/blinkit-grocery-in-10-minutes/id960335206
12739266463,app_store,IN,The 88er,2,Money-sucking leeches aka the Zomato formula,"Order over 199 to avoid a standard 30 rupee delivery fee. Order over 500 to avoid a surge fee that’s usually 30-50 rupees. On top of this, there’s a handling fee that’s between 9-15 rupees for “high quality delivery.” What does that mean I don’t know. Then there’s a 10 rupee convenience fee if you buy tobacco. Here’s the thing, no one’s forcing you to sell tobacco. You sell it to make big profit from it. So, stop adding 10 rupees more to your profit. There are better ways to earn salary for your drivers than trying to take every last penny from us. Despite all this, Blinkit and Zomato drivers are always unhappy because they don’t get paid enough. So, don’t blame the customers, it’s the brahminical corporation that’s screwing you.",2025-06-05T15:49:29.000Z,0,17.13.0,https://apps.apple.com/in/app/blinkit-grocery-in-10-minutes/id960335206
12116792357,app_store,IN,1234nitin1997,1,No sense of common sense,"First upon this was food item selling it seal open is one of a criminal offence and is covered under food department. Once i got seal open box i initiated returned delivery boy that came refused to take it instead blinkit approved the return i have camera footage also of the same as a result i have thrown it.. and your legal knowledge taking item back that is of eatable kind and selling it again is not good practice like blinkit cheated me by selling tampered seal product and it was little consumed also is unethical. I have photo also of same the delivery boy told blinkit customercare that box was empty was because he misbehaved with me and refused to take it back that why i have thrown it i have footage photo video that i will surely take to consumer forum and file a complaint in consumer forum, food department, and criminal case of cheating.",2024-12-28T18:01:36.000Z,0,16.29.2,https://apps.apple.com/in/app/blinkit-grocery-in-10-minutes/id960335206
11343385360,app_store,IN,Expiry products delivery,5,Receiving expired products,I’m using blinkit for almost two years never noticed the expiry date Today i accidentally checked and it was 10 days expired ice cream then i checked my all items and each item were expired some are even 3 months expired I think blinkit is a big scam We all think they are delivering us in a minutes but they are actually doing business by helping store to remove there expire products by delivering it to us SUCH A SHAMFUL BUSINESS NEED TO VOICE OUT I want my all the money back and I’ll definitely screw them Its a matter of life sending expiry products,2024-06-04T18:41:30.000Z,0,15.52.2,https://apps.apple.com/in/app/blinkit-grocery-in-10-minutes/id960335206
11386938219,app_store,IN,Niluferm,1,Don’t use this app,"I had ordered my dad a bosch tool kit and another item for Father’s Day and the size of the kit  and other gift was larger than expected so I decided to return both the products without opening or checking them and the customer service just apologized for the inconvenience caused and then asked me to send a video of the product with the packaging next to it so I removed the product and sent the video and then she argued that I couldn’t return the product as I had removed it from the packaging. How are we supposed to return a product or decide we don’t want that product without checking it first. 
Also the tool kit usually comes in a cardboard box which is sealed but it came without the packaging so anyone could open it and take something from inside 
So disappointed",2024-06-16T07:44:02.000Z,0,16.00.0,https://apps.apple.com/in/app/blinkit-grocery-in-10-minutes/id960335206
9994053496,app_store,IN,Rotten veggies delivered,5,Rotten veggies delivered,Today I ordered groceries and onion was one of the items. When I checked more than one onion was absolutely rotten with foul smell. Earlier too once or twice rotten potatoes were delivered. Consumers pay as you price for quality products and not rotten items. After repeated instances I am forced to share this feedback. Before packaging your warehouse representative should ensure they are not providing rotten things to consumers. If this continues I will have to shift to other service provider and I am sure so will others. Please set your business right with proper quality check.,2023-06-03T08:14:22.000Z,0,15.7.0,https://apps.apple.com/in/app/blinkit-grocery-in-10-minutes/id960335206
10733566840,app_store,IN,Ritika Lamba,1,No commitment of delivery and Poor customer support !!,"I order few items just now and a free bee bag has been added to my cart by blinkit. When I received the order, the bag was missing. When i got a chance to connect with the customer care “khushboo”, she asked me for a screen shot where it was mentioned about a free sample.. I shared twice and khushboo asked me to wait until she calls blinkit warehouse to check… she disconnected the call and asked me to stay active on chat, after waiting for few minutes she apologised and said warehouse is not answering her calls neither she checked with delivery partner if he he delivered or not… what kind of customer service it is??? Khushboo is asking me to reorder the items worth Rs 400/- for such a stupid thing… Such a useless blinkit services and customer support. Wasted my time and energy.",2023-12-23T02:52:11.000Z,0,15.30.1,https://apps.apple.com/in/app/blinkit-grocery-in-10-minutes/id960335206
9602310714,app_store,IN,Dr Malini,5,Zero rating - theft ..!,"This has happened many times . Blinkit is a thief . I have order some items . I paid full amount in cash and item is missing . I contacted the support executive Fatima that please refund my amount or send me the item. She says talk tomorrow. 
Isn’t this theft ? 
I do not get the item or the money back ..! 
I do not have a customer care number but this is a fraud that has happened with me . But I am in journalism and not going to leave the matter until I get either the missing item or refund of my money . They cannot get away with this ..! 
I want justice !",2023-02-10T09:11:55.000Z,0,8.5.7,https://apps.apple.com/in/app/blinkit-grocery-in-10-minutes/id960335206
9165781145,app_store,IN,ajayssss,5,Ajay shokeen,"Best service so far ( I hav ordered three times) and the store is 2 km from my residence , I live in appartment at second floor and service man has to make entry everytime . Blinkit delivered my order in sharp 9 minutes I ordered groffers only once but when it becomes Blinkit and I experienced the service from them I have decided to buy only from them but my one concern is there tht they have only selected items , store must store more items thn tht would be more business If u want to buy grocery items u can surely go with Blinkit It saves ur time and money wasted on going in market",2022-10-09T03:51:42.000Z,0,8.2.2,https://apps.apple.com/in/app/blinkit-grocery-in-10-minutes/id960335206
8665375177,app_store,IN,Ritzi@369,5,Pathetic refund policy,"You guys don't refund amount at all. Its been weeks since i ordered a Country beans Coffee worth rs. 181, which i paid by using google pay, the order got cancelled bcuz of the unavailability of the product. As per the company policy, amount gets refund after 8 days or so but its been weeks and I haven’t received the refund. I’ve been trying to give my feedback on Customer support but still got nothing. I don’t like this at all. Try to work best on what you tell to your customers about things you mention on the app. Its not just always about business!!!",2022-05-13T04:25:53.000Z,0,7.0.0,https://apps.apple.com/in/app/blinkit-grocery-in-10-minutes/id960335206
5513467813,app_store,IN,Asif.1214,1,DO NOT ORDER FROM HERE.,"Please do not order this site. I ordered for the first time ever and the experience was literally horrible. Firstly the delivery was late and after coming back 2 hours later he forgets to bring half of my stuff! So he goes back and comes again. So after 3 complete hours I received my order and when I opened the package, the bread was scrambled completely, the tomatoes were squashed up and don’t all the vegetables were completely destroyed. Only the ladyfingers were fine until I discovered insects in them. And after about an hour of long conversation with the customer executives it comes out they cannot do anything as I have already accepted the order. No refund. Nothing. 
Thank you for the first and only experience which I received from your side, deleting the app with this review.",2020-02-10T15:50:04.000Z,0,4.4.4,https://apps.apple.com/in/app/blinkit-grocery-in-10-minutes/id960335206
13974729608,app_store,IN,Blinkt dnt cr abt customers,1,You guys can’t handle your delivery partner,"It seems to me that the company is unable to coordinate with its delivery partners, nor are they able to provide them with proper instructions

1) This has happened to me twice. The first time, the delivery partner refused to come upstairs. I said, ""Okay."" I contacted the company and managed to convince the delivery partner to come up; however, when he arrived, he threw my food down on the ground.

 2) This happened to me for the second time last night. I had placed an order around 10:00 PM, but the delivery partner did not want to climb up to the third floor; consequently, he submitted a request to the company to cancel my order. The company representatives kept calling me continuously—from at least 10:00 PM until 2:35 AM—repeatedly asking, ""Do you still want the order? Do you still want the order?"" Yet, despite this, I patiently explained the situation to everyone The final call came from the company representative. At 2:45, I ultimately had to tell the company staff that they needed to cancel the order from their end. I don't mind that—but I am not going to cancel the order from my side
And guess what? They actually cancelled it—and at 2:45am wow 👏👏👏",2026-04-19T13:32:54.000Z,0,18.57.0,https://apps.apple.com/in/app/blinkit-grocery-in-10-minutes/id960335206
12991012292,app_store,IN,sincere buyer,1,Worst payment experience,"Using Blinkit was the first experience. It was worst. I got a call from Blinkit that they didn’t receive the amount , I told them that the delivery boy said they received it, still the lady insisted that I pay the cash. 
I told her the amount is debited from my account and I can send the screen short of the transaction. But the lady kept on insisting there will be a problem for me if I do not pay the cash.
I was wondering, whether anyone would trust their bank, or this delivery service?
She finally asked me to return the goods and that if the amount is credited, it will be refunded back in 3 to 5 days. Finally, she talked to the delivery boy and got the confirmation of the amount receipt.
I decided never ever to use blanket due to this trust issues. I never face this kind of a problem from Zepto.",2025-08-08T13:03:39.000Z,0,17.21.3,https://apps.apple.com/in/app/blinkit-grocery-in-10-minutes/id960335206
11840365723,app_store,IN,Prats0101,1,Services,"I had a very disappointing experience with Blinkit. I purchased a power bank, and despite following all instructions, the USB-C charger wouldn’t work with my iPhone. I even sent a clear video to their customer support, showing that the device wasn’t charging, but they refused to issue a refund. Instead, they claimed that they had tested everything and found no issues, which completely contradicts the evidence I provided.

If the video clearly shows the product is defective, I don’t understand what kind of testing they are doing. This experience has been incredibly frustrating, and I feel like I’ve wasted my money. I strongly advise against buying any electronic gadgets from Blinkit. Their customer service is poor, and this has been one of the worst shopping experiences I’ve ever had.",2024-10-16T13:53:12.000Z,0,16.18.0,https://apps.apple.com/in/app/blinkit-grocery-in-10-minutes/id960335206
11508724228,app_store,IN,Somrit.m,5,App Glitches,"Used to work perfectly fine in my area around a couple of months ago. After which it shut down completely showing my location is unserviceable. I reached out to them on Instagram and they partly fixed it. Now their services are available inconsistently. Suppose it is available and working fine again for a couple of days, then for the rest of the week I'm just greeted to a single page showing Blinkit is coming soon to your area. Don't know whether it's an app glitch or some other issue.",2024-07-18T22:56:34.000Z,0,16.03.0,https://apps.apple.com/in/app/blinkit-grocery-in-10-minutes/id960335206
11730609440,app_store,IN,hunterrrk,1,Worst Return Policies and too much Delay in Delivery,I worked as a customer agent in Blinkit Support team and I can say it’s the worst app. Their policies are very bad for customers. Their store and delivery partner sometimes do not send some items and claim that they send and unfortunately we have to deny the customers that we cannot send you the missing item. They also do not refund the money for the products that are in damage conditions and they make customer wait a lot for the delivery. The most cases that comes to me was too much delay in delivery sometimes even more than 30 to 40 min and they promise 10 min delivery and they promise free item on first order which they do not send to the customer knowingly. I’ll highly recommend you to uninstall Blinkit and download any other app you want but not this.,2024-09-16T14:35:40.000Z,0,16.11.2,https://apps.apple.com/in/app/blinkit-grocery-in-10-minutes/id960335206
5742763198,app_store,IN,vasu.agarwal96,5,Unreliable and cheats,"TotalIy unpleasant experience, I am angry infact of what they did.

I ordered very basic essentials (flour, pulses, sugar) on 25 May, and paid upfront since they offered no COD. I was relying on this company to survive during hard times, and they kept the delivery date as 07 Apr. 

Today, on 1 Apr, a week after placing the order, they played their April fool joke on me, and cancelled the order. 

That too without no immediate refund, saying the refund would be done in 7-10 days. 

My point is why this app is accepting order in the first place, when they are not sure if they’d be able to deliver, that too when provided 15 days. And why blaming it on lockdown when even local vendors are delivering well.

The app is not trustworthy, don’t waste your time, money and effort here, and don’t get stuck in begging for refund situation, specially in already tense situation. Figure out a way to get groceries locally.

My advise: Simply don’t trust this app, delete it and get rid of hassle.",2020-03-31T21:47:56.000Z,0,4.4.4,https://apps.apple.com/in/app/blinkit-grocery-in-10-minutes/id960335206
11853087892,app_store,IN,Elv 416,5,Unhappy with your service,When we are selecting the items and ordering they are accepting and not showing as out of stock in app after receiving the delivery when we check few items will be missing and get a msg as refund for few items but you are cutting the amount for delivery tip and next for the same items I need to pay again delivery tip then how this is free service as if you are not taking any charges. Pls look into this within 800 /- order few cancelled and second order again charging tips 2 nd time.,2024-10-20T01:10:38.000Z,0,16.17.4,https://apps.apple.com/in/app/blinkit-grocery-in-10-minutes/id960335206
13693950111,app_store,IN,Harshit 911,1,Worst customer service,"The delivery partner failed to deliver my order and did not pick up the phone despite multiple attempts. Due to this, the order was not delivered at all. I then contacted customer support several times over a period of approximately 1.5 hours.

The total amount to be refunded was ₹82, however, I was refunded only ₹52, leaving ₹30 still pending. Despite repeatedly explaining the issue, the delivery partner/customer support did not process the complete refund.

One of the customer support agents I spoke with was named Hallema. I was informed that there was a “technical fault” due to which the remaining amount could not be refunded. When I asked where I could formally register a complaint or escalate the issue, the conversation was abruptly closed, which I found extremely dismissive and unprofessional.",2026-01-30T17:51:36.000Z,0,18.13.0,https://apps.apple.com/in/app/blinkit-grocery-in-10-minutes/id960335206
11485803291,app_store,IN,bohidar kamal,5,Excellent service,First time we heard this type of service in world. No one give such fast delivery in any part of world. Very impassive. Thoughtful idea of this type of business. We don’t stay in India and for us it’s like …we are supported by so many people anytime anything. we are getting all our requirements just blink it and you will get it. Thanks who invented this company with this idea. Very helpful all you thos stay out of India and come for short visit and they get everything at homes without going out & without any relative or friends help at home . Great idea,2024-07-12T19:59:59.000Z,0,16.01.2,https://apps.apple.com/in/app/blinkit-grocery-in-10-minutes/id960335206
11387852092,app_store,IN,yousg@,1,Hopeless service from day 1,"I had placed 3 orders on Blinkit so far and guess what? All 3 of them had issues.

They very reason why people order online is to avoid the hassle of going outside and then purchasing stuff. 

Order 1: 2000rs worth of my order was delivered to a wrong building and the delivery partner couldn’t care less. He even started blaming it on me. I called up chat support and apparently the items I wanted was out of stock for the items I ordered. So only partial items was delivered. 

Order 2: Received a faulty product after paying around 1000rs for it. Amazing.

Order 3: I placed an order to buy a pail relief gel and just to avoid the delivery fee, I add items worth 300 and placed the order. But GUESS WHAT? All items except for my pain relief gel- which I was in real need off arrived. The item was out of stock- not the delivery partner or the team reached out to me about it. I had to reach out to get my money back. 

So yeah, in short- amazing job guys! I am sticking to your counterparts like zepto and Swiggy who knows what they are doing. Or else I will just limp and go to the nearest medical store to buy a pain relief gel. 

Amazing service and app! Kudos to the team at BlinkIt. 0/10 ⭐️",2024-06-16T13:33:13.000Z,0,16.00.0,https://apps.apple.com/in/app/blinkit-grocery-in-10-minutes/id960335206
10371622686,app_store,IN,kukikumu,1,Want to speak with executive,"Why there is no support? I ordered one product thinking because its on blinkit, it must be best and trustworthy. And now when i need support for that product you are not connecting me to the executive. Your support chat doesn’t have such option to talk to the person. I have always paid the money you have asked. I have been a good customer but have you been a good vendor? I lost my hard earned money. But there is no one to answer. I don’t want to return it. But atleast someone has to listen to my query. If not then i regret and feel so disappointed that i choose to trust blinkit. I will make sure that i spread this word to all my acquaintances to not buy any expensive product. Just buy basic things that too when very urgent. Otherwise you will also be cheated.",2023-09-15T18:31:12.000Z,0,15.18.0,https://apps.apple.com/in/app/blinkit-grocery-in-10-minutes/id960335206
9797149117,app_store,IN,Harsh1999G,1,Stop fooling your customers please,"Please stop charging the consumers with obnoxious un-necessary charges that you guys fancy with in the name of “high demand surge” charges or “any gibbrish tax” charges. I tried ordering many items today since morning till night, but everytime and for every item I was charged 30 rs extra as “high demand surge” charges. You mean to say that for the ENTIRE day the demand for blinkit orders was that much? I highly doubt that! Even if it is true, then you have to seriously upgrade and expand your stores and delivery people network, otherwise people like me will be demanded to pay a higher amount for something whose MRP is much lower, in the name of fake “high demand surge” charges.
Its the actions like these that I feel lawsuits should be filed against, only then these misleading practices might get looked upon.",2023-04-07T16:55:53.000Z,0,15.0.8,https://apps.apple.com/in/app/blinkit-grocery-in-10-minutes/id960335206
12388719024,app_store,IN,Spider monkey 🙈🙉🙊,1,Review,"Not a good experience. Orders were constantly wrong, items were missing. There needs to be an efficient system where products need to be rechecked and then sent to the customer. Making sure you deliver the right goods is your job, not the customer. The delivery charges on one or two items are high unless your cart is loaded. Sometimes there’s a system slowdown where the product is already paid for but not in stock. One click and the customer’s money is in their pocket while a wrong order takes days on the customer’s end for a refund. 
Wouldn’t recommend using the app. Buying goods from the neighborhood’s store or shops is more efficient than this app. It is defeating the purpose for which it stands for - comfort of ordering the right items from your home.",2025-03-06T13:38:13.000Z,0,17.01.3,https://apps.apple.com/in/app/blinkit-grocery-in-10-minutes/id960335206
8899409240,app_store,IN,aqeewcjygkk,1,Goodbye to Blinkit. It’s a third class app,"Pathetic service! No resolution to a little problem, absolutely no cooperation from the customer service. In My last purchase which was a big amount purchase I wanted to replace/ return few items within few hours of delivery which were absolutely sealed, i ordered the wrong product in confusion. But the company refused for any support even after my consent for no refund of amount , instead I requested if the company doesn’t wish to refund then I m ready for any coupon or adjustments of the same in my next purchase. But the customer service executive refused straight forward and wasn’t willing to give any cooperation regarding the same. Will never buy again because other companies consider costumer’s request Goodbye to Blinkit. It’s a third class app",2022-07-22T08:05:27.000Z,0,8.0.6,https://apps.apple.com/in/app/blinkit-grocery-in-10-minutes/id960335206
8679290960,app_store,IN,Goutam Majumdar,1,Very bad customer support system,"I ordered 3 items out of which one was very important and urgent to me. After few minutes I got a message that ‘your order has been packed but one item is not available hence refund for the item would be made’. But the most unfortunate thing is that the item which was most urgent to me was dropped as the same was not available with the stores. It’s ok, but don’t you think that an option should be given to the customer for unavailable item(s) ? There may be alternatives available to the customer. But you don’t give such option. And the available Chat system is having very limited scope and no direct chat is available to place the concerns. Neither there is any customer service phone contact available.
 Worst experience !!",2022-05-17T07:33:43.000Z,0,7.1.0,https://apps.apple.com/in/app/blinkit-grocery-in-10-minutes/id960335206
4638312783,app_store,IN,mumtaz k,3,Cashback takes forever to reach my wallet (it's not a real cashback),"I made a purchase and a transaction of 632rs after 2 weeks and I'm still awaiting cashback in my Grofers wallet to make my next purchase, which means I'm in control of their availability. The Grofers frying that was half the amount of 349rs is in orange cash where I cannot really use it, ""at all"". The customer service has been asking to wait and wait and wait, for 24-48hrs to another 24hrs and so on. The delivery of the frying pan was wrong ...they delivered a tawa and then took it back and made me a refund at first. After acknowledging their mistake, then the reorder on my behalf. And, I don't receive a cashback as yet. Im tired of messaging on ""can we help"" and now realise it's a scam. Cashback isn't really cashback!",2019-08-18T21:27:52.000Z,0,4.2.2,https://apps.apple.com/in/app/blinkit-grocery-in-10-minutes/id960335206
13605282211,app_store,IN,Shaila Anwer,1,Order Review,"I have ordered a power bank from blinkit app , at first they provided me wrong product, after chatting one hour to customer support, later they provided me replacement and the power bank was damaged it was not getting charged the customer support wasted my 1.5 hours on chat and later came with a resolution that she can’t provide replacement or refund , later after connecting with the manager the team couldn’t help me with return , truly disappointing experience I have been using Blinkit from long but the customer service is decreasing now and the customer policy is also very cheap, they didn’t provided me any resolution and asked me to keep the damage product which costed me 1520, blinkit ypu should return and provide me compensation and refund and apologise for this behaviour.",2026-01-07T12:18:06.000Z,0,18.10.3,https://apps.apple.com/in/app/blinkit-grocery-in-10-minutes/id960335206
12412954557,app_store,IN,Fraud Happened,1,Fraud happen with me,"I just ordered one kurta, which I returned due to size issues, and when the delivery boy picked up the package, he said that the amount would reflect in your account in an hour, but it didn't happen. The worst part is you just can't connect with them; their chat system is so frustrating that in the end you have to leave no matter whether your issue gets resolved or not. As in my case, when they wanted to pick the return, they just called me nonstop. Including the customer executive and delivery boy. Feeling like a fraud happened with me. If brands like Blinkit do such things, I just can't imagine it. To senior authorities out there, please look into the matter, as it takes years to earn goodwill for a brand but can lose it within a fraction of time. KINDLY HELP!!",2025-03-12T19:54:43.000Z,0,17.02.2,https://apps.apple.com/in/app/blinkit-grocery-in-10-minutes/id960335206
11840441587,app_store,IN,alisha9299,1,Rude behaviour,"Delivery boy Ramprasadi was very rude and arrogant while he came to drop the order. As I’ve already set my payment option to cash on delivery while I gave him 200 (total charge was 138) he was not able to give me 62 rupees back as he was not carrying any change in cash and insisted me to pay him by Google pay. He went outside the society to get change of 200 which I paid him while returning back he needs to pay me 62 he paid me 60 and after then started arguing that I went outside for your 130 rupees order and my petrol was wasted just because of you. 
Blinkit it’s a humble request to take care of your customer as these kind of workers are spoiling ur brand image & I’ll not be using ur app and even I’ll share this to my friends & family too. 

Really a very pathetic experience.",2024-10-16T14:16:29.000Z,0,16.18.0,https://apps.apple.com/in/app/blinkit-grocery-in-10-minutes/id960335206
9422464808,app_store,IN,Bbhaski,5,Bad and worst’s service,I placed order for fruits I was waiting waiting finally I got a sms says cancelled I have paid the amount address and location map is given I spite of this order is cancelled in the map it’s Showing 2mts it will reach u but order cancelled and saying 2 to 5 days your money will credited to my account I cam to know this is kind of business they will take the order once they the money they will cancel the order if they do for 1000 orders 5 days they get for very good money pls do not go this kind website for placing any kind of order Thanks BHASKER,2022-12-22T07:44:15.000Z,0,8.5.3,https://apps.apple.com/in/app/blinkit-grocery-in-10-minutes/id960335206
10280567695,app_store,IN,Anil0405,1,Poor customer care response,This is the third time i facing issue with Blinkit. This time i had ordered some grocery half an hour back despite the expected delivery time was 8-10 minutes. After 30 minutes when i text to customer support i got reply that someone picked my order and he is in the way. Blinkit store is half KM away from my home. Even after 10 minutes there is no movement in driver status in the tracking and i am unable to chat further in the chat box since the reply option is not there. Finally the driver reached to my place and asking me come down to pick my order. I am at third floor and my left hand is fractured. The delivery person was so rude and left my 10kg packet down the building. Somehow i managed to take my packets in my house. Poor service.,2023-08-20T18:08:04.000Z,0,15.16.0,https://apps.apple.com/in/app/blinkit-grocery-in-10-minutes/id960335206
8710452097,app_store,IN,im a bosss 😎,5,No title but bad review,"It was Sunday 7:30 pm I have ordered one ice creame brick it tells to take high demand surges charges still I have paid the money before delivery 
It tells your delivery will come in 13 min so I waited till 10 min then I have opened blink it and it shows that my order is on the way then I waited some minute after some time I have opened blink it on my mobile i opened blink it at 8:10 pm it was showing that  you order is cancelled and they returned my money 
Please don’t do whith us we are beleaving you that our delivery will come safely but your cancelling,  that’s not nice.",2022-05-26T16:45:20.000Z,0,7.1.0,https://apps.apple.com/in/app/blinkit-grocery-in-10-minutes/id960335206
11172271101,app_store,IN,PreetiNathani,5,"Could do a better job, once you have competition you will die","Pathetic service, hopeless delivery partners. Blinkit can be better, work harder. You are a delivery partner and charge for delivery but at least make sure you partner with ethical people. Products worth 10 k are easily being ordered every month by me, but what I get is stale products, damaged packs, old unclean packs, etc. And nothing much can be done by you guys thereafter. Why should this happen in first place. Have some quality parameters. And you just drop off the stuff openly and take back your bags.",2024-04-18T07:58:22.000Z,0,15.44.0,https://apps.apple.com/in/app/blinkit-grocery-in-10-minutes/id960335206
8238917933,app_store,IN,sapns.dp,1,Very frustrating experience,"We order few items, we showed half and hour delivery. After an hr when we check we were updated that order has been delivered. I went to check if the package was left a doorway. But nothing was there, hence tried calling customer support, but it was frozen and only chat option was open, so send mg through that, but every time it said the package delivered. Normally in past when the package was delivered the delivery guy would ask us to open the package and would ask to separate the product packet wise, take a photo and then leave.
This time we have not received any, chat is saying goods delivered and case close… this is very frustrating..
I did not want to give any star but do not have any option so gave 1 star.
I and deleting this app",2022-01-14T10:05:25.000Z,0,6.1.1,https://apps.apple.com/in/app/blinkit-grocery-in-10-minutes/id960335206
12840171232,app_store,IN,Geetha AC,1,Fake product received,"I ordered the Cetaphil Oily Skin Cleanser from Blinkit, trusting that I would receive a genuine product, but unfortunately, what I received appears to be fake. The packaging looks different from the original, cleanser is too liquidy and the product smelled unusual and not like the real Cetaphil cleanser that I have used before. This is very disappointing and concerning, especially for a skincare product that goes directly on the face. I have acne-prone skin, and using counterfeit products can cause serious issues. Blinkit needs to verify its sellers and ensure product authenticity before shipping to customers. I have raised a complaint, and I hope Blinkit takes quick action to investigate this and issue a refund/replacement. Genuine products are a basic expectation, especially from a reputed app like Blinkit.",2025-07-01T17:36:43.000Z,0,17.17.0,https://apps.apple.com/in/app/blinkit-grocery-in-10-minutes/id960335206
10301248304,app_store,IN,C R Park,5,I was on chat,"I was in chat with customer care and customer care guy again and again was asking whether I need refund and I confirmed too and after waiting I start doing some other work.  When I open the app around couple of days for ordering something, there was no refund.  I again contacted the customer care and got the same reply weather I want refund…
I again opted for the refund and got the reply as my window is closed.  Refund was of Rs. 100 and customer support wanted me to keep on chatting and forget other works.   
Unacceptable",2023-08-26T13:07:15.000Z,0,15.16.0,https://apps.apple.com/in/app/blinkit-grocery-in-10-minutes/id960335206
13345245102,app_store,IN,roopa sheee,5,Best blink it,"It’s really worth buying products from Blinkit! Every time I order from them, I’m completely satisfied.
But once, I ordered from Big Basket, and honestly, just looking at the package irritated me. The delivery was terrible even if they give offers or freebies, I wouldn’t want to buy again.

Blinkit’s packaging and delivery are just perfect totally worth it!
I’ve been using the app for months now, mainly for quick cooking essentials and coconut water. Even the tender coconut feels truly fresh, and the product packaging is always impressive. Highly recommend it!",2025-11-02T04:54:26.000Z,0,18.04.2,https://apps.apple.com/in/app/blinkit-grocery-in-10-minutes/id960335206
9390256661,app_store,IN,romannumber,1,Undelivered order and poor customer service,"I will not even give 1 star because of the experience i had with delivery and customer support. I placed an order in which item were missing for which i raised query and had terrible experience. I was told that their person has confirmed that he delivered the product but in conference he only accepted that item went out of stock because of which it wasn’t delivered. Firstly no trust is shown to customer, we wouldn’t raise concern if it was delivered and after having an argument for about 10min , the solution which was given was a conference call with delivery guy . And one suggestion I would like to guy , if any item is rescheduled for delivery, kindly proceed it with customer concent . This is highly inappropriate that a person is coming so late for delivery.",2022-12-13T01:50:26.000Z,0,8.5.0,https://apps.apple.com/in/app/blinkit-grocery-in-10-minutes/id960335206
11948345360,app_store,IN,Ariana3028,5,"Do not install, the worst experience.","My first order I’ve placed on this app, I ordered only 2 small items. And they didn’t send me the more expensive item. They sent me some other random item. When I checked and told the delivery partner that my order was wrong he said he had nothing to do with it and left. I’ve tried over 15 times to get in touch with customer help and they don’t even open a conversation with me to address the issue. I have no one that’s addressed my issue at all and my money’s wasted. Such a bad experience.",2024-11-14T09:13:58.000Z,0,16.23.1,https://apps.apple.com/in/app/blinkit-grocery-in-10-minutes/id960335206
12586103986,app_store,IN,Ivar Ch,1,"Worst service, not recommended at all","I literally never wanted to write anything bad about Blinkit, because I used to believe it’s easier and helpful app until it has change my mindset totally, as I had placed an order for 3items and I had paid many charges like handling and delivery charges, however my 1 item was missing and when I informed the delivery partner he literally said “Mai kya karu” rude!!!!! And also vendors not checking before handing over the orders and when I raised this query customer service(Naina) said they will not refund my partial chargers of handling and delivery charges only the missing items money will be refunded and forcefully they did. 
This is really annoying when you are in need of something and that thing is only missing from your item. Hopeless Blinkit!",2025-04-25T23:37:21.000Z,0,17.08.0,https://apps.apple.com/in/app/blinkit-grocery-in-10-minutes/id960335206
12103373203,app_store,IN,Mur4gan,1,Worst Experience with Blinkit,"I faced an issue with the Blinkit app, and they’re refusing to take responsibility or provide a solution. Here’s what happened: I placed a birthday gift order for my friend, who lives far away. During the transaction, I encountered a payment error, so I switched the payment method and placed the order again. I exited the app after completing the process.

Later, I was surprised to receive the product at my address instead of my friend’s. Upon checking, I found that the accepted order, which was processed successfully, had my address, while the failed payment order still showed my friend’s address with its order ID. This clearly indicates a glitch in the app, but Blinkit is refusing to acknowledge the issue. Their lack of accountability is incredibly frustrating.",2024-12-25T09:15:56.000Z,0,16.29.1,https://apps.apple.com/in/app/blinkit-grocery-in-10-minutes/id960335206
11056748706,app_store,IN,dream_destroyer,5,Unbelievably Super Fast,"Luck thing that their warehouse is just beside our society. I literally get things within 15 mins at my home. Not only groceries but also other items like gifts, electronics items, etc within 15 mins. Important thing is their print out service. A lot of ppl are still not aware about this, so you guys need better advertisements for this service too. Improvements: With printouts you should also accept groceries. I tried this but I can only order print outs and then next order for groceries. Can’t club it.",2024-03-18T02:22:01.000Z,0,15.38.0,https://apps.apple.com/in/app/blinkit-grocery-in-10-minutes/id960335206
10041864386,app_store,IN,Sanhydro,5,Very foul mouthed delivery partner,"Today I was literally taken aback by the very bad behaviour of your delivery person. I and my family have been getting regular orders from your app. Previously also few persons had problems with pin pointing the correct address but they had the patience to listen and follow directions on phone.
For the first time in life I felt humiliated by a delivery boy. 
Please train these people to behave, because they represent you in the society. I will think twice now before getting anything from Blinkit,
I would prefer rather my local Kirana Shop.",2023-06-17T03:45:34.000Z,0,15.7.1,https://apps.apple.com/in/app/blinkit-grocery-in-10-minutes/id960335206
10985211686,app_store,IN,Haihayvanshi,2,Problems and merits,"Everything about this app is five star but the people who bring the Delivery on. COD never has change for 500 and in starting it is okay but as a time passes, it becomes quite a headache. If you’re ready to give 500 for a 470 parcel. They are ready to take the ₹30 that they owe but if you have ₹141 parcel and you have the change but you do not have one rupees, they are not even going to take that because they need that one rupee to and they expect us to give us ₹30. They never carry our changes. There is the reason because COD is brought so that we can even get change the only and the biggest problem with blanket is it does not haveservice of giving change according to its parcel",2024-02-27T12:40:52.000Z,0,15.38.0,https://apps.apple.com/in/app/blinkit-grocery-in-10-minutes/id960335206
8922563031,app_store,IN,NiharikaLuthra,5,Best platform for immediate deliveries,Have been ordering from grofers for some time now and never have been disappointed so far. I really could not understand how are they managing deliveries in such a short span of time. I still remember my first experience for ordering from Grofers. Its like within a blink of time my groceries were delivered .. Perfectly named Blink it .. Kudos to the whole team .. You are doing a very good job for making our lives better in pandemic situations.. I really dont have to worry for anything now because i know it will be delivered within a blink .. 👍👍,2022-07-29T04:33:07.000Z,0,8.0.8,https://apps.apple.com/in/app/blinkit-grocery-in-10-minutes/id960335206
9828664200,app_store,IN,Parul Nigam,1,Pathetic product quality,"Dear Team Blinkit It is very sad to inform you that though you are delivering product in 9 minutes, you are not at all able to provide us worth of our money. We are not receiving quality products the products getting delivered are damaged and of very poor quality. Today I ordered 3 packet milk which is curdled. Further I ordered Maggie family pack which is completely crushed and broken. When I approached customer care the response i get was you have already used  and disposed off the product keep the product as it is. What kind of response is this? We have paid the price and quality check is your problem not ours. Don’t just make money without offering good products just for the sake of profit. This will not take you to the long run",2023-04-16T16:02:49.000Z,0,15.0.9,https://apps.apple.com/in/app/blinkit-grocery-in-10-minutes/id960335206
9612631142,app_store,IN,Sham1712,1,Bad service,"Had a very bad experience. I was told the order is delivered but I didn’t receive it. Tried calling delivery partner but his phone was unavailable. I asked my security guard and he said that the delivery man kept the parcel down and left. I was not called to inform of the same but just got the notification that it is delivered. The point of the app is for door to door service. If i had to go down to pick the parcel, i wud have gone to my local grocery store. How did i benefit from your service if i had to go down and get it myself. The customer service told me i cant be compensated for my inconvenience because I received the parcel. But did I receive it at home? The answer is no… not worth the download. Instead ur local grocer will send something without charging delivery fee and faster.",2023-02-13T05:24:41.000Z,0,15.0.0,https://apps.apple.com/in/app/blinkit-grocery-in-10-minutes/id960335206
8225163738,app_store,IN,abiarusomas,5,Blinkit is doing wonders,"(Grofers) so called Blinkit is doing wonderful job, before I keep my mobile down after the order is placed, it is reaching me. Most of the items are available, making our job easy. If you could avail some offers on leading credit cards that would be an added advantage. We were using BB earlier but switched to Blinkit before a month, so far we’ve placed minimum 5 to 6 orders, all were delivered on time. Very much happy about the delivery and the products. Cheers to the team who is making it possible for the end customers.",2022-01-10T12:12:50.000Z,0,6.1.1,https://apps.apple.com/in/app/blinkit-grocery-in-10-minutes/id960335206
11026086278,app_store,IN,Aditipitti,5,Best application ever made,"Okay genuinely I’m giving this review of this app is a lifesaver who ever made this idea of making this application is the greatest person. Last day. It was my niece birthday and I really forgot her gift that God grace. This app comes handy and I just fixed giving gifts her in the last moment. Oh my God, this app was a save a must try but yeah you should open more often stores in many more cities because their stores and the services are limited available and limited cities. So please mind opening the store in all over India please",2024-03-09T16:05:24.000Z,0,15.38.0,https://apps.apple.com/in/app/blinkit-grocery-in-10-minutes/id960335206
13714240739,app_store,IN,Paruuulll,1,Fraud,"I ordered a product with order products , but a different product was sent to me. The delivery partner asked me to either take the complete product or cancel. Firstly i refused to cancel and demanded the product i ordered. But on his request i cancelled . Then after few days i again placed n order, and same thing was repeated. N when i asked for my product they cancelled the complete order without my consent. N when i resisted they wrote the order was cancelled due to technical issue. Both my payments are stuck. Poor customer support. Very rude. I ll never again order from blinkit. They should know that there is no monopoly in this business. N they can’t stuck customer money just like that. If the product is not available, it should be marked unavailable.",2026-02-05T02:49:17.000Z,0,18.13.1,https://apps.apple.com/in/app/blinkit-grocery-in-10-minutes/id960335206
13227463977,app_store,IN,Lost_boy_1190,1,Worst Experience Ever with Blinkit – Don’t Waste Your Money!,"I’m genuinely frustrated and disappointed with Blinkit. I have been noticing it from long time that they send products that are close to expiry  and some of them even looked used, especially perfumes and deodorants! It felt like I was sent those tester pieces you see lying in malls for people to try.

And the worst part? Their customer care is absolutely useless. Don’t even bother trying to contact them, they’ll do nothing to help you. Once your order is placed, you’re stuck with it, no matter the condition. There’s no exchange, no replacement, no accountability.

This is pure cheating, If you care about your money, do not buy perfumes, cosmetics, or any near-expiry products from Blinkit. They are clearly dumping old or used stock on customers.",2025-10-05T15:30:08.000Z,0,18.03.1,https://apps.apple.com/in/app/blinkit-grocery-in-10-minutes/id960335206
13084649994,app_store,IN,shweta416,1,Worst app,"This app is an absolute scam! The delivery partner took ₹1310 in CASH from me, but on their own app, he marked it as “Paid Online” without my consent. On my side, it shows as online paid, but the refund went straight to the delivery partner instead of me!

I’ve been chasing my own money for 5–6 days, repeatedly following up with their so-called support executives, and honestly, they are completely useless. None of them understand a single thing I’m saying! Every time, they keep repeating the same nonsense — “You paid via UPI… you paid via QR…” when I clearly tell them I paid CASH.

When I finally asked for compensation for all this harassment and inconvenience, the support agent shamelessly disconnected the chat! They pretend to “care” but don’t do a single thing to actually help. If they had verified the UPI ID in the first place, my refund would’ve been processed instantly, but no — they keep passing the blame.

This is the WORST app ever. Unprofessional, irresponsible, and untrustworthy. I’ve lost my money, wasted my time, and received zero help. I will never order anything from this app again, and I strongly warn everyone to stay away from this pathetic service!",2025-09-01T02:57:58.000Z,0,17.23.1,https://apps.apple.com/in/app/blinkit-grocery-in-10-minutes/id960335206
12522482199,app_store,IN,Sandhya upreti,1,Unsupportive customer care executives,"I am writing to express my disappointment regarding a recent experience with your service. I mistakenly ordered an item and requested a replacement or return. However, your team repeatedly referred to a return policy that claims certain items cannot be returned.

What I find frustrating is the inconsistency—on previous occasions, I received poor-quality products due to errors on your end, and the returns were accepted. This time, despite my genuine concern, I am being denied support, which feels like a clear double standard.

Moreover, the customer support team has not been helpful or empathetic during this interaction, which has only added to my dissatisfaction. I no longer feel confident recommending this app to anyone due to this experience.",2025-04-09T13:29:41.000Z,0,17.05.2,https://apps.apple.com/in/app/blinkit-grocery-in-10-minutes/id960335206
12370313106,app_store,IN,Bhupendra Gupta 21,1,Last time my order is delayed for 45 minutes and now today after 35 minutes my order cancelled,"Last time my order is delayed for 45 minutes and now today after 35 minutes my order cancelled automatically is thi a service u guys providing I am very disappointed today again, if you guys not providing order on time then don’t took the orders , in my area if I am going outside at 12 AM also then I will get everything from market also but u guys have worst service.. I live in south Delhi . Sometime your delivery partner are asking for extra money also and now you cancelled my order also , very bad service provider and customer service is also sending auto generated message support system is also worst today I am very disappointed..",2025-03-01T18:22:04.000Z,0,17.01.2,https://apps.apple.com/in/app/blinkit-grocery-in-10-minutes/id960335206
10429719622,app_store,IN,anubhasy,5,Superb service and user experience,"I don’t generally write review for apps but over the past 2 years Blinkit has impressed me over and over again with its agility in responding to customer needs.

They modified their product packing to reduce waste, the app interface is user centric makes ordering a breeze, and the customer support is prompt, efficient, and professional. Blinkit also has an extensive variety of products, including some niche products like Lotus biscuits, automatic home aur freshener, etc. 

Overall, an impressive app and smooth experience.",2023-10-02T07:50:16.000Z,0,15.20.0,https://apps.apple.com/in/app/blinkit-grocery-in-10-minutes/id960335206
13059542415,app_store,IN,Sabkz,5,"Seamless app, wide variety, not the best fresh veg","Very easy to use app and excellent UX! Great prices and very easy to navigate. Wide variety of items. I find their packaging far better than other quick comm brands and the items are also very clean. Household items are high quality - for example stainless steel items and cookware. However fresh veg and fruit is a struggle… I’ve got damaged items or poor quality often. So, better to buy that in person. But rest of the items are really good and super convenient to order from Blinkit.",2025-08-25T16:40:27.000Z,0,17.22.0,https://apps.apple.com/in/app/blinkit-grocery-in-10-minutes/id960335206
4133773258,app_store,IN,Shreelakshmi Agrawal,1,Worst delivery service!,"Unprofessional and inefficient are the only words I have for your customer service.
I placed an order last week, it showed me the earliest delivery slot for exactly after a week but i still chose it because I am a regular customer and I always shop from Grofers. After waiting for one week, on 10th May when my order was supposed to be delivered. I get a notification at 8, saying Order out for delivery. At 10:30 I get a notification saying My order has been rescheduled for 17th May! After 1 more week.
First of all, I am the customer. The order is my need. I am the one who has the right to reschedule it. And if you have an issue and cannot deliver it on that day, it’s still understandable. But delivering it after 1 week? 
FYI, there are many more apps that provide the same service. A customer is not dying to be loyal to you that they will wait for you for 2 weeks. 
Additionally, their customer service does not answer 1 single call. They don’t reply to 1 single feedback email. They don’t even give an explanation for their mistakes, let alone making up for it to retain the customer. 
Will never use your service ever again, let alone recommending it to someone.",2019-05-11T13:26:43.000Z,0,4.2.0,https://apps.apple.com/in/app/blinkit-grocery-in-10-minutes/id960335206
11609440771,app_store,IN,AyeshaR009,5,Love love love,"I want to share a story, but it’s much to type. I love you guys, delivery in 8 mins so apt, and the wide range of products you have; my mind is blown. You have spoilt me, if I don’t have something instantly I don’t want it anymore. Even Amazon’s one day delivery feels like forever to wait! I love you, BlinkIt! I am so proud to be an Indian and be able show off to outsiders that we have door step delivery in 8 mins, almost anything we want! Which takes them an entire drive to a grocery store. I bought EarPods, Skin care, dog food, junk, my gosh… 

 Faithful customer,
 A.R",2024-08-14T15:57:13.000Z,0,16.07.2,https://apps.apple.com/in/app/blinkit-grocery-in-10-minutes/id960335206
12872455106,app_store,IN,neils2012,1,Very bad customer service,"I’ve used Blinkit for a while, but my recent experience with their customer service has been incredibly disappointing. The service itself is quick, but when issues arise—like missing items, wrong deliveries, or refund requests—it’s nearly impossible to get timely help.  

The customer support is **horrible**—no response for hours, automated replies that don’t solve the problem, and no direct way to speak to a real person. Even the in-app chat feels useless, as agents either take forever to respond or close the ticket without resolving anything.  

If Blinkit wants to retain customers, they **urgently** need to improve their support system. Right now, the lack of accountability and poor assistance makes me reconsider using the app again.",2025-07-09T19:38:07.000Z,0,17.18.2,https://apps.apple.com/in/app/blinkit-grocery-in-10-minutes/id960335206
11506613439,app_store,IN,Dr Tanuja,5,Repeated service issues,"It is so expensive!! There are too many hidden charges. Quality is a issue. Sometimes the vegetables would be spoiled or wilted, the batter would be so unclean on the exterior. It sure does come fast , but as all things quick, quality takes a huge beating. Also if Blinkit cannot manage the cash on delivery option, why does it have to be placed as an option! Overall I would go back to my regular shopping, instead of blinking it! And many of the people I know have voiced the same!",2024-07-18T10:23:38.000Z,0,16.02.1,https://apps.apple.com/in/app/blinkit-grocery-in-10-minutes/id960335206
10633874604,app_store,IN,0*😞BAD,5,Refund of money due to damaged vegetables,U have send 5 rotten n damaged vegetables n the video I shared but ur robot says u will refund for only 2 products but why do u send rotten vegetables v have trusted Blinkit even when big  bazaar n now Zepto but blink it is no more recommendable but u havnt refunded as well as v cannot further complain as options r not there ..plz give us a live chat in customer care service or a customer call provision ..my issue is related to the 2nd November order kindly refund my vegetables money in my wallet or replace them ..since I was travelling didn’t have the time to follow up,2023-11-28T06:30:53.000Z,0,15.27.2,https://apps.apple.com/in/app/blinkit-grocery-in-10-minutes/id960335206
9084561571,app_store,IN,Rashmi-13,1,Can we give zero star rating?,"I have been ordering from blinket since a very long time and was really happy with their services until today. I ordered egg tray on 7th sept and kept it in store since I was going to use it later , didn’t get time to consume them tbh. But when I opened the tray today eggs were all rotten and foul smell was coming out of it. I crushed one of them some black liquid came out. Obviously I would expect a replacement or refund since eggs don’t go bad in this time period. Blinket support executive told me we cannot initiate refund or replacement since it’s been 7 days which infact today is the 7th day and me not being aware about their policy. I am sorry but really disappointed with your service blinket. Would definitely switch to different app for my groceries now.",2022-09-14T16:55:04.000Z,0,8.1.6,https://apps.apple.com/in/app/blinkit-grocery-in-10-minutes/id960335206
9037810213,app_store,IN,ANeladri,1,Cheating customers with missing order items and expired products with no return policy,"Cheating customers with missing order items and expired products with no return policy. One of the items in the orders were missing, and when I noticed it and notified Blinkit customer care they took a lot of time to confirm and deliver it again. Most importantly one of the ordered items were looking of very low quality, covered in so much dirt and it looked very badly handled. I wanted to return the product but Blinkit customer care team denied it saying no return policy. How a customer consume a product which is of poor quality and dirty. They are literally cheating the customers in the name of no return policy. And customer care team is very bad that they are not even trained to handle the issues.",2022-08-31T13:47:27.000Z,0,8.1.4,https://apps.apple.com/in/app/blinkit-grocery-in-10-minutes/id960335206
11940498376,app_store,IN,AmolDalal,5,So fast that everything else is less important,We have fruit vendor in our society. On occasion of Ekadashi we wanted apples urgently to prepare apple smoothie. However when I went downstairs I came to know that our fruit vendor doesn't have apples today. From there itself I placed order on BlinkIt for apples. And within 3-4 minutes of me reaching home I got apple delivery from BlinkIt. To my surprise the quality of apples was far better than that of our society vendor and pricing is appropriate. What else one can desire more for?  So happy with the Service.,2024-11-12T04:46:36.000Z,0,16.22.0,https://apps.apple.com/in/app/blinkit-grocery-in-10-minutes/id960335206
8689023051,app_store,IN,vidushi@chandigarh,1,Order items missing!!!App showing cashback..not given,"I am a loyal customer of blinkit/ grofers but you just lost me. I ordered today & prepaid for lemons which were not delivered by your delivery man. By the time, I checked it, he had already left. His name on the app was coming as farhan. Also 25/- cashback was applied but didn’t reflect in the bill. So i have been robbed by you for 50 rs on a bill of 766/- rs. Your customer support conveniently has no option to address this concern. I hope that some one from your customer care will contact me. Otherwise i m deleting this app forever . I would have rated you as negative star but again there’s no option!
PS: i was just told that delivery man had hidden his face behind a helmet & was laughing. Don’t know whether its the parent company or the delivery boy!!",2022-05-20T07:36:35.000Z,0,7.1.0,https://apps.apple.com/in/app/blinkit-grocery-in-10-minutes/id960335206
8587663878,app_store,IN,Neha Mohanta,1,Worst service,"I had ordered for 6 items including an ice cream bar. It took more than one hour to deliver the order. My order was rescheduled because the delivery boy said he cannot deliver my order since it’s far away, he mentioned a different address than the one I gave. I told him repeatedly that that wasn’t true and I am seeing my home address in the order details. He disagreed and behaved rudely and asked me to cancel the order. As he cannot deliver. After I refused he told me to give manual instructions to reach my address from the store. I was not aware of the store location. He did not know how to navigate using google maps. He disconnected the call and I had to wait for more than an hour to get the items delivered. 

I tried reaching out to the customer support. And to my surprise the support executive was super late. Her name was Shefali and she did not provide me the reason for such misbehaviour of the delivery executive. Also, she did not resolve or try to deliver my order faster. I waited for more than an hour. 

Worst customer service and delivery experience. I regularly use swiggy insta mart and they deliver my order within minutes. Blinkit representatives harass customers.

To my surprise the items were not packed as well. I had ordered ice cream and it had totally melted as no ice packs were provided. The delivery boy gave me the packing bag and I had to hold it while he placed my items in the bag. I cannot write enough how utterly disappointed I am. Total negative experience and I wish I could give less than one star. 

I am recommending everyone to use swiggy insta mart instead of blinkit. 

I will never use blink it and will recommend my friends to not use it as well

* Rude behaviour by delivery personnel and the customer executive. A big no no to blinkit",2022-04-20T14:25:01.000Z,0,7.0.0,https://apps.apple.com/in/app/blinkit-grocery-in-10-minutes/id960335206
14254151544,app_store,IN,Er Vivek Sonawane,1,Very shameful and very poor costumer care very bad experience,"My experience with Blinkit support has been extremely disappointing. I received a Hershey’s Chocolate Spread in a damaged and unsealed condition, which is a serious food safety concern.

Despite reporting the issue, there has been no proper resolution. The damaged product has not been picked up, and the refund has not been processed. Instead of resolving the complaint promptly, I have been kept waiting without any meaningful update.

This level of service is unacceptable. I expected better quality control and customer support from Blinkit. Unless this issue is resolved immediately, I will have no option but to escalate the matter through the appropriate consumer grievance channels and reconsider using Blinkit’s services in the future.",2026-07-02T15:17:58.000Z,0,18.67.0,https://apps.apple.com/in/app/blinkit-grocery-in-10-minutes/id960335206
14176688499,app_store,IN,SivaNageswararao,1,Doorstep Delivery Promise Not Being Followed in Hyderabad,"Very disappointed with Blinkit service in Hyderabad. Delivery personnel rarely come to the doorstep, even when I clearly select and mention “Leave at Door.” Instead, they keep calling and asking customers to come outside and collect the order.

I have already raised this complaint three times, but nothing has changed. Every time, customer support responds saying that delivery partners will be trained, yet the same issue continues to happen repeatedly.

As a customer, I expect the service promised by the platform. If doorstep delivery is offered, it should be followed consistently. Due to the lack of improvement despite multiple complaints, I strongly do not recommend Blinkit in Hyderabad until they address this issue seriously.",2026-06-13T06:03:32.000Z,0,18.63.0,https://apps.apple.com/in/app/blinkit-grocery-in-10-minutes/id960335206
13851021569,app_store,IN,Ashishthunder,2,Don’t want to order due to surge charge.,"Whenever I am trying to order from the app it is always asking for surge charge regardless of time. If the demand for Blinkit is high then I think it is a good thing and just due to high demand surge charge should not be taken from other customers.
By the was it is not possible that the demand is always high so stop faking the high demand and ask surge charge.
I have checked and observed that even early morning and late night also the app is showing surge change. Seriously you think there are soo many people’s are ordering from blink even surge charge is applicable and not using other apps where there are no surge change.
Stop faking the high demand and stop surge charge.",2026-03-15T14:52:33.000Z,0,18.53.0,https://apps.apple.com/in/app/blinkit-grocery-in-10-minutes/id960335206
12983012842,app_store,IN,Sarfi0,1,Urgent Complaint Regarding Delivery Executive Misconduct and Potential Scam Attempt,"Over the past few weeks, we have observed a disturbing pattern where Blinkit delivery executives insist on taking customers’ phones under the pretext of adding the delivery address. This behavior is not only highly unprofessional but also raises grave concerns about data privacy, security, and potential scam activities.

Today, this crossed a line. A delivery executive outright refused to deliver the order when my friend declined to hand over their phone. What’s worse, the executive became extremely rude, aggressive, and threatening. He used intimidating language including, “Jo ukhadna hai ukhad lo, nahi dera mai order” — a statement that is both unacceptable and alarming.

Such behavior is intolerable. As a customer, we expect professionalism, courtesy, and respect — not harassment or threats.",2025-08-06T13:29:40.000Z,0,17.21.3,https://apps.apple.com/in/app/blinkit-grocery-in-10-minutes/id960335206
12802514791,app_store,IN,Mady U,2,Never order gift packing,"I recently had a very bad experience about ordering gift pack items from Blinkit, the provide a cheap gift bag made up of paper/card paper , which is not at all expected, when the order arrived, the paper bag was already had damaged handle, further they have put non gift items like milk pouch inside the bag with other gift items, and had spoiled other gift items due to condensation, why they ask to separate items which are not supposed to be included in gift pack, when I complained, the executive shamelessly replied we cannot process the replacement or refund either. So i have decided to stop using Blinkit . Rather i would prefer going out and buy from local shops.",2025-06-22T02:40:37.000Z,0,17.16.0,https://apps.apple.com/in/app/blinkit-grocery-in-10-minutes/id960335206
10222776922,app_store,IN,792230,5,Really disappointed,Have ordered first time few minutes before and it’s really disappointing that a delivery boy Deepak have taken more money from my daughter. As I have ordered and selected cash on delivery. Unfortunately I was busy and haven’t seen the msg from aap regarding the unavailability of one product and they have mentioned to pay just 188 instead of 323 which was the previous total. My daughter did the payment according to the previous bill. Instead she gave 330 rs . 7 rs as a tip and now no one is answering our calls. REALLY DISAPPOINTED 😡,2023-08-05T14:54:45.000Z,0,15.12.1,https://apps.apple.com/in/app/blinkit-grocery-in-10-minutes/id960335206
11727234941,app_store,IN,jsssunny,4,App issue order placed store and delivery store location not matching,"After placing order, got confirmation order will be delivered, but got call from Blinkit, the number was of West Bengal, the lady said please cancel the order because the order has gone to a store not in your location, this happened twice, third time when I placed the same order on the same adresss and location, order was delivered, lot of people have faced this issue after placing order, you need to look into this issue of order going to wrong location store

Why am I being charged for delivery",2024-09-15T15:33:35.000Z,0,16.11.2,https://apps.apple.com/in/app/blinkit-grocery-in-10-minutes/id960335206
9898205989,app_store,IN,buzz_ht,5,"Poor service, false promises","You say that your app delivers in 10-20 mins. I stay very close to the dark store. Literally 2 mins away. App says store is 0.8 km away.  
Now, when I recently had ordered, it showed 23 mins delivery time which in the first place too much for such a small distance. 
But then there was a SLIGHT DELAY and my order was delivered in 43 mins. Is this a joke? I mean what kind of pathetic service is this?
This happened 4 times in a row. That is why I am writing. I can understand if this happens once or twice. But 4 times in a row is too much.",2023-05-06T11:00:09.000Z,0,15.0.9,https://apps.apple.com/in/app/blinkit-grocery-in-10-minutes/id960335206
10032121477,app_store,IN,AN1302,2,Unable to buy anything,"What’s going wrong with this app? I have not been able to buy any product since last month. Whenever I open the app, ‘CURRENTLY UNAVAILABLE’ is written on the top left corner and whenever I try to select a product it’s showing out of stock. I thought some maintenance work might be going on but this has been going on for a month now. I tried uninstalling the app multiple times and installing it again but the error has not been solved yet. I have ordered through the app multiple times but since last month or two, I have not been able to buy anything. What’s the solution for this? Please revert asap.

Atleast have the courtesy and responsibility to reply to this",2023-06-14T08:41:40.000Z,0,15.7.1,https://apps.apple.com/in/app/blinkit-grocery-in-10-minutes/id960335206
9348083138,app_store,IN,Rotten servuce and goods,5,Rotten vegetables rotten service,I previously had bad service from Blinkit and had stopped ordering . Today I needed lettuce which was not available else where so I ordered it along with some other vegetables- the lettuce sent was visibly bad /rotten / stale I had to complain The customer service apologised Another lettuce was sent AGAIN stale ! I sent both back Now they want a picture! Even though I have told them in my complaint-BOTH have been sent back and I have NO picture and no more time to deal with a service that promises a ten minute delivery !,2022-12-01T07:52:45.000Z,0,8.4.2,https://apps.apple.com/in/app/blinkit-grocery-in-10-minutes/id960335206
12930380547,app_store,IN,Tehsysfsksf,5,Nice Return Policy Experience,"I had ordered a pair of AirPods, but unfortunately, the buds were missing from the box. Since I had planned to gift them to my dad before his 6 PM flight, I was quite disappointed.

Initially, I contacted customer care and spoke to a representative named Siddhant. Unfortunately, he was very rude and unhelpful. Instead of understanding my concern, he blamed me for not checking the product properly and refused to cancel or replace it.

However, when I spoke to Miss Aliya, the experience was completely different. She was extremely polite, patient, and understanding. She listened to my issue carefully and immediately arranged a replacement. I’m truly grateful to her for her support and quick action.

This was my overall experience—so my advice would be to avoid dealing with Siddhant due to his rude behavior, but I absolutely love the app and I’m satisfied with the service. A big thanks to Aliya ma’am for handling my concern so well!",2025-07-24T11:39:55.000Z,0,17.20.0,https://apps.apple.com/in/app/blinkit-grocery-in-10-minutes/id960335206
8874920976,app_store,IN,markossolo,1,Wrost app,I have never seen the aap like this blinkit i selected some product and add to my cart after i place my order by paying the amount thry my debit card they cut the amount and showed on the app that i will get my orders within 30 mins and its almost done 2 hours they didn’t respond me so i choose to talk to the blinkit assistant and tell him my whole issue he said he will contact to the delivery boy wait for minute i keep wait for him but after 10 mins he suddenly said please cancel your order because the bike of delivery boy has been broken did you like this app this types of issue and one more thing the mistake was happen from his side but when i cancel the order the amount which is pay him it will credited in my bank after 4 or 7 days is that ok guys?,2022-07-15T01:48:30.000Z,0,8.0.5,https://apps.apple.com/in/app/blinkit-grocery-in-10-minutes/id960335206
8600359350,app_store,IN,Kalim Agwaan,1,Pathetic service,"I’m using this application for the very first time & the kind of a experience which I’ve received is very pathetic.
My order was placed at 11:25 AM & after waiting for 30 minutes straight the delivery boy called me and said that sir you’ve selected COD as a payment option however you’ll have to pay online otherwise I’ll have to cancel the order. Right away I tried contacting customer support but only chat support was available & over there as well nobody to replying back to me.
I’m not getting the options attach the screenshots otherwise I would have added it.
Stop your pathetic advertisement of delivering the products in 10 minutes & focus on improving your services.
I’ll definitely share this bad experience with everyone in my contact.",2022-04-24T06:39:18.000Z,0,7.0.0,https://apps.apple.com/in/app/blinkit-grocery-in-10-minutes/id960335206
11881839869,app_store,IN,Bhavnakhatri,5,Poor customer satisfaction,"Horrible customer service ! Lots of goof ups on and off during delivery which I understand is human! But when I was not sent 2 bundles of hydroponically grown spinach bundles ordered with many other items some weeks ago , they insisted that I have received and I had checked the delivery before accepting. So a big lesson learnt - since cash is not accepted on delivery and it’s prepaid online always , we always check every item before accepting the order ! Thanks Blinkit for teaching us to mistrust your service 🙏",2024-10-27T18:19:09.000Z,0,16.21.0,https://apps.apple.com/in/app/blinkit-grocery-in-10-minutes/id960335206
11466016309,app_store,IN,Assu08,5,Wrong order has been sent after complaint refund is not done,"Blinkit is just fooling their customers by send incorrect order and when you complain they will inform refund will be done but they won’t return the product nor they refund your money. My suggestion to all who order please the the order while you receive it, it will less or the product will be there ther weight will difference eg. if Order 1kg they will 500gm same product so you won’t come to know anything is missing.",2024-07-07T13:11:01.000Z,0,16.01.4,https://apps.apple.com/in/app/blinkit-grocery-in-10-minutes/id960335206
11325760242,app_store,IN,Anubhav Srivastava,5,Delivery of any type of items in loose envelopes,"Delivery man do not keep secrecy / privacy of items . Brings the items / goods in his bag , start putting the items in paper envelopes and just handover the recipient. Recipient all the time can not be the one who ordered , thereby deliver mam causing the loose of the privacy of the items , due to packing in front of recipient and after packing envelopes are given open ( without sealed ) Sensitive, privacy causing items must be sealed packed from the warehouse only and should be started packing in front of recipients home or recipient .",2024-05-31T02:06:53.000Z,0,15.51.0,https://apps.apple.com/in/app/blinkit-grocery-in-10-minutes/id960335206
11616994059,app_store,IN,Komaru19,5,Blink it running scam….,"Blink-it running scam by deducting money and then asking fir order. They should know we select payment option from the app, clearly they  know the order id but still they ask for the same.  I got fooled 2times by blink-it..
After having conversations with customer care person called “Saqia” she asked me for the order id which impossible to share.
I requests all ppl please use zepto instead of this. I have never used zepto but by seeing the ads i trust them instead of blink-it. I lost almost 1200 rs.
# banned Blink-it…",2024-08-16T14:17:18.000Z,0,16.07.2,https://apps.apple.com/in/app/blinkit-grocery-in-10-minutes/id960335206
14162818719,app_store,IN,Cookieeeee@012,1,Extra charges,"I used to choose Blinkit for convenience, but the increasing number of extra charges is making the service difficult to justify. Apart from delivery fees, customers are now charged handling charges, high-demand fees, and other additional costs that often make the final bill significantly higher than expected.

While I understand that businesses need to cover operational costs, adding multiple charges on top of product prices feels excessive and lacks transparency. The convenience of quick delivery is being overshadowed by the feeling of being nickel-and-dimed on every order.

I would appreciate clearer pricing and a reduction in these unnecessary surcharges. Until then, it's becoming harder to see the value in using the service regularly.",2026-06-09T16:31:02.000Z,0,18.63.0,https://apps.apple.com/in/app/blinkit-grocery-in-10-minutes/id960335206
14056355978,app_store,IN,Shahida from blinkit,1,Poor quality and extremely bad service by blinkit support (shahida),"I ordered a tripod with a ring light from Blinkit and had a terrible experience. The product arrived in a damaged box and looked like it had already been used before delivery. It did not match the images shown on the app, and the build quality was extremely poor.

The tripod parts were loose and unstable no matter how much I tightened them. There was also no instruction manual provided. When I placed my iPhone on it, the stand could not even support the phone’s weight properly, causing it to fall and crack the back glass of my phone.

What disappointed me even more was Blinkit’s customer support. Despite explaining the issue multiple times, the support team kept repeating the same responses instead of actually helping or accepting responsibility. Even after requesting a refund and return, there has been no proper resolution.

I specifically spoke with a customer care executive named Shahida, but the issue still remained unresolved. This entire experience felt like a complete waste of money and time. I expected much better quality and accountability from Blinkit.",2026-05-12T14:06:45.000Z,0,18.60.0,https://apps.apple.com/in/app/blinkit-grocery-in-10-minutes/id960335206
13187410490,app_store,IN,Madhavi _65,1,Bad quality items delivered,"I had ordered vegetables through this app. The onions and the ginger supplied were rotten and smelling. There is no customer care ph no and we have to compulsorily chat with their customer care . There is no refund for the cost of the items which were damaged and I got the message that due to operational difficulties items cannot be replaced. They only provided me refund for coupon which is a very minimal amount and that too to be used in my next purchase. Also during the chat with their customer care, there is only preprogrammed messages, out of which we just have to select one of the options. They do not take any customised messages from customers. Never use this app specially for vegetables, total waste of money",2025-09-26T13:55:55.000Z,0,18.01.2,https://apps.apple.com/in/app/blinkit-grocery-in-10-minutes/id960335206
12633865476,app_store,IN,Xiximi34,1,Please dont use online if can(very cheap app)and please return my money backk,Helloo..i really wanna ask this whyy? Such delivery app should have helpline number but there isn’t!! what am i suppose to do when problem rises?..i ordered something and was about to pay online but i forgot to add something so i go back to the app and cancelled my transaction i didnt even put my upi password..after adding the forgotten items i paid and i got a notification that my money will be refunded? The total was rs874(its not a small amount for me as i am a student living alone)and the previous transaction that got cancelled was rs364…. 1238rs was debited from my account and i didnt even get my order let alone my money pleasee return my money backk!!pleaseeee… or atleast deliver my ordered items,2025-05-08T16:54:32.000Z,0,17.10.0,https://apps.apple.com/in/app/blinkit-grocery-in-10-minutes/id960335206
4289686551,app_store,IN,sunilshetttttty,5,Not too service,As delivery boy told to reduce the items it it’s very difficult to bring so my items...if he don’t want to bring you should assign two people ...that idiot delivery boy is telling if we order more items we will going to block you le account..we are not interested to show online shopping...you guys only sending messages the offer so we tried once that’s the worst experience...that delivery boy don’t have rights to speak taht we are going to block..I requested don’t shop with grofers ..the biggest mistake I did today...I should hit with face with my slippers by ordering,2019-06-09T14:21:21.000Z,0,4.2.1,https://apps.apple.com/in/app/blinkit-grocery-in-10-minutes/id960335206
8702318491,app_store,IN,ChethanMS,1,Fraudsters!,"These people are literally looting money of people. They deducted money from my bank account for an order and the order was cancelled immediately. Refund initiation message was also received. But it is been nearly 10 days I haven’t got my money. 
The best part is they are never available for calls. If you write them on email they reply you after 5 days and that too like an automated message which doesn’t answer the query. A guy named kunal replied to my mail and boom! He disappeared all of a sudden after that. Very very poor service. If it was Dunzo or swiggy I would have received refund within few minutes. Guys please be careful using the app. These people are looting your money with their technical glitches. Once your money is gone its gone forever.",2022-05-24T05:54:36.000Z,0,7.1.0,https://apps.apple.com/in/app/blinkit-grocery-in-10-minutes/id960335206
8788990862,app_store,IN,monikanautiyal,5,It does have to be 5 or 10min,"I like the app and I always get my order on time..
The only problem is maximum time they does have my things available in the app, so I have to switch to another apps like Swiggy, and I really think 20 to 30 min delivery is fine but if things will not be available customers will shift to other apps.. And I feel 20 to 30min delivery is totally fine.. I don’t know why people are so impatient and giving bad ratings to this app… but again off course Blinkit doesn’t have to notify such shorter time..",2022-06-19T09:55:16.000Z,0,7.1.3,https://apps.apple.com/in/app/blinkit-grocery-in-10-minutes/id960335206
14203924489,app_store,IN,Ashi_0510,1,Horrible Customer Service,I ordered fresh flowers and some other decorative items from blinket . Out of all the delivered items 4 packets of flowers amounting to 180 rupees out of total order of 900 rupees were rotten . I raised a complaint and they redelivered the flowers which again came rotten . Despite sharing multiple images and video the customer support kept demanding me more images to issue the refund. I obliged and when 20-25 minutes passed and after chatting with three customer executives I lost my patient and closed the chat . Frustrated with their pathetic service I deleted the app and will never use it again . And for your information this was the first time ever I demanded a refund from them so it's not like my profile had a history of refund .,2026-06-20T04:54:06.000Z,0,18.65.0,https://apps.apple.com/in/app/blinkit-grocery-in-10-minutes/id960335206
13837359784,app_store,IN,Naaeha,1,Extremely Poor Experience,"Absolutely unacceptable service. I ordered 5 items and one item (coconut) was missing from the order. This is basic order handling and still it wasn’t done properly.
What’s even worse is that this isn’t the first time I’ve faced issues. Earlier also I ordered the Urban Yog hair removal kit and had problems with that order as well. It feels like mistakes are becoming a regular thing with Blinkit.
The most frustrating part is the “Help” option in the app. Every time I try to contact support, the same automated message pops up saying chat support is hampered due to surge in queries. If support is always unavailable, then what is the point of having a Help section at all?
Customers should not have to run behind emails just to report missing items from their order. This shows a serious lack of accountability and customer care.
Missing items, repeated order issues, and no proper support — this completely defeats the purpose of using a quick commerce app.
Very disappointed with this experience. If this continues, customers will simply stop trusting and using this platform.",2026-03-11T16:25:53.000Z,0,18.53.0,https://apps.apple.com/in/app/blinkit-grocery-in-10-minutes/id960335206
12514663214,app_store,IN,Guddddooo,1,Not Using Blinkit Again After This Experience,"I had a very disappointing experience with Blinkit. The delivery partner refused to deliver my order to the correct address, even though it matched my GPS location. Instead, he asked me to come to Kamraj Nagar police station — a place that was never part of my delivery address. He claimed they don’t deliver inside Kamraj, despite me receiving multiple orders here before.

He was rude, suggested I cancel the order, and told me to ignore follow-up calls, hinting that the order might be canceled. I expected a proper doorstep delivery, not to fetch my order from a random location.

Blinkit support was helpful and tried contacting him, but he still refused to deliver. This was completely unacceptable, and honestly, I don’t think I’ll be using Blinkit again.",2025-04-07T13:12:48.000Z,0,17.05.2,https://apps.apple.com/in/app/blinkit-grocery-in-10-minutes/id960335206
11917810685,app_store,IN,Avimas993,1,Worst Support Service,"Here’s a review capturing your frustration with Blinkit:

I’ve had an incredibly frustrating experience with the Blinkit grocery app. I’ve had three separate issues, and each one left me more disappointed than the last.

First, they delivered paneer that was spoiled. While they did send a replacement, it was an unnecessary hassle. Then, they ran a promotion that promised a free box of kaju katli if I spent over a thousand rupees. I met the requirement, but they didn’t deliver the kaju katli. Instead, they offered me flight coupons – which is ridiculous. Why would I want flight coupons from a grocery app?

My third issue was with a toy I ordered. The quality was terrible, and when I requested a refund, they refused, only offering a replacement. To make matters worse, they set up the replacement on their terms without asking about a convenient time or location for me. The customer support is the worst – they take ages to respond, and when they finally do, their solutions are inadequate.

Overall, this has been one of the worst app experiences I’ve had. I’m done with Blinkit’s poor support and unreliable service.",2024-11-06T04:05:37.000Z,0,16.22.0,https://apps.apple.com/in/app/blinkit-grocery-in-10-minutes/id960335206
11215755988,app_store,IN,Stupid service of Zee5,1,Worst Packing and behaviour of delivery boy,It’s a pitiable behaviour and packing of the Blinkit . Charging ₹4 for handling and packing charges. In my last order the weight of my order was around 4 to 5 kg and Blinkit packed the same in one paper bag only. While delivery boy handover it to me at my door the packing get raptured and the bottle of my Coffee got broken and the cherry tomatoes 🍅 get smashed. I asked the person why you don’t get it packed in two bags of ur packing is unable to handle the weight. He said arrogantly I have handed over to u it’s ur fault. On the other hand blinkit doesn’t have Customercare service at which we can call directly I raised the complaint on mail but they have called me after 4 days of the incident and didn’t take any action . Next time I will send the legal notice to Blinkit ….,2024-04-30T07:19:31.000Z,0,15.47.1,https://apps.apple.com/in/app/blinkit-grocery-in-10-minutes/id960335206
10758196043,app_store,IN,sachinsinghla,1,No call support available,"Blinkit doesn’t provide any call support in case of any problem with the order. They have an automated chat service which doesn’t cover all the issues. Their delivery charges are also high and particularly annoying is they can remove any items from the order after payment and deliver the rest. I recently wanted to buy one Indian spice out of urgency, and due to high delivery charges I added some non essential items as well. After payment they removed that urgent item from the order and delivered the rest. The main thing I wanted didn’t get delivered. What a waste of money. Their stupid ai chat service doesn’t cover all the issues like this one and no call support also available. Not good experience",2023-12-29T09:34:14.000Z,0,15.32.2,https://apps.apple.com/in/app/blinkit-grocery-in-10-minutes/id960335206
8405104824,app_store,IN,kailashchogle,5,Delivery,"The address placed at which we need delivery, if once a while electric supply issues than your delivery person should not extra money to deliver at actual address . As groffers we use to place regular order & after concerted to blinkit this is our first order since delivery issues previously shown on your site & within change of name of your service we got worse delivery experience.
We will definitely shift to other companies next time onwards as now more than 5-7 companies give online delivery.",2022-02-28T10:16:06.000Z,0,6.5.0,https://apps.apple.com/in/app/blinkit-grocery-in-10-minutes/id960335206
7079207741,app_store,IN,Shuva17,5,Damaged Item,"Normally your delivery is good.... On 10th February I placed my order and my all stuffs got delivered on 12 th February . But this time amongst all stuffs, I got a damaged item( Surf Excel Matic Top load detergent powder. Then and there I refunded it to the delivery guy and he told me refund got initiated to original source and I saw also in apps the same and it’s also written that the amount 293 inr ( surf excel) will be shown in my account within 7-10 days. But till now it’s not shown in my wallet. I am a regular customer of your shop, so you should take care of it as soon as possible .",2021-03-08T10:38:50.000Z,0,4.6.3,https://apps.apple.com/in/app/blinkit-grocery-in-10-minutes/id960335206
11058804849,app_store,IN,Homakshi gupta,5,Nice app,"There are some plus and minus's 
Plus - 
1. You will get most of the things available 
2. The items are not to expensive , but not to cheap . They are affordable 
3. The delivery partners have a polite behaviour 
Minus’s - 
1. Sometimes the order can get a little late 
2. Make sure that you enter the location correctly because sometime the delivery partner can get confused . 
3. The delivery charges are 30 rupees but if you order 3 or 4 which cost more than 130 or 200 there are no delivery charges , whereas , many apps such as bigbasket provide a little quick service  but if if you place a order which goes above a 1000 rupees still you would have to pay 25 rupees extra as delivery charges and swiggy instamart also provides fast services but delivery charges will apply unless your order is above 400 or 500 rupees . 

Overall , it is a good app and it gets five star rating from me",2024-03-18T16:46:03.000Z,0,15.36.3,https://apps.apple.com/in/app/blinkit-grocery-in-10-minutes/id960335206
4126423119,app_store,IN,Nishmas,1,Nothing is Good!!!,"Don’t want to give even a single star!! It’s almost 7days of my order and we are still waiting for that coz I paid in advance!! Where simple local kirana shop guy delivers in few hours...Now come on so called “HELP” App doesn’t have any call connect you hv to use their so called Chat which they will reply on their own wish!! They should understand the difference between Chat n message!! Now after 7days of waiting I am still getting msgs of unavailable products list which will get refunded in another 7days they are enjoying with my money for almost 14days!! that is also on msg don’t know whether I have to chase for my money also that’s the worried part which restricted me to cancel my order!!
Overall not suggested App at all!!! They are new born babies need more time to start walking!!",2019-05-10T02:53:09.000Z,0,4.2.0,https://apps.apple.com/in/app/blinkit-grocery-in-10-minutes/id960335206
13260583616,app_store,IN,Mariafers13,1,"Extremely disappointed- Received a rat bitten product, no proper action taken.","I am deeply disappointed with my recent experience. I ordered a product through this app and shockingly received it in a rat bitten and unhygienic condition. I immediately raised a complaint, but despite repeated follow ups, the concern was not addressed properly. This is not just a customer service issue- it’s a serious food safety and public health concern. The way this case was handled shows negligence and lack of accountability. I trusted this platform for its quick service, but after this horrifying experience and carelessness handling, I have lost all confidence in their safety standards and quality checks. I sincerely hope the company takes strict action against such lapses and improves its consumer grievance process.",2025-10-13T10:19:14.000Z,0,18.03.3,https://apps.apple.com/in/app/blinkit-grocery-in-10-minutes/id960335206
11057161765,app_store,IN,Vir82110,5,Always late,"Why do company commit for on time delivery if they can’t make it. I am having delay delivery for last 5 orders. I contacted help desk and was assured that it will not happen again but still no changes. Today again, after 20 mins of order my order still says that will be delivered in 10 mins while ordering it said, 15 mins delivery.

I don’t think there is any improvement and team doesn’t want to improve as well. I will recommend to stop using this app like this is last time I ordered",2024-03-18T05:52:43.000Z,0,15.39.2,https://apps.apple.com/in/app/blinkit-grocery-in-10-minutes/id960335206
10593963866,app_store,IN,Lamodali,5,Product quality,Sometimes the product quality is not good and sometimes the product is missing. There is easy way to get back to customer support of even the delivery boy. Long time ago I ordered some salad leaf which costed me 400. The product was not delivered and since the payment was already done I tried to follow up numerous times with customer care . I checked with the delivery person. He said it’s coming in next few minutes. The order never came my money never came back!,2023-11-17T06:15:53.000Z,0,15.27.2,https://apps.apple.com/in/app/blinkit-grocery-in-10-minutes/id960335206
10613150394,app_store,IN,fragilama,1,Suffering aka Blinkit,"If anyone is seeking an unpleasant experience, you are welcome to engage with Blinkit. The service appears misleading, attracting urban customers with a 10-minute delivery promise. However, when issues arise or complaints are raised, the customer faces significant challenges. Blinkit seems impervious to feedback, persisting in defending their product despite potential concerns or mismatches. To them, a customer spending 50k per month is merely inconsequential and unworthy of raising concerns about a product from their warehouse. I found myself compelled to keep a mistakenly ordered product valued at 1000 rupees, with Blinkit refusing to facilitate a return. Additionally, I had to use a food item (Basmati rice), only to discover post-cooking that the quality did not align with the claims made on the product page.",2023-11-22T15:46:23.000Z,0,15.28.0,https://apps.apple.com/in/app/blinkit-grocery-in-10-minutes/id960335206
9539353327,app_store,IN,red chillies,5,Poor Damage & Delivery policy,"The product was delivered in the damaged condition, the delivery person also recognised the fact and took the product back post some conversation with his backend team. Later, I received an automated customer care call, stating Press 1 for cancelling the order which may attract charges or Press 2 continue with accepting the order I mean what was that, I wanted delivery of the product but in a good state and not in damaged state. Wow! Blink it will bring a damaged product, then they MAY charge me for not accepting the damaged product. Great services! Bravo! 👏👏👏",2023-01-23T16:30:10.000Z,0,8.5.7,https://apps.apple.com/in/app/blinkit-grocery-in-10-minutes/id960335206
10353813767,app_store,IN,Rohith V S,2,Bad experience,"I had ordered for cooking oil but wrong item was delivered. I immediately contacted support and got them to agree to replace the item. The replaced item was also not what I had ordered. I again contacted support but this time they agreed to refund as a coupon which is valid only for 30 days. If I fail to use it in 30 days, I’ll lose the money. I asked them to refund to my original source of payment. But for this they want me to call in the next 24 hours and lodge another complaint or else I will lose my money. It is like they make a mistake and customer has to bear all losses. It has been a very bad experience. Like someone said, they were good earlier but now I feel cheated.",2023-09-10T12:19:05.000Z,0,15.17.0,https://apps.apple.com/in/app/blinkit-grocery-in-10-minutes/id960335206
8991121415,app_store,IN,AjayGupta327,5,Amazing delivery time,"It’s amazing how fast this service is. Today the order time was 8 minutes but my order came I 5 minutes. I just hope riders are not putting them and others at risk through fast driving. I hope the company is focused on this aspect and is also taking care of its riders. From a customer perspective, I am delighted. It’s almost magical how you order something and it shows up on your door so soon. The items are limited as of now but I am hopeful they will increase once the model is successful.",2022-08-18T11:49:59.000Z,0,8.1.1,https://apps.apple.com/in/app/blinkit-grocery-in-10-minutes/id960335206
13615045619,app_store,IN,Dr Sameena Kausar,5,Life Saver,"The words cannot express how grateful I am for the Super Heros of Blinkit. In fact this app has saved my day many a times. It has become a habit now. I was down with feber and no medicine was helping. Then I checked antibiotics on the app. Immediately an experienced doctor called me and did a thorough investigation and prescribed suitable medicine for me available on the app. It aas 3:30 at night. After 15 minutes I had my medicine, and now I am feeling so much better.
Thank you Team Blinkit!!!🙏🏻💐💐💐💐💐💐Tons of salutes to your dedication and determination.",2026-01-09T23:36:31.000Z,0,18.10.3,https://apps.apple.com/in/app/blinkit-grocery-in-10-minutes/id960335206
8682888008,app_store,IN,yashhajela,1,Pathetic customer support and product quality,"I have ordered milk last night and it was delivered on time. However, all the milk packets were spoiled when we opened it. There was water and milk solids in it which could be clearly seen. Have raised this to customer support but their chat system is very pathetic with poor response time. They always say that they are experiencing high volumes and take 45 minutes to hours for someone to respond to you.  I think they deliberately do this so that customers go away after seeing such high waiting time. And when you are gone after few hours there will be a standard response and it will say that it seems you are not available now. And then you again have to do the same process. 

So basically there is no customer service. Forget any refunds or exchange. If you get a bad product they will not refund any money. 

I don’t know how they have a 4.5 rating on App Store. It should not be more than 0.5

Please think before you order anything from here. I am done using this app now. There are much better apps out there providing better services and support.",2022-05-18T10:23:44.000Z,0,7.1.0,https://apps.apple.com/in/app/blinkit-grocery-in-10-minutes/id960335206
5602704851,app_store,IN,arrow120495,1,Worst Delivery Service,"For My each and every order my order is delayed by minimum 1 week after and delivery executive is not receiving call ever and every time my order is rescheduling by multiple times and customer care executives told me that we can’t do anything on delivery side and they told that delivery executive not receiving our call so pls call ya you will get updated status for further slot and same way delivery executive don’t receive call if receive they make excuses that i m not coming for delivery and i am outside for my personal work and all worst company ever

I would like add more again i am facing same difficulties this time when i file complaints on application next hour my account is blocked and my order is cancelled which is packed and ready for delivery how worst company ever i faced",2020-03-01T17:13:37.000Z,0,4.4.4,https://apps.apple.com/in/app/blinkit-grocery-in-10-minutes/id960335206
14213508308,app_store,IN,SwapnilKurve,1,Live Mouse in Delivery Box & Rude Customer Support,"Worst experience ever with Blinkit. A live mouse came out of the delivery box and started roaming around my house after I opened the order. This is a serious hygiene and health hazard and raises major concerns about how products are stored and handled.

What made the experience even worse was the behavior of the customer support executive. When I requested a return, I was rudely told, “Return karna hai to karo, nahi to rehne do.” Such an unprofessional and dismissive attitude towards a customer complaint is completely unacceptable.

Not only did I receive a contaminated order, but I was also treated disrespectfully when seeking help. Very disappointed with both the service quality and customer support. I expect better accountability from a company of this scale.",2026-06-22T16:41:28.000Z,0,18.65.0,https://apps.apple.com/in/app/blinkit-grocery-in-10-minutes/id960335206
14154660819,app_store,IN,Iqlash,1,Very Disappointing Experience,"I have been facing the same issue repeatedly with Blinkit. When I place an order with around 20 items, several items are often missing from the delivery. Sometimes nearly half of the ordered items are not delivered at all.

This is not a one-time mistake—it has happened multiple times. It is frustrating to wait for an order and then find that many items are missing. The reliability and quality of service need significant improvement.

Customers expect to receive everything they pay for, and repeated missing items make the shopping experience very disappointing. I hope Blinkit takes this issue seriously and improves its order fulfillment process.",2026-06-07T13:55:20.000Z,0,18.63.0,https://apps.apple.com/in/app/blinkit-grocery-in-10-minutes/id960335206
12850187781,app_store,IN,Prithvi Gap,4,Overall it’s a strong app the way it’s designed,"the way it’s designed for ease and all but the product image is a bit delusional and I understand why it must be, but when it comes to raw products The items are not up to the mark in some cases and it’s a good thing that when we report the issue, the item is either replaced or the necessary necessary measures are taken accordingly, and that’s one good thing, and this is very quick, it would be more better if much more clean observation is taken on the raw items and its quality, before delivery.",2025-07-04T05:22:17.000Z,0,17.17.0,https://apps.apple.com/in/app/blinkit-grocery-in-10-minutes/id960335206
9826623738,app_store,IN,Agarwal08,5,Worst customer care,"Not worth a penny . They don’t care about what the customer has ordered. They won’t even call to check if some item ordered is not available. At least have audacity to call and check with the customer what he needs. Just don’t send anything. And after that they don’t even have a customer care number to call, they don’t understand anything on chat. They give a resolution without asking the customer if he is fine with it or not. Useless people all over.",2023-04-16T02:30:55.000Z,0,15.0.9,https://apps.apple.com/in/app/blinkit-grocery-in-10-minutes/id960335206
12257732003,app_store,IN,@!Sharmashruti!@,1,Changing my rating and DELETING THE APP,"I order everything from Blinkit but now that I have faced same challenges over and over and over again is when I decide to change my reviews on the store. They WILL some day or most day give you a rotten, spilled, expired product and then do nothing to correct their mistake, they will not take a return, not a refund and blame it on the “technical” capabilities of their system. 

Like pick up can only happen from the same address as delivery, even if something was ordered a day ago from a completely different address. 

I almost have lost about 2-3k in beauty/ Skincare products like this, I generally order my Skincare together from wherever I am available but it’s not something I open and check right then and there because it’s a sealed product so comes with trust but Blinkit has broken it one too many times. 

I have finally deleted the app. I am very happy with a decision. I know I will have to go out and it will take my few hours on a random weekend but I will ensure not wasting any money on this app. That can never even solve a genuine problem.",2025-02-01T15:04:09.000Z,0,16.34.1,https://apps.apple.com/in/app/blinkit-grocery-in-10-minutes/id960335206
9741779416,app_store,IN,ashbisuuuu,5,Flawed App and Exorbitant pricing,The app first tells you that the order will be delivered in 8 minutes. And then it tells you it is sorry as it cannot find a delivery partner. The order did not arrive even after 20 minutes! I have NEVER seen that happen on Zepto. They will tell you upfront it will take longer and mostly stick to their commitment in delivery time. Moreover the costs on Blinkit are ALWAYS higher that Zepto for stuff which don’t have a fixed MRP. Example: Yelakki Bananas are Rs. 75/- on Zepto and Rs. 93 on Blinkit for 500 gms. That’s a clear rip off!,2023-03-23T01:53:24.000Z,0,15.0.5,https://apps.apple.com/in/app/blinkit-grocery-in-10-minutes/id960335206
12746047521,app_store,IN,Asdhjklluhnng,5,Expire products,"Today in the morning i ordered  milk from blinkit and when i boiled it the milk was splitting(milk curding) as the milk was of 4 june which was over date please take action and kindly return my money as the fault was not acceptable at allyou should check the date before you deliver because many a time people make shakers without boiling and checking the date due to which food poison can  occur .  I have already gave remarks on hour app and even shared the photo of milk package
Kindly help me out in return of my money.",2025-06-07T11:10:06.000Z,0,17.13.0,https://apps.apple.com/in/app/blinkit-grocery-in-10-minutes/id960335206
9722527016,app_store,IN,praveenpm,1,Unfair practice,"I had placed order for biscuits and ice creams.  Accordingly my account was debited.  When the items were delivered, two ice creams were not there and when I checked the app, it said rose ice cream was unavailable.  When I had a chat with their support team, I was told refund will be initiated and will take 3-5 days to reflect.  This is unfair practice since there app allowed to select all the items I require and then only the payment was made.  While sending the items, they very well knew that all items were not there.  They could have sent a message or informed me about non availability of certain items.  They just sent and I found it while opening the package.  They are enjoying customers money for 3-5 days.  
This is totally unfair practice",2023-03-17T12:59:50.000Z,0,15.0.4,https://apps.apple.com/in/app/blinkit-grocery-in-10-minutes/id960335206
14177339806,app_store,IN,Isabell2352,1,Very poor customer support,"Extremely disappointed with both the product and the customer support experience. I received an electric kettle with quality/functionality issues and immediately contacted support requesting a refund. Instead of resolving the issue, I was repeatedly redirected and asked to contact the brand myself.

What is most frustrating is that the support process took around 3 days, yet I still did not receive a proper resolution.

As a customer purchasing through Blinkit, I expected better ownership and faster resolution of defective product issues. The delay, lack of accountability, and poor customer support have made this a very disappointing experience. I request the Blinkit team to review my case and contact me.",2026-06-13T10:36:47.000Z,0,18.63.0,https://apps.apple.com/in/app/blinkit-grocery-in-10-minutes/id960335206
13873808021,app_store,IN,Aaarya T,1,Price revised on the final bill,Be careful while ordering from this app.  Please always check the final bill summary and may be take screenshot also.I ordered a 1kg item seeing the price as 210. The same item half kg was listed as 106. But when the order got delivered one item is missing and the order summary shown I have not ordered the missing item and the price of one item revised from 210 to 283. They don’t notify if an item gets removed from the final order and the amount revision too. I asked to return and refund they won’t agree to that too. Why would someone buy 1kg for 283 while half kg is placed as 106. The customer support is not really a support. They make us wait quite sometime and come up saying they can’t do anything.,2026-03-22T03:56:28.000Z,0,18.53.2,https://apps.apple.com/in/app/blinkit-grocery-in-10-minutes/id960335206
13323525611,app_store,IN,Never use blink-it,1,Very bad app not recommended to use,I bought the product but when it delivered its not up to the-mark as expectations. I asked them to take it back but their is no return policy for them. They told me if product is damaged or wrongly delivered then only we except return other wise you have to keep the product. My point is if i am not willing to use that product why should i keep it. They are like we sold the material now its your problem whether you liked it or not. I really not happy with the conversation i had with support chat. I request every user please think before you order products from these app if you didn’t like the product they will jot pick that up. Save your money font waste in these app products.,2025-10-28T03:24:24.000Z,0,18.04.1,https://apps.apple.com/in/app/blinkit-grocery-in-10-minutes/id960335206
10476113477,app_store,IN,AfreenSh,5,Feedback,"It’s really nice that this app exists. I got to know about it through Zomato. I have some feedback:- -I’m not able to see the complete product name in the product list, the ‘add’ button takes a lot of space. I have to click on each product just to see what the quantity and full name is. Please display the entire ‘product name’ -I also can’t zoom on the product image while in the cart just to read more details or see clearly. I think that can be improved. Thanks:)",2023-10-15T04:30:05.000Z,0,15.22.1,https://apps.apple.com/in/app/blinkit-grocery-in-10-minutes/id960335206
10150688946,app_store,IN,Suhas_s,1,First experience couldn’t have been worst than this,"I chose Blinkit as I was looking for items urgently, delivery agent delivered with missing items and approached for the same he denied that any items is missing and asked me to talk to support for resolution. Initiated chat with support and Agent Aquib was assigned and he mentioned that item is out of stock and cannot be delivered hence I requested for a refund but he denied stating that refund is not possible and disconnected the call. Now I’m left with missing product and had to get the items from other source ending up paying extra money. The worst part is I couldn’t even provide my feedback as it was throwing error while giving unsatisfactory feedback. Not sure if it’s a bug or a cleaverly designed feature",2023-07-17T15:03:46.000Z,0,15.10.0,https://apps.apple.com/in/app/blinkit-grocery-in-10-minutes/id960335206
9921659188,app_store,IN,Ashish+Verma,1,COMPANY SHOULD BE EITHER CLOSED DOWN OR WORK LIKE PROFESSIONALS,"I don't know what is up with the company these days because from few weeks one cannot order something because of temporary unavailability  or excess demand. I don’t know why these kind of issues are with blinkit right now. Either you should close down the company to stop harassing the customers or if you want to run it, run it properly without any hassle. It is very difficult to wait for orders for so long , people find it really difficult , sometimes delivering executive ask for online payment and when we order for COD , what is this i mean , such a bad management of the company is going on and we as a customer can only speak what we get feel or see , we don’t know what is going on inside.",2023-05-13T07:46:30.000Z,0,15.5.0,https://apps.apple.com/in/app/blinkit-grocery-in-10-minutes/id960335206
6642902789,app_store,IN,Dhiren__,1,Worst,This is A Fraud Company. I have purchased sbc for one year and I had ordered a lot of household items. The last time when I ordered a ordered 7kg of ghee and only five were delivered and I tried contacting the help option and it asked me to login and I dint Receive the otp. Then from my another account I contacted the customer care and they told me that my account has been blocked and terminated. So from that day I can’t order anything from Grofers and I mailed them thots problem they also told that they can’t do anything once blocked it is blocked and it is Done by A Machine. Still now I have not recieved the sbc refund and the refund of the items which are missing. Would just say not to order anything from this fraud company. It is one of the fraud company just cheating people and does not give back the money.,2020-11-14T04:24:26.000Z,0,4.5.6,https://apps.apple.com/in/app/blinkit-grocery-in-10-minutes/id960335206
13065147577,app_store,IN,SudVinRao,1,Blinkit: An app that made the lives of thousands of people easier.,"Yes, Blinkit truly is a mastermind. One cannot believe how much easier this app has made the lives of many people. With its variety of choices, one can buy literally ANYTHING. Honestly, Blinkit has made life so much easier! I don’t have to run to the store anymore for small things like bread, milk, or vegetables. Whatever I need just shows up at my door in a few minutes. It’s super quick, the app is simple to use, and the delivery is always reliable.

It’s been a real lifesaver in urgent situations — like when I ran out of cooking oil in the middle of making dinner. Instead of stressing, I just ordered on Blinkit and got it in 10 minutes. For busy days or lazy evenings, Blinkit feels like magic.",2025-08-27T03:58:13.000Z,0,17.22.1,https://apps.apple.com/in/app/blinkit-grocery-in-10-minutes/id960335206
12841815714,app_store,IN,Manoj S manu,2,Blinkit,"I ordered a specific charging cable from Blinkit expecting fast and accurate delivery, but unfortunately received the wrong item. The product I got doesn't match the description or specifications I selected. It’s very frustrating, especially when you rely on quick delivery for essentials.

To make matters worse, the app didn't give a straightforward way to report or return the incorrect item. Customer support was slow to respond, and I still haven't received the correct cable or a refund.

Blinkit usually does a good job with groceries, but this experience with electronics was disappointing. Please improve order accuracy and make returns/refunds smoother for customers.",2025-07-02T03:33:27.000Z,0,17.17.0,https://apps.apple.com/in/app/blinkit-grocery-in-10-minutes/id960335206
12383237040,app_store,IN,Worst and vulgar app,1,Worst service Ever!,"We have placed an order of kaju katli worth 400₹ on feb 18 we have received a EXPIRED product so we immediately wanted refund but they didnt provide us refund instead they gave us replace.. but the replaced item was also EXPIRED so we complained it to the delivery guy the guy took back the item ans said the money will be refunded. We waited for 2 days and we didn’t receive any refund we wanted to raise a complaint but the blinkit support-said that the complaint window is closed for the order . We didn’t receive any refund.  We even mailed blinkit but they didn’t sort this out. This is the dark reality of them, at least 5 times a week we use blinkit we loved the app but now we litreally hate it how can they do this to their loyal customers?",2025-03-05T02:15:57.000Z,0,17.01.3,https://apps.apple.com/in/app/blinkit-grocery-in-10-minutes/id960335206
8866728595,app_store,IN,Shankha Subhra Kar,5,Bad Behaviour and service of the delivery executive,The delivery boy called me to know the exact location. While I was explaining him he started saying it not the same that is being shown in the map. When I countered him saying that so may delivery guys come to my home on regular basis how come he is being misguided by the gps. He asked me to behave myself in a very rude manner and we had a verbal argument. He then disconnected the call and switched off his mobile. Further he also marked the item as delivered without actually delivering the items.,2022-07-12T16:03:18.000Z,0,8.0.3,https://apps.apple.com/in/app/blinkit-grocery-in-10-minutes/id960335206
10387286349,app_store,IN,Nagarajan B,1,Absolutely No Support for the customer.,"Where is the Customer service support when needed?

Why are your delivery partners looking like they are being hired from School? Why are they so unprofessional? Why are they coming in pairs ( a friend it seems to drive the bike) ? why are these under aged, untrained and uncouth delivery partners calling customer numbers and talking disrespectfully? When in person, why are they giving dumb answers? Can’t find location.. didn’t know there are 3 floors in the building? 

Why should i write a mail and wait for a response when i am using your App for instant delivery? What makes you think that i want instant delivery and bad service but will be ok to wait for your response for my concerns? I

I am sure, I am one customer you don’t care if he switches to Zepto.. Or any other app that gives better service and spends on being customer centric. 

Keep cutting costs in your operations from key areas which makes your app customer friendly, I am sure you will succeed in your long term goals are being a mediocre business that is ok in stay afloat or just doing the bare minimum. 

Cheers!",2023-09-20T08:25:47.000Z,0,15.19.1,https://apps.apple.com/in/app/blinkit-grocery-in-10-minutes/id960335206
9677073177,app_store,IN,SharmaRashi,1,"Not on time, no full order","No delivery in the given 7-8 mins time slot, always taking half an hour saying that your order was not available in the store have to go to other store to collect and still not getting that missing order.
Disappointing service, not going to use it again.
Its better to go physically nearby store or Instamart is better, at-least it shows which item is available or not and arrives on given time 20 mins.
Blinkit was okay before 2 months now its poor, at-least work on the app and mark which item is not available, showing it available on app and still not delivering is just poor service and waste of time, the delivery guys are rude and doesn't follow the location and guidance.",2023-03-04T05:32:13.000Z,0,15.0.3,https://apps.apple.com/in/app/blinkit-grocery-in-10-minutes/id960335206
9243875422,app_store,IN,Pallavi Mittal,1,Incompetent,The most incompetent service I am getting from Blinkit.. If you see my chat history and the issues I have faced I am already giving so many chances to rectify your service but you guys always reply the same standard message and things are not improving. Facing issues like either: - Packaging is torn - Wet and dry items together - Eggs packed with veg items - Broken eggs - Too big Shape and sizes of fruits and vegetables which are raw - items with expiring date of next day or cracked milk - delivery boy marking status as delivered even before delivering the items And so on…list is endless I have even shared most of the images with your team but every time they it won’t happen again.. Horrible horrible customer experience and unsatisfactory service,2022-11-01T13:05:53.000Z,0,8.2.7,https://apps.apple.com/in/app/blinkit-grocery-in-10-minutes/id960335206
8568570996,app_store,IN,DeeJBTee,1,Quick delivery of items you dont need,"The whole idea of this app is that if you need something real quick, they will get it to you. Like you ran out of bread or milk or masala and just need ot delivered quickly. 

But the execution is horrible. More often than not, the item you’d need isn’t available. Or worst, once you place the order, that item goes out of stock.

So if you need that one item (and you might have added a couple of more just so you dont end up paying ₹25 delivery charge for a ₹30 bread), you will just not get the bread. Defeating the purpose of this whole app. Their staff doesn't bother to call up and ask if an item is missing and if he can get another brand or replacement. Just silently don’t deliver the item.

Add to that their customer support is just a bot. Good luck and really thank your lucky stars if you ever get connected to an agent.

You're better off planning your groceries stock. Or whatsapp your local grocery store and wait a bit for them to deliver exactly what you need. At least you’ll get what you need. It’s mostly a miss with an occasional hit.

I’m removing the app.",2022-04-15T04:06:47.000Z,0,7.0.0,https://apps.apple.com/in/app/blinkit-grocery-in-10-minutes/id960335206
11693809554,app_store,IN,Arpita Oberoi,5,Delivery and quality,"I would really like to say that blinkit is the only one to give the items at the correct time and even in the correct quality, there are many different stores to which give delivery on time, but mostly the quality isn’t nice. I always prefer blinkit for any delivery literally on this app, there is every of item like clothes, raincoat can reach Chaturthi items or everything we need in our daily lives. I would really prefer blinkit to everyone around me

Good job♥️",2024-09-06T05:14:34.000Z,0,16.10.1,https://apps.apple.com/in/app/blinkit-grocery-in-10-minutes/id960335206
12590686385,app_store,IN,Megh13:,1,Horrible customer service,"Writing this review as this happened twice with me in a very short period of time. I was delivered subpar items and asked to send multiple videos photos to prove the same( please note this was after i sent a few photos/videos). Do you realise the refund of 20-50 bucks is not worth the effort or time you ask the customer to spend for an issue on your side? If you dont trust your customers or need detailed evidences to resolve complaints , i suggest you offer to pick up the item yourself and you can spend as much time u need to record the evidence. In a time where the competition is fierce and customers have other / better options this kind of service or attitude is not going to fly.",2025-04-27T04:27:40.000Z,0,17.08.0,https://apps.apple.com/in/app/blinkit-grocery-in-10-minutes/id960335206
10327357888,app_store,IN,Dr. M.S. Ali,5,Worst item quality and damaged electronic items delivered!,"I have ordered induction cooker and many more things with this app. I got damaged induction plate. I raised replacement request and they delivered another induction cooker. This time i opened it in front of delivery person, and i was also a damaged product! I have complaint against this but 2-3 times they replaced but everytime they gave me a damaged piece. After that they replied keep first one we can not do anything! 

I still have that damaged product and my wife is laughing on me!",2023-09-02T19:18:30.000Z,0,15.16.1,https://apps.apple.com/in/app/blinkit-grocery-in-10-minutes/id960335206
10984789439,app_store,IN,Fraud deliveries,1,Fraud,"Ordered 9 items from Blinkit, but the nightmare began when the delivery partner seemed to embark on a joyride, going two streets away and conveniently avoiding calls. Upon his return, he insisted he had been waiting where he clearly wasn't. To make matters worse, my Spigen power bank and Gold Flake pack were mysteriously missing from the incomplete delivery. Seeking resolution, I contacted customer support, only to be met with frustration. They blindly sided with the delivery team, claiming successful delivery. When I pressed for proof, they failed to provide any. Fortunately, I had taken pictures and videos documenting the sorry state of the parcel upon arrival. Blinkit appears to be a breeding ground for deceit, leaving customers with unresolved issues and a sense of dealing with a fraudulent service.",2024-02-27T10:21:28.000Z,0,15.39.1,https://apps.apple.com/in/app/blinkit-grocery-in-10-minutes/id960335206
10099922614,app_store,IN,Arpitasatpathy,5,I have 1 star but it should be half star,I received a completely wrong delivery. Instead of refund I was first told the order will be replaced. Then later I was told few products are out of stock. Then I was given a new order number which did not appear on the app anywhere. This is the worst app ever. No wonder Blinkit has so many advertisements. Off course it is because their inefficiency in operating and managing orders and deliveries. I would rather choose apps like Zepto or Dunzo. This I my last order with Blinkit,2023-07-03T16:01:17.000Z,0,15.9.0,https://apps.apple.com/in/app/blinkit-grocery-in-10-minutes/id960335206
8930205894,app_store,IN,Dr.Ankur Sharma,5,Good service App with only 50 kgs delivery now,"One of the best grocery shopping earlier but now they provide only 50 kgs at a single delivery..For every delivery I have to pay 15rs per delivery, earlier i used to buy 13-14k cost products from grofers(now blinkit) but as new rules have been implemented of 50 kgs I avoid blinkit, uses only for 2-5k orders only. If you allow me i will buy 14-15k  products per month but at single delivery. I have now choosen alternative shopping apps because only due to new rules implemented by blinkit which is 50 kgs per delivery.",2022-07-31T11:08:01.000Z,0,8.0.9,https://apps.apple.com/in/app/blinkit-grocery-in-10-minutes/id960335206
9961310622,app_store,IN,Talim1708,1,Pathetic,"The app is good for urgencies… ok , on the contrary while making cod their delivery partner never brings a single penny change at all and if asked then they argue that you had opt So u  must keep change ready … then soney p suhaga ye that the customer executive also says same thing … ulti a certain limit I agree with them but tell me one thing what cod means ?? Please! Bcz I guess I’m best of my knowledge that u need to change as well ! Secondly most funny and most worse part is their delivery partner most of the time are so tired I guess k they feel so lazy to find proper address.. so they complaint to the department that customers want to cancle the order … what nonsense is this please elaborate this too .. and this is not just something first time happen it’s mostly actually!",2023-05-24T18:05:26.000Z,0,15.5.3,https://apps.apple.com/in/app/blinkit-grocery-in-10-minutes/id960335206
9390871205,app_store,IN,Dunzofan,1,Very poor product sent n no return or refund,"I’d ordered a bottle of 24 Mantra organic cold pressed sunflower oil from Blinkit -along with other items- which I needed in an emergency. The bottle was dirty, the oil was cloudy n not safe to use I felt. When I tried to ask for return, replacement or refund, I was made to waste a lot of time on chat, then on call, but to date they’ve not replaced it or refunded my money! This is a major problem with Blinkit( earlier Grofers) : they just don’t entertain complaints or resolve them! You keep banging ur head against a wall… your money isn’t safe with them ! In contrast, Big Basket would have refunded my money in a heartbeat, no questions asked. 
Please don’t order from Blinkit- I’ve faced it multiple times over the last few years!",2022-12-13T06:32:46.000Z,0,8.5.0,https://apps.apple.com/in/app/blinkit-grocery-in-10-minutes/id960335206
8217581946,app_store,IN,veerangna,5,Delivery of  lies and pathetic customer service,I had my first order with blink it on 8 Jan 2022 . There were 17 items . The delivery showed success in 20-25 minutes. I wasn’t home so I saw the message and when I reached home I asked my security and he sd there was a delivery man with one item and he didn’t deliver. The worst part it it’s showing delivered and when I am trying to raise a query with the app they are not responding. There is no phone number or email u can find at the app to convey your complaint. No feedback opportunity nothing.,2022-01-08T10:51:00.000Z,0,6.1.1,https://apps.apple.com/in/app/blinkit-grocery-in-10-minutes/id960335206
8813096364,app_store,IN,Kritika3,1,Was great when it was Grofers,"The delivery service is terrible now that it is blinkit. They don’t unpack the items in front of you so you can check the quality. All the frozen and cold items are packed with regular items instead of being brought in a cooler like Grofers used to. When I tried to get a refund for these items from customer support the chat was terrible my text kept vanishing, this is the last straw I’ll be deleting this app. Did I mention they are the only service that charges delivery fees for large orders too?? And still the delivery service is bad! Technical problems with app too so no one even tried to solve my problem, terrible customer service. Basically nothing about it is good, they fail at everything",2022-06-26T17:32:28.000Z,0,7.1.3,https://apps.apple.com/in/app/blinkit-grocery-in-10-minutes/id960335206
11884881687,app_store,IN,susugamushi,5,An horrifying incident by utterly irresponsible delivery by Blinkit,"So basically Blinkit people are selling gold coins and delivering them without a proper receipt or packaging. The delivery partner even denied ki hogya jo bhi delivery tha, and denied the coin was ordered in the first place and  said ‘oh Haan main pocket mein rakha tha’ later asked me ki mam ‘ app mein photo Dikhao na gold coin ka’ I disagreed and  I asked him to leave. We was also looking inside the house if there was anyone around when my neighbour passed by and gave him a look. Such an unprofessional behaviour by Blinkit. The incident was horrifying as I was alone in the House.",2024-10-28T15:11:50.000Z,0,16.21.0,https://apps.apple.com/in/app/blinkit-grocery-in-10-minutes/id960335206
14273550259,app_store,IN,Niftel customer support story,1,Niftel customer support executive,"I worked at Niftel Communications as a Customer Support Executive for the Blinkit process. In training they said we will handle 3 chats for ""few hours"", but after joining we had to do those 3 chats for the full 9-hour shift with no break and no time to eat. The work environment is very toxic and there is zero respect. When they want to remove you, they just stop replying to calls and messages. The biggest fraud is salary. They promised ₹16,000 for freshers but in our batch of 22 people, some got ₹1600, some got ₹400, and most got nothing. I also received only ₹1600. Blinkit team, please check your vendor Niftel. They are using Blinkit’s name to hire and exploit freshers. This will ruin Blinkit’s brand. Please take action. I do NOT recommend joining through Niftel.",2026-07-07T10:59:40.000Z,0,18.67.0,https://apps.apple.com/in/app/blinkit-grocery-in-10-minutes/id960335206
14068379937,app_store,IN,12565503,1,Poor quality & rotten eggs delivered- extremely disappointing experience,"I recently ordered Abhi Gold+ Brown eggs from Blinkit, and unfortunately the quality was extremely poor. When I opened the egg tray yesterday, the eggs were completely spoiled and had a very strong foul smell. The odor was so bad that we had to step out of the room for almost 15 minutes and use room freshener afterward. One of the eggs even contained a black, rotten liquid-like mixture inside.

This was a very unpleasant and disappointing experience. I strongly request that you improve and verify the quality checks for sensitive food items like eggs and other perishable products before delivery.

Due to this experience, I’m genuinely disappointed and hesitant to order from Blinkit again.",2026-05-15T19:59:35.000Z,0,18.60.0,https://apps.apple.com/in/app/blinkit-grocery-in-10-minutes/id960335206
13672984225,app_store,IN,ManishBansal,1,Poor customer service and policies,"I received my order with broken eggs. I complained and they asked me to provide pictures of all the broken eggs without which they can’t address the issue. My staff had already discarded a few. The customer service executive told me that their policies did not all them to refund for the product unless all the pictures are provided. This is wrong at so many levels. Basically, the mindset to assume that your customer is lying is so offending. I do not have to provide you more than one picture. Even if one is broken, you can welcome to take the eggs back and refund the whole amount. My household billing with Blinkit is easily 6-8K per month. I am happy to take my business somewhere else.",2026-01-25T05:27:41.000Z,0,18.12.1,https://apps.apple.com/in/app/blinkit-grocery-in-10-minutes/id960335206
12926235333,app_store,IN,Pnkjj,1,In Yamunanagar its a waste of time and money,Intitally it was good and most of the order delivered between 10-15 minute but since last month their delivery is so pathetic that they take 1 hour and still ask where is your location. Most of the delivery person has no idea how to see maps. Even if you guide them they never reach to your location for next 1 hour. Ultimately you have to cancel your order. Its better to vist shop near you and buy peacefully. Their customer support is also no clue what to do. I am ready to discuss with their higher managment what rubbish going on field if they want anyways that was the last order cancelled no more order from myside untill they do some better. Or delete the app atlast.,2025-07-23T11:12:19.000Z,0,17.19.0,https://apps.apple.com/in/app/blinkit-grocery-in-10-minutes/id960335206
11903278927,app_store,IN,Nite_9218,1,Good but with shady practices,"First off, the delivery system is great. I get groceries delivered every time within minutes, however I’ve had a few problems with this app.
Why would you advertise 10 min deliveries, not only on your adverts, but also as an expected delivery on your orders? This has happened countless times, somethings which were needed in an ainstant due to circumstances, which advertised no more than 10 minutes often get stuck at 8 minutes, like loading bars, and is extremely infuriating. What I thought was better to have been delivered, ends up taking 20 minutes and proves to be a hassle. I would rather it showed me 20 minutes than to be stuck at 8 for 10 minutes before coinntinuing.",2024-11-02T12:34:31.000Z,0,16.21.2,https://apps.apple.com/in/app/blinkit-grocery-in-10-minutes/id960335206
10043141996,app_store,IN,Alithestar,5,Due to Popularity Gain of Blinkit Service Is going worst,"Blinkit targeting in popularity advertising and marketing and many more. 
Blinkit is not looking back at the godowns or their shops about their working persons they must increase the employees and hire more delivery employees also they need to increase the shops count at several location. 
All of these I'm saying because of whenever I'm trying to order it shows Due to High Demand we can't Accept your orders we apologize for this etc. 
And if blinkit accept delivery orders then it shows 30rs high demand surcharge",2023-06-17T13:01:23.000Z,0,15.8.1,https://apps.apple.com/in/app/blinkit-grocery-in-10-minutes/id960335206
11617028095,app_store,IN,Sachit Mahajan,1,Need to better the Delivery Service,"I’ve already paid Online the sum of ₹223 but still the delivery guy ‘HARJINDER Singh’ had taken the amount in cash too. I have requested Blinkit and its team and even talked(on blinkit chat support) to ‘AFREEN’ multiple times, to refund me the amount but still there is no resolving from the team’s side. Even i told Afreen that i can show/send her the camera recording of my home that the delivery person has taken the amount in cash too and that i can send her the Screenshot of my online payment too but still i got zero response from their side. I used to be a regular customer of blinkit But now i am never going to buy anything from them and i would advice you all to not buy anything through this app.",2024-08-16T14:27:02.000Z,0,16.07.2,https://apps.apple.com/in/app/blinkit-grocery-in-10-minutes/id960335206
11599416664,app_store,IN,mitrraa,1,They impose an additional ₹64 charge even on orders as low as ₹60.,"I recently had a disappointing experience with Blinkit, an e-commerce app, when I ordered an antacid due to not feeling well. Despite having no other option, I was charged a substantial amount of ₹120. The breakdown of the charges included a handling fee of ₹5, a small cart fee of ₹25, and delivery charges of ₹35, with a minimal discount of ₹1. I felt exploited as they took advantage of my situation. I would advise others to be cautious when using such e-commerce platforms, as they may charge exorbitant amounts. The experience left me feeling disappointed and unhappy with their customer service.
Taking advantage of someone due to their vulnerability is wrong and will ultimately lead to negative consequences for you.",2024-08-12T01:26:48.000Z,0,16.06.1,https://apps.apple.com/in/app/blinkit-grocery-in-10-minutes/id960335206
11583304061,app_store,IN,sonia fartyal,2,Not received my product,"Ordered period panty from Blinkit, and in exchange of that I just received a lot of time and some misbehavior and also they were not feeling sorry about this that they have delayed the order and delivered to someone else and in exchange they were saying to me that we have delivered that ordered to the person of the same address, but when I talk to the delivery boy he was saying I just have somewhere else far away from my home and they are not accepting it in the emergency. Am I supposed to feel like this situation? Am I supposed to be here like this? This is really a shameful walk on this and also to your team tell them they must learn manners, how to behave",2024-08-07T17:05:58.000Z,0,16.05.3,https://apps.apple.com/in/app/blinkit-grocery-in-10-minutes/id960335206
11324107559,app_store,IN,Ansh1508,1,Worst experience Today with executive Mohammad,"I was feeling ill, so i ordered some healthy snacks through Blinkit. I could have go to ground floor and buy the same through nearby shop as it was just 50 mtrs far away, you can check by visiting my location.

I just requested delivery guy to come to first floor as i was not feeling well, he was in a different zone and was saying bla bla bla twice or thrice. In beginning i was polite but in the end i also lost my anger as it was just one floor and he was a fit and fine delivery guy and could have come to deliver when someone is ill. blinkit can listen the recording, i requested him politely in beginning but in the end i accept i lost my anger. Uninstalling blinkit, untill you share some proof of action against such guys",2024-05-30T15:05:58.000Z,0,15.52.0,https://apps.apple.com/in/app/blinkit-grocery-in-10-minutes/id960335206
10822000239,app_store,IN,I Sami,1,Fraud  app,Feeling cheated as I ordered  mothers tamrind paste and bread and butter and it was showing 16 rs delivery charge and after placing order first their delivery time spike to 15 mins from 7 mins and then when I received their order I found mothers tamrind paste missing which was added to cart very first and when checked on app it was only showing bread and butter  further when I checked transaction amount I found that it was adjusted in delivery charge as ra30 and high demand surcharge rs 30….. feeling cheated had words with customer care executive NIKHAT she said she will rais a concern internally but can not help me with anything else.. fraud app feeling cheated … ruined my dinner my money and my trust .. I’m installing the same and recommending every known not to install or use such app,2024-01-14T17:26:11.000Z,0,15.32.2,https://apps.apple.com/in/app/blinkit-grocery-in-10-minutes/id960335206
10712432927,app_store,IN,Normalll citizen,1,Your delivery person,"I ordered some stuff from Blinkit and I made it clear that I will pay cash but when the delivery boy show up, he was so rude and literally said that it is not my responsibility to bring change for you and said the vulgar words which no one would ever accept. What if I don’t have the option of paying online ? This means that I have to take the behaviour of that person . I have the full video of what all he said and what all happened. The guy name is Pankaj . 
One thing either stop giving us cash on delivery option or tell your boys to keep the change or don’t misbehave. We don’t have any option to call Blinkit if something like this happens. Softness and politeness can win the world but your boys lack in this",2023-12-18T15:35:29.000Z,0,15.30.1,https://apps.apple.com/in/app/blinkit-grocery-in-10-minutes/id960335206
10184460545,app_store,IN,Devaanshii,4,No return or refund happened for wrongly placed item,"I order one item which was a broom by mistake. When it was delivered the delivery person told to ask app chat person to raise a return. 
I tried to reach out customer care via chat option but they declined the request.
Blinkit must add this option in their customer service , that, if any product is ordered by mistake and a customer is willing to return then they must process same or at least give the option to buy something in its place. 

This Really Needs improvement!!!!!",2023-07-26T15:40:22.000Z,0,15.11.1,https://apps.apple.com/in/app/blinkit-grocery-in-10-minutes/id960335206
10032788825,app_store,IN,Neomirai,5,Problems,"They took my money and it’s been  2 days they are not returning me 
First day they asked me to wait for refund you will hate and second time they asked that I need you send them transaction screenshot I sended them and than after 2 mint they me some fake transaction so photo and told me to wait we have sended you from our company so I ask them I didn’t not receive any sms or notification of refund if I don’t receive any money than who should I ask he said that’s not our problem now",2023-06-14T13:12:08.000Z,0,15.7.1,https://apps.apple.com/in/app/blinkit-grocery-in-10-minutes/id960335206
9371304889,app_store,IN,Nisha Sahni,1,Incompetent executives,"Blinkit needs to up their game, with 10 mints delivery sending wrong products and letting incompetent customer care executives they can’t stay here for long. The customer care executive refused to help when instead of a cantaloupe melon they delivered me some other variety of melon. According to him it’s melon only and I need to accept it as is. Despite me explaining that the photo on the site also is of a different fruit and atleast accept that you don’t have the option and have to rectify it.  Nonetheless they really have to have more informative executives and prompt and fair response to such goof ups. Customer satisfaction seems to be last on their priority list. Rating them 1 was necessary else with this attitude I would have given them none.",2022-12-07T18:19:49.000Z,0,8.5.0,https://apps.apple.com/in/app/blinkit-grocery-in-10-minutes/id960335206
8954350075,app_store,IN,MaiaKayina,1,Bad service,"I ordered two items from Blinkit and received only one item. When I raised this concern, the delivery guy said he will go and check for the other item and then just left and never came back. I contacted the customer support and got only the automated responses. I rescheduled a delivery but it never came. Then I asked for a refund and I am still yet to get my money back. This is not the first time. I have received damaged bananas more than once as it was packed in the bag along with other heavy items and had small items like chips missing. I have never raised an issue before as I understand that sometimes mistakes can happen, but recently the service is getting worse and this has stopped me from using it as often.",2022-08-07T13:41:35.000Z,0,8.1.0,https://apps.apple.com/in/app/blinkit-grocery-in-10-minutes/id960335206
14019678955,app_store,IN,Mustang_RoyF,1,No longer as it used to be,"Writing a review since using this over a year,

Now they’ve started cheating regularly, there’s always items missing in every order. At times even 20+ missing items. After multiple escalations even support team acknowledged that warehouse is regularly withholding items and there are customer escalations regarding the same. Was assured this will be addressed. But it didn’t get addressed. They operate with zero accountability for delivered vs ordered item. They frequently cheat & after initial acknowledgement of issues from their end, now even their support team says “treat it as a one time issue”, while they loot regularly.
Uninstalling Blinkit, there are much better ethical & transparent platforms.",2026-05-02T11:07:26.000Z,0,18.58.0,https://apps.apple.com/in/app/blinkit-grocery-in-10-minutes/id960335206