id,source,country,author,rating,title,review,date,likes,version,url
cba58aed-4477-4cec-8679-792e92cf729b,play_store,IN,Sameer Khan,5,,best experience and best app in the world,2026-07-19T17:29:30.556Z,0,,https://play.google.com/store/apps/details?id=com.grofers.customerapp&reviewId=cba58aed-4477-4cec-8679-792e92cf729b
f93bedaa-b881-46ba-8827-7268db7dd1fa,play_store,IN,Ananya Sachdeva,3,,Chabot support is not worthy...would be highly appreciative if they establish human support system...,2026-07-19T17:29:18.833Z,0,18.9.3,https://play.google.com/store/apps/details?id=com.grofers.customerapp&reviewId=f93bedaa-b881-46ba-8827-7268db7dd1fa
ef2c3cc6-6756-4a1e-a337-423b96fc35dc,play_store,IN,Ridhi Kataria,5,,before there were not many options to buy from now it has everything you can think of ❤️❤️,2026-07-19T17:27:17.118Z,0,,https://play.google.com/store/apps/details?id=com.grofers.customerapp&reviewId=ef2c3cc6-6756-4a1e-a337-423b96fc35dc
dcc9871d-814a-4528-b0bd-306f10e831d1,play_store,IN,ramesh ahire,5,,Very quick delivery by Blinkit,2026-07-19T17:18:33.380Z,0,18.13.0,https://play.google.com/store/apps/details?id=com.grofers.customerapp&reviewId=dcc9871d-814a-4528-b0bd-306f10e831d1
a6b194c2-e1e1-479b-85e9-b1e36185413c,play_store,IN,Divya sri Chevala,1,,it was not showing cash on delivery option.,2026-07-19T17:18:28.660Z,0,18.9.3,https://play.google.com/store/apps/details?id=com.grofers.customerapp&reviewId=a6b194c2-e1e1-479b-85e9-b1e36185413c
5099ed65-7efc-4e41-ad7e-3a326a9e253b,play_store,IN,MAHESH TIWARI,5,,l am impressed by the response that they provide us,2026-07-19T17:16:56.287Z,0,18.9.3,https://play.google.com/store/apps/details?id=com.grofers.customerapp&reviewId=5099ed65-7efc-4e41-ad7e-3a326a9e253b
2b82652a-3e99-4067-abd1-799b42279cc1,play_store,IN,Jyoti Gupta,4,,the delivery is good but sometimes the parcel goes to wrong place but most of the times its the bestest delivery and various types of options are also there,2026-07-19T17:15:01.648Z,0,18.9.3,https://play.google.com/store/apps/details?id=com.grofers.customerapp&reviewId=2b82652a-3e99-4067-abd1-799b42279cc1
944a8d99-49fb-4c9b-be69-9786c756b0ab,play_store,IN,Navnit Kumar,5,,the blinkit app is superb the order comes within 10 minutes and the price is also low and it comes to doorstep,2026-07-19T17:09:39.282Z,0,18.9.3,https://play.google.com/store/apps/details?id=com.grofers.customerapp&reviewId=944a8d99-49fb-4c9b-be69-9786c756b0ab
1120bb1c-3b5d-4415-aea4-a7cdf0fd9763,play_store,IN,Nisha Mishra,5,,best app I'm using this app I am book order and quick delivery so I am very happy on this app,2026-07-19T17:09:28.379Z,0,18.9.3,https://play.google.com/store/apps/details?id=com.grofers.customerapp&reviewId=1120bb1c-3b5d-4415-aea4-a7cdf0fd9763
c1710fb6-0fc1-4908-aeeb-d01db058b8b2,play_store,IN,Tina Mondal,5,,very good service 👍,2026-07-19T17:07:51.816Z,0,18.9.3,https://play.google.com/store/apps/details?id=com.grofers.customerapp&reviewId=c1710fb6-0fc1-4908-aeeb-d01db058b8b2
6689404a-42f6-4fe9-b82d-724f79ae07f6,play_store,IN,Harry Z17,1,,"uninstalling because you guys used gay guy for advertisement, it's GAY and I don't like it.",2026-07-19T17:07:37.218Z,0,17.97.3,https://play.google.com/store/apps/details?id=com.grofers.customerapp&reviewId=6689404a-42f6-4fe9-b82d-724f79ae07f6
44cbcd80-4c28-45d9-9539-1e828c4ce1cd,play_store,IN,Shashi Kiran,5,,best grocery shop aside,2026-07-19T17:05:20.879Z,0,18.9.3,https://play.google.com/store/apps/details?id=com.grofers.customerapp&reviewId=44cbcd80-4c28-45d9-9539-1e828c4ce1cd
bb40f685-15b7-4c9f-a7f1-1f4c03263db4,play_store,IN,RAAGUL KHANNA,5,,"thanks a lot for the 24/7 quick service, I will join blinking as data scientist after doing IDDD in DataSciemce form IITM",2026-07-19T17:03:09.666Z,0,18.9.3,https://play.google.com/store/apps/details?id=com.grofers.customerapp&reviewId=bb40f685-15b7-4c9f-a7f1-1f4c03263db4
d29c0373-a043-4ac2-927d-b8728c40ee67,play_store,IN,Paul Paulneeraj,5,,I thik to much extra charge in small items overall good,2026-07-19T17:02:15.443Z,0,18.7.0,https://play.google.com/store/apps/details?id=com.grofers.customerapp&reviewId=d29c0373-a043-4ac2-927d-b8728c40ee67
101fedc2-fcc6-442a-92e2-854954cd85eb,play_store,IN,Ankit Meena,3,,why this much convince fee and handling fee,2026-07-19T16:59:43.401Z,0,18.9.3,https://play.google.com/store/apps/details?id=com.grofers.customerapp&reviewId=101fedc2-fcc6-442a-92e2-854954cd85eb
ec16d70c-26dd-4db7-875a-3aac845fad89,play_store,IN,Swarnali Mallick,4,,"It is a very useful app and delivers products within the expected time,happy customer",2026-07-19T16:57:31.123Z,0,18.9.3,https://play.google.com/store/apps/details?id=com.grofers.customerapp&reviewId=ec16d70c-26dd-4db7-875a-3aac845fad89
756c6e49-f777-43a4-8200-406fb531cf1d,play_store,IN,Himanshi Yadav,5,,it's awesome and time saving,2026-07-19T16:56:52.254Z,0,18.9.3,https://play.google.com/store/apps/details?id=com.grofers.customerapp&reviewId=756c6e49-f777-43a4-8200-406fb531cf1d
9b2482a2-c28d-4aaf-97f0-e914ce15670f,play_store,IN,Dharam Bhanushali,5,,fast and good service 👍,2026-07-19T16:56:14.262Z,0,18.9.3,https://play.google.com/store/apps/details?id=com.grofers.customerapp&reviewId=9b2482a2-c28d-4aaf-97f0-e914ce15670f
6eee4c9b-539a-43a5-8c42-2a507962f0eb,play_store,IN,Hemant Behera,5,,this is the best and fastest app for all needs .its just soooo good.,2026-07-19T16:55:52.133Z,0,,https://play.google.com/store/apps/details?id=com.grofers.customerapp&reviewId=6eee4c9b-539a-43a5-8c42-2a507962f0eb
34bd1641-381d-49f8-9ca6-b91b94be0525,play_store,IN,Anuj Gidh,5,,this is too give to me and all chirestan Family..............,2026-07-19T16:50:17.900Z,0,,https://play.google.com/store/apps/details?id=com.grofers.customerapp&reviewId=34bd1641-381d-49f8-9ca6-b91b94be0525
2a8025c1-1101-4b66-ad76-34dce5223bb4,play_store,IN,Nikhil Parjapat,5,,best expirence with blinkit,2026-07-19T16:44:49.965Z,0,18.9.3,https://play.google.com/store/apps/details?id=com.grofers.customerapp&reviewId=2a8025c1-1101-4b66-ad76-34dce5223bb4
c2c66be6-723b-45c8-b191-5a036a5f46c7,play_store,IN,Kumari Velagada,1,,waste location emi available ga undatle asalu order cheyadaniki kuda open avvatledu picha app meeru evaru download cheyakandi please🙏🏻🙏🏻🙏🏻,2026-07-19T16:44:07.464Z,0,18.7.0,https://play.google.com/store/apps/details?id=com.grofers.customerapp&reviewId=c2c66be6-723b-45c8-b191-5a036a5f46c7
8d94dfe0-a499-4491-af9b-b2e3e12ebf1b,play_store,IN,Zufashan Akhter,1,,worst experience. fraud app h jis area me Inki survice nh h waha ka bhi order accept kr lete h baad me cancel kr dete h or refund bhi nh krte h jhutha claim krte h ki refund hogya h,2026-07-19T16:42:46.324Z,0,,https://play.google.com/store/apps/details?id=com.grofers.customerapp&reviewId=8d94dfe0-a499-4491-af9b-b2e3e12ebf1b
777455a0-b0f2-4637-84fe-ead7bedf66ea,play_store,IN,Raj Kumar,2,,my one order is not come,2026-07-19T16:42:32.902Z,1,18.13.0,https://play.google.com/store/apps/details?id=com.grofers.customerapp&reviewId=777455a0-b0f2-4637-84fe-ead7bedf66ea
844ecd66-73c9-46a8-a93b-40b29535d541,play_store,IN,Pallavi Gaikwad,5,,"very creative packaging, intresting",2026-07-19T16:38:01.475Z,0,18.9.3,https://play.google.com/store/apps/details?id=com.grofers.customerapp&reviewId=844ecd66-73c9-46a8-a93b-40b29535d541
0563425c-514a-442c-acc0-ba1bb1546ef5,play_store,IN,Anjali Vimal Chauhan,5,,bhut achi best Groceries shopping app hai,2026-07-19T16:37:11.234Z,0,18.9.3,https://play.google.com/store/apps/details?id=com.grofers.customerapp&reviewId=0563425c-514a-442c-acc0-ba1bb1546ef5
535e5ef8-0089-47ce-96a3-1d65ecf3dceb,play_store,IN,Aditya Singh,3,,prices are higher than retail,2026-07-19T16:34:51.818Z,0,18.9.3,https://play.google.com/store/apps/details?id=com.grofers.customerapp&reviewId=535e5ef8-0089-47ce-96a3-1d65ecf3dceb
5550685b-e4d4-43ad-b09f-ed56215586f2,play_store,IN,Bharat Vutukuri,1,,delivery is very rude,2026-07-19T16:32:39.562Z,0,18.9.3,https://play.google.com/store/apps/details?id=com.grofers.customerapp&reviewId=5550685b-e4d4-43ad-b09f-ed56215586f2
3b0cfebd-8088-419e-8ee3-e0d592da131e,play_store,IN,Aniadee Pra,5,,very nice quick night delivery too,2026-07-19T16:32:01.144Z,0,18.7.0,https://play.google.com/store/apps/details?id=com.grofers.customerapp&reviewId=3b0cfebd-8088-419e-8ee3-e0d592da131e
0be3d798-401d-4a5d-91af-bfb524f83613,play_store,IN,Nihalsingh Verma,5,,badiya sarvice hai . turant or badiya app.,2026-07-19T16:29:30.545Z,0,,https://play.google.com/store/apps/details?id=com.grofers.customerapp&reviewId=0be3d798-401d-4a5d-91af-bfb524f83613
49f77d3d-7014-4f7b-a44f-492cac1549ec,play_store,IN,Jatin Langer,1,,riders are very rude and ask to come outside 100 to 200 m away otherwise i wont give order as ive paid the order earlier and before ordeing time is 7-9 min and once paid tha time is shown 20-30 min,2026-07-19T16:27:07.740Z,0,18.9.3,https://play.google.com/store/apps/details?id=com.grofers.customerapp&reviewId=49f77d3d-7014-4f7b-a44f-492cac1549ec
8412764f-180b-49dd-bf76-47fb374cbc2e,play_store,IN,KHUSHBU Jhanjhani,5,,very good and convenient appp,2026-07-19T16:26:59.209Z,0,,https://play.google.com/store/apps/details?id=com.grofers.customerapp&reviewId=8412764f-180b-49dd-bf76-47fb374cbc2e
490e3839-0e19-45cf-bebd-ed5a63783416,play_store,IN,Pooja Kumari,5,,"This app is very useful; whenever you need something, you get it within the time specified.",2026-07-19T16:26:23.164Z,0,18.9.3,https://play.google.com/store/apps/details?id=com.grofers.customerapp&reviewId=490e3839-0e19-45cf-bebd-ed5a63783416
c1c8585f-680f-4ef8-8418-a44a773dc9c8,play_store,IN,Angsuman Dutta,3,,Poor quality product and delayed delivery,2026-07-19T16:25:34.797Z,0,18.9.3,https://play.google.com/store/apps/details?id=com.grofers.customerapp&reviewId=c1c8585f-680f-4ef8-8418-a44a773dc9c8
336e20a2-135f-4e32-b8de-62802eda9ae2,play_store,IN,Abhishek Singh,5,,bilinkit is very good and delivery is very fast,2026-07-19T16:24:37.418Z,0,,https://play.google.com/store/apps/details?id=com.grofers.customerapp&reviewId=336e20a2-135f-4e32-b8de-62802eda9ae2
50cfe3f4-140a-4974-970a-4ce168597288,play_store,IN,Raju Bhowmik,1,,so much excess price compared to companies' outlets,2026-07-19T16:23:01.281Z,0,,https://play.google.com/store/apps/details?id=com.grofers.customerapp&reviewId=50cfe3f4-140a-4974-970a-4ce168597288
04d61537-6c25-4dbd-847d-ceb20c7220c7,play_store,IN,Sagar C.S.,1,,am not getting any kind of discounts on blinkit,2026-07-19T16:20:59.977Z,0,17.49.0,https://play.google.com/store/apps/details?id=com.grofers.customerapp&reviewId=04d61537-6c25-4dbd-847d-ceb20c7220c7
691a6553-9251-4876-b477-f3d12c753b8f,play_store,IN,Ganesh Sardar,1,,Delivery boy was very greddy and theft. Some order are missing.,2026-07-19T16:18:03.189Z,0,18.9.3,https://play.google.com/store/apps/details?id=com.grofers.customerapp&reviewId=691a6553-9251-4876-b477-f3d12c753b8f
b7ccd57c-bbc0-4a39-b628-3190547144a5,play_store,IN,Jay Madhavi,5,,good app 👌 👍 I like it 👌 👍 😀,2026-07-19T16:16:59.876Z,0,18.9.3,https://play.google.com/store/apps/details?id=com.grofers.customerapp&reviewId=b7ccd57c-bbc0-4a39-b628-3190547144a5
f715b380-49ca-4067-947b-c9d018e1e8da,play_store,IN,Dheerendra Sisodiya,4,,best services anytime,2026-07-19T16:16:28.257Z,0,18.9.3,https://play.google.com/store/apps/details?id=com.grofers.customerapp&reviewId=f715b380-49ca-4067-947b-c9d018e1e8da
2306f8da-dc34-41e8-9575-1414343a128d,play_store,IN,Anita Meena,5,,This the best app I have ever seen You can get anything with in 15-20 minutes,2026-07-19T16:15:33.194Z,0,,https://play.google.com/store/apps/details?id=com.grofers.customerapp&reviewId=2306f8da-dc34-41e8-9575-1414343a128d
c7a44c73-b539-48a8-8df8-276dadf29ad4,play_store,IN,E WORLD,5,,beter than any all other e-commerce app. I love you Blinkit 💜❤️,2026-07-19T16:13:31.288Z,0,,https://play.google.com/store/apps/details?id=com.grofers.customerapp&reviewId=c7a44c73-b539-48a8-8df8-276dadf29ad4
f6fd546e-72db-4598-952d-c18b1328da1f,play_store,IN,Dr Santosh K. John,3,,delivery boys were most of the time rude. deliberately delaying the ordered items. sometimes fresh items were not fresh at all.,2026-07-19T16:13:20.178Z,0,18.9.3,https://play.google.com/store/apps/details?id=com.grofers.customerapp&reviewId=f6fd546e-72db-4598-952d-c18b1328da1f
a79dbaad-7547-48b6-a096-c14f9c3191d1,play_store,IN,MALIK HADI AZHAR,5,,very excellent 👌 delivery boy came just in 9 minutes fast delivery 👌 love you blinkit,2026-07-19T16:13:03.251Z,0,18.9.3,https://play.google.com/store/apps/details?id=com.grofers.customerapp&reviewId=a79dbaad-7547-48b6-a096-c14f9c3191d1
ced6dd13-1931-4f97-9923-a648465bc15d,play_store,IN,Anamika Ray,1,,"I placed an order worth ₹196 (4 items) with an estimated delivery time of 17 minutes. After waiting for 45 minutes, Blinkit cancelled my order from their side without any explanation. I was then told that my refund would be processed by 24th July, even though refunds are usually completed within 24–48 hours. This is very disappointing. Please process my refund as soon as possible and explain the reason for the cancellation and the delayed refund.",2026-07-19T16:12:43.273Z,0,18.9.3,https://play.google.com/store/apps/details?id=com.grofers.customerapp&reviewId=ced6dd13-1931-4f97-9923-a648465bc15d
c0008146-c724-4d0a-a576-7798cee14cb7,play_store,IN,sathishkumar gangatharan,1,,Google pay reward is not redeemed,2026-07-19T16:11:26.370Z,0,18.9.3,https://play.google.com/store/apps/details?id=com.grofers.customerapp&reviewId=c0008146-c724-4d0a-a576-7798cee14cb7
6ecc27d0-48ff-4e6b-bfd2-787821644614,play_store,IN,Dasharath Tudu,5,,it's nice app.. easy to order. thank you❤,2026-07-19T16:11:10.156Z,0,18.9.3,https://play.google.com/store/apps/details?id=com.grofers.customerapp&reviewId=6ecc27d0-48ff-4e6b-bfd2-787821644614
e99a4714-9302-4cad-90c9-3cd03ca4386a,play_store,IN,Alpna Pandey,3,,should not take handling charge otherwise service is good,2026-07-19T16:10:50.683Z,0,18.9.3,https://play.google.com/store/apps/details?id=com.grofers.customerapp&reviewId=e99a4714-9302-4cad-90c9-3cd03ca4386a
139c8c22-49ba-496f-8861-923216eec8c8,play_store,IN,Swati Kumari,3,,good and fast delivery,2026-07-19T16:10:45.230Z,0,18.9.3,https://play.google.com/store/apps/details?id=com.grofers.customerapp&reviewId=139c8c22-49ba-496f-8861-923216eec8c8
005931b6-dc0f-406f-a97f-57df07bcacb8,play_store,IN,Rashmi Kumari,5,,good product and very fast delivery boys are very honest 👌,2026-07-19T16:10:44.768Z,0,18.9.3,https://play.google.com/store/apps/details?id=com.grofers.customerapp&reviewId=005931b6-dc0f-406f-a97f-57df07bcacb8
b248dbf5-18dc-4063-8e38-a14164525380,play_store,IN,Nitin R,5,,meets the emergency requirement. Makes life easier at difficult times.,2026-07-19T16:10:12.668Z,0,18.9.3,https://play.google.com/store/apps/details?id=com.grofers.customerapp&reviewId=b248dbf5-18dc-4063-8e38-a14164525380
9f87900c-7ed1-4c72-b886-94c51a19069f,play_store,IN,Regal Mile,1,,"always my items delivered are late , late , extremely late...",2026-07-19T16:09:40.690Z,0,,https://play.google.com/store/apps/details?id=com.grofers.customerapp&reviewId=9f87900c-7ed1-4c72-b886-94c51a19069f
b0be9709-db02-479c-a694-c6e03ef76cb0,play_store,IN,Sushant,1,,out of 9 orders I have received 7 orders as damaged or leaked or expired. Pls do not use this app.,2026-07-19T16:08:12.740Z,0,18.7.0,https://play.google.com/store/apps/details?id=com.grofers.customerapp&reviewId=b0be9709-db02-479c-a694-c6e03ef76cb0
53af042a-0864-49f7-846a-650620f48d12,play_store,IN,shalini sharma,5,,I just love this app 🤧💖💖it is literally 👍,2026-07-19T16:07:34.419Z,0,18.9.3,https://play.google.com/store/apps/details?id=com.grofers.customerapp&reviewId=53af042a-0864-49f7-846a-650620f48d12
c5653188-cd99-4fd1-a1f4-555c6b7534ca,play_store,IN,ashok kumar,3,,The products we order something came defected and not same as the image on the app.,2026-07-19T16:05:23.230Z,0,18.9.3,https://play.google.com/store/apps/details?id=com.grofers.customerapp&reviewId=c5653188-cd99-4fd1-a1f4-555c6b7534ca
412a4e41-8985-4e36-b8e4-0c4fefd36ab0,play_store,IN,Varsha Luhana,5,,too good bestt home delivered good prize and with door to door,2026-07-19T16:04:08.353Z,0,17.97.3,https://play.google.com/store/apps/details?id=com.grofers.customerapp&reviewId=412a4e41-8985-4e36-b8e4-0c4fefd36ab0
da9c9a34-c103-400e-b286-3a7694926303,play_store,IN,AMIT TIWARI,5,,No description needed 😍,2026-07-19T16:00:06.840Z,0,18.9.3,https://play.google.com/store/apps/details?id=com.grofers.customerapp&reviewId=da9c9a34-c103-400e-b286-3a7694926303
d258a01d-0f19-49e6-bc63-2f786bb20551,play_store,IN,Mayank Kumar,5,,very good app and nice,2026-07-19T15:59:53.371Z,0,18.9.3,https://play.google.com/store/apps/details?id=com.grofers.customerapp&reviewId=d258a01d-0f19-49e6-bc63-2f786bb20551
d2d7d8d1-8aec-4ccd-b7d0-d7793676edc1,play_store,IN,Sarath C,3,,App is fine but the quality of their items and policy is poor,2026-07-19T15:59:42.387Z,0,17.23.0,https://play.google.com/store/apps/details?id=com.grofers.customerapp&reviewId=d2d7d8d1-8aec-4ccd-b7d0-d7793676edc1
2a296de5-fd0c-4870-b3cc-b45683c28270,play_store,IN,Sarnali Biswas,5,,"a very useful app for daily needs, loved it",2026-07-19T15:58:05.330Z,0,18.7.0,https://play.google.com/store/apps/details?id=com.grofers.customerapp&reviewId=2a296de5-fd0c-4870-b3cc-b45683c28270
0d0b5523-a171-4a3c-94b6-34fb9f45f933,play_store,IN,OM MUSALE,1,,"I ordered a Citizens 2-fold umbrella based on the product images but received a completely different local umbrella. The delivery partner left without allowing me to check it. Customer support made the return process frustrating, asked me to travel back to the delivery location, couldn't accept gallery images, and then closed my complaint without resolving it. Very disappointing service and misleading product listing. very poor experience we will never order from this app...",2026-07-19T15:58:02.746Z,0,18.7.0,https://play.google.com/store/apps/details?id=com.grofers.customerapp&reviewId=0d0b5523-a171-4a3c-94b6-34fb9f45f933
e0fea7c9-1d08-4889-aa10-f5fe19133cdc,play_store,IN,sonu verma,5,,"I am very excited for doing order because before some time the bilinkit not dilevery on my side my addres . but now I am very happy 😁 . thankyou so much bilinkit. if you can do diliver E - Rikshaw in Vrindavan , I realy telling you , you can earn more . you have already started blinkit ambulance.",2026-07-19T15:57:15.309Z,0,18.9.3,https://play.google.com/store/apps/details?id=com.grofers.customerapp&reviewId=e0fea7c9-1d08-4889-aa10-f5fe19133cdc
59f1bf40-58b2-46e2-b943-07b758c924fb,play_store,IN,Atharv Singh,3,,one time delivery free then cost so much as shown delivery fee s and gst and 30 rs extra over all ok ok review,2026-07-19T15:57:06.677Z,0,18.13.0,https://play.google.com/store/apps/details?id=com.grofers.customerapp&reviewId=59f1bf40-58b2-46e2-b943-07b758c924fb
e0aee9e9-22b8-4521-989f-2facc624202c,play_store,IN,Nadeem Khan,5,,excellent performance and good quality,2026-07-19T15:56:08.857Z,0,18.7.0,https://play.google.com/store/apps/details?id=com.grofers.customerapp&reviewId=e0aee9e9-22b8-4521-989f-2facc624202c
24319159-859e-41a6-8b59-e60a07f60f19,play_store,IN,Ved Parkash,1,,Mera 1st experience bad so not good app,2026-07-19T15:54:48.573Z,0,18.9.3,https://play.google.com/store/apps/details?id=com.grofers.customerapp&reviewId=24319159-859e-41a6-8b59-e60a07f60f19
33e4d86d-08af-4a03-a2c2-fb6c32545e05,play_store,IN,ARYAN PATIL,1,,it shows 150 bit when the order comes it is 182 not fare,2026-07-19T15:54:25.263Z,0,18.7.0,https://play.google.com/store/apps/details?id=com.grofers.customerapp&reviewId=33e4d86d-08af-4a03-a2c2-fb6c32545e05
390fa73e-990f-45be-8b69-3f573c2dc4be,play_store,IN,Chandra Kant,1,,very loose ice cream,2026-07-19T15:53:43.798Z,0,18.9.3,https://play.google.com/store/apps/details?id=com.grofers.customerapp&reviewId=390fa73e-990f-45be-8b69-3f573c2dc4be
b4215959-e87b-41c7-89ad-74fec4cc3570,play_store,IN,Chaya Kashyap,5,,i love your services i ordered something it have some issue so I had to return the product. returning process was so smooth within 10 minutes the rider came to pick up the order they generate a promo code for me in minutes,2026-07-19T15:53:01.282Z,0,17.97.2,https://play.google.com/store/apps/details?id=com.grofers.customerapp&reviewId=b4215959-e87b-41c7-89ad-74fec4cc3570
11aa3295-223f-464b-8b1e-d7a30a094e26,play_store,IN,Visalatchi N,5,,really good like tooo many free giftsss,2026-07-19T15:49:35.256Z,0,18.9.3,https://play.google.com/store/apps/details?id=com.grofers.customerapp&reviewId=11aa3295-223f-464b-8b1e-d7a30a094e26
98746a17-1a5c-427b-98bc-b3b456aaf741,play_store,IN,Sanjeev Yadav,5,,very nice app for things,2026-07-19T15:48:54.367Z,0,18.3.0,https://play.google.com/store/apps/details?id=com.grofers.customerapp&reviewId=98746a17-1a5c-427b-98bc-b3b456aaf741
a5198e38-968c-4732-a019-945d3a326162,play_store,IN,Rudra Pratap,1,,never deliver on time,2026-07-19T15:48:48.500Z,0,,https://play.google.com/store/apps/details?id=com.grofers.customerapp&reviewId=a5198e38-968c-4732-a019-945d3a326162
deac7cde-07b1-4079-9430-06b24df67bbf,play_store,IN,Anish Raj,1,,worst experience ever. always more price demands just get lost from my mobile,2026-07-19T15:47:20.300Z,0,18.9.3,https://play.google.com/store/apps/details?id=com.grofers.customerapp&reviewId=deac7cde-07b1-4079-9430-06b24df67bbf
1a9cb706-c12a-4200-8683-cd2c8658c83a,play_store,IN,Ajmera Shaikh,5,,very good app for house wifes,2026-07-19T15:47:07.571Z,0,18.9.3,https://play.google.com/store/apps/details?id=com.grofers.customerapp&reviewId=1a9cb706-c12a-4200-8683-cd2c8658c83a
ef5906af-7a83-41ea-b452-17b9ed8d38a0,play_store,IN,Muskan,1,,"I had ordered something, I paid for it online as well as offline, Because there was an issue in their online payment, it was said that if they made the offline payment, the online payment would be refunded but no refund came. Farud",2026-07-19T15:46:33.830Z,0,18.7.0,https://play.google.com/store/apps/details?id=com.grofers.customerapp&reviewId=ef5906af-7a83-41ea-b452-17b9ed8d38a0
57acca9b-85c8-4da6-8794-076ff3cee5eb,play_store,IN,Joe Editz,3,,well but need to update,2026-07-19T15:44:37.959Z,0,,https://play.google.com/store/apps/details?id=com.grofers.customerapp&reviewId=57acca9b-85c8-4da6-8794-076ff3cee5eb
41985b11-67b2-4062-9f71-fc1ca3223f7c,play_store,IN,Nandkishor Hotla,5,,Nice and Perfect Product,2026-07-19T15:44:09.804Z,0,18.9.3,https://play.google.com/store/apps/details?id=com.grofers.customerapp&reviewId=41985b11-67b2-4062-9f71-fc1ca3223f7c
f587bf1d-2289-4b51-b9cb-7d85106efadc,play_store,IN,Priyanka Soni,5,,The Product delivery timing is perfect 👌 and very good discount on items.,2026-07-19T15:43:51.871Z,0,18.9.3,https://play.google.com/store/apps/details?id=com.grofers.customerapp&reviewId=f587bf1d-2289-4b51-b9cb-7d85106efadc
26124d9f-bab6-4673-8bf5-26de73643b7b,play_store,IN,Raj Rajak,1,,not good app I ordered a note book and I want to return it it's not happening,2026-07-19T15:41:02.822Z,0,,https://play.google.com/store/apps/details?id=com.grofers.customerapp&reviewId=26124d9f-bab6-4673-8bf5-26de73643b7b
b5975745-b64c-4725-b5a1-14c87ee4ff2e,play_store,IN,Tanishk Rathore,1,,so many extra charges.,2026-07-19T15:40:34.100Z,0,18.9.3,https://play.google.com/store/apps/details?id=com.grofers.customerapp&reviewId=b5975745-b64c-4725-b5a1-14c87ee4ff2e
4aa54b33-f9e6-4ad9-b9f8-4d92e28cc890,play_store,IN,Ayesha Shaikh,4,,It's a smooth experience and every time there is something different and useful,2026-07-19T15:38:42.609Z,0,17.79.1,https://play.google.com/store/apps/details?id=com.grofers.customerapp&reviewId=4aa54b33-f9e6-4ad9-b9f8-4d92e28cc890
da2cb1bf-01ca-45a8-96eb-ea6d19c3f41c,play_store,IN,Hemant Maru,5,,Received item before expected..👍,2026-07-19T15:37:51.787Z,0,18.9.3,https://play.google.com/store/apps/details?id=com.grofers.customerapp&reviewId=da2cb1bf-01ca-45a8-96eb-ea6d19c3f41c
90d5ac44-37a5-4dd0-9846-9e63b0be057b,play_store,IN,Abhishek Yadav,1,,just getting worst day by day,2026-07-19T15:37:08.617Z,0,18.9.3,https://play.google.com/store/apps/details?id=com.grofers.customerapp&reviewId=90d5ac44-37a5-4dd0-9846-9e63b0be057b
5c3f4f47-b0e6-4256-a50c-49ef6e6cfc58,play_store,IN,Aakrisht Yadav,4,,this is the app is nice but there is one problem price is so high,2026-07-19T15:36:59.143Z,0,,https://play.google.com/store/apps/details?id=com.grofers.customerapp&reviewId=5c3f4f47-b0e6-4256-a50c-49ef6e6cfc58
0a7e2ceb-1689-4dc8-8714-4934b3133829,play_store,IN,ankita singh,5,,very fast delivery nd good behaviour,2026-07-19T15:36:54.938Z,0,18.9.3,https://play.google.com/store/apps/details?id=com.grofers.customerapp&reviewId=0a7e2ceb-1689-4dc8-8714-4934b3133829
5de0fa11-ad50-4b1f-8724-108fc1ca7c96,play_store,IN,mohd fahad,5,,I truly trusted on this app ...Very easy to use and delivery time also good,2026-07-19T15:36:31.217Z,0,18.9.3,https://play.google.com/store/apps/details?id=com.grofers.customerapp&reviewId=5de0fa11-ad50-4b1f-8724-108fc1ca7c96
a9eb6124-9e21-4925-b22b-8dfcb1f35fee,play_store,IN,Pooja Sharma,5,,this is very nice and helpful app,2026-07-19T15:35:54.593Z,0,18.9.3,https://play.google.com/store/apps/details?id=com.grofers.customerapp&reviewId=a9eb6124-9e21-4925-b22b-8dfcb1f35fee
5e447662-0334-4db7-bfe0-5ee14b855e41,play_store,IN,Soniya Pathariya,3,,good but little expenvice,2026-07-19T15:35:06.190Z,0,18.9.3,https://play.google.com/store/apps/details?id=com.grofers.customerapp&reviewId=5e447662-0334-4db7-bfe0-5ee14b855e41
760203dc-d29f-4aa0-8826-80611e62beb6,play_store,IN,Amar Khedekar,1,,"I had ordered biscuits but all are like smaash, few months back also I had ordered that also same things, I hv ordered for somebody n don't hv time to replace or raise complaint.",2026-07-19T15:33:59.596Z,0,18.7.0,https://play.google.com/store/apps/details?id=com.grofers.customerapp&reviewId=760203dc-d29f-4aa0-8826-80611e62beb6
894db449-5a9a-4507-a40f-d0db3705ab47,play_store,IN,Vivian Parmar,5,,I'm an international student in new zealand and I'm ordering gifts for my home and friends and it delivers within 15-20 minutes ✨✨,2026-07-19T15:32:01.778Z,0,,https://play.google.com/store/apps/details?id=com.grofers.customerapp&reviewId=894db449-5a9a-4507-a40f-d0db3705ab47
a4059514-b7be-4146-8bbd-c64f083afac9,play_store,IN,Sachu,5,,saviour of college students... xerox available even at night😭🔥,2026-07-19T15:31:28.258Z,0,,https://play.google.com/store/apps/details?id=com.grofers.customerapp&reviewId=a4059514-b7be-4146-8bbd-c64f083afac9
f8f4c3c3-b9cd-4ac7-952c-bd8c5a045335,play_store,IN,Muskan Nishad,5,,"nice working the player,s 🏍️",2026-07-19T15:29:54.284Z,0,18.9.3,https://play.google.com/store/apps/details?id=com.grofers.customerapp&reviewId=f8f4c3c3-b9cd-4ac7-952c-bd8c5a045335
fa120868-2fc5-4fb6-b4a3-2a738df1d6b8,play_store,IN,Sharvan Rao,5,,Best App for H ome Delivery,2026-07-19T15:28:26.631Z,0,,https://play.google.com/store/apps/details?id=com.grofers.customerapp&reviewId=fa120868-2fc5-4fb6-b4a3-2a738df1d6b8
d1f267f2-91b6-4f76-8419-73a4ea89cf1d,play_store,IN,kar98 vlogs,5,,good quality of food,2026-07-19T15:28:13.807Z,0,18.9.3,https://play.google.com/store/apps/details?id=com.grofers.customerapp&reviewId=d1f267f2-91b6-4f76-8419-73a4ea89cf1d
02abdcd2-1a55-4cb0-b234-b58001783ec1,play_store,IN,Pramila Yadav,5,,best very but 1 min late some time,2026-07-19T15:27:53.593Z,0,18.7.0,https://play.google.com/store/apps/details?id=com.grofers.customerapp&reviewId=02abdcd2-1a55-4cb0-b234-b58001783ec1
e2cc7e0d-6827-45ba-8774-d32230df5e8e,play_store,IN,Puja,1,,yesterday I ordered 434 but I have not change so I gave 500 money to delivery boy he told me to I gave 66 money in Tommorow but he just not came so please give me my money 66 I am still disappointed 😔 I just uninstall the app blinkit,2026-07-19T15:27:40.109Z,0,18.9.3,https://play.google.com/store/apps/details?id=com.grofers.customerapp&reviewId=e2cc7e0d-6827-45ba-8774-d32230df5e8e
2900321a-f7b2-4ba5-87fc-52409c5b8008,play_store,IN,Ritik Goel,1,,"This is the biggest fraud app, i have ever seen, with no accountability towards customer. No customer care number, i have all email admitting their mistakes, but at the end they said we can't replace the items, but we fully admit mistake, this is the work ethics they have, these guyz have no spine and no arguements to defend them, wishing them luck. These reviews donot have the option to attach the answers they gave me, otherwise would have posted it here.",2026-07-19T15:27:32.485Z,0,18.9.3,https://play.google.com/store/apps/details?id=com.grofers.customerapp&reviewId=2900321a-f7b2-4ba5-87fc-52409c5b8008
9c2ab6af-65c2-449b-8873-5f71085632bf,play_store,IN,d s alhat,5,,good app fast delivery,2026-07-19T15:25:06.444Z,0,18.9.3,https://play.google.com/store/apps/details?id=com.grofers.customerapp&reviewId=9c2ab6af-65c2-449b-8873-5f71085632bf
7cc03c4c-3877-4d6c-b0ee-84e66d0c7df5,play_store,IN,Subhani Sayyad,1,,before open the any pocket check the expiry date. i have a bad experience i received expired date item,2026-07-19T15:24:04.160Z,1,,https://play.google.com/store/apps/details?id=com.grofers.customerapp&reviewId=7cc03c4c-3877-4d6c-b0ee-84e66d0c7df5
0c672738-7ce3-4c00-874c-b8617f2d0198,play_store,IN,Satendar Kr,4,,product hmesa out of stock hi hota h,2026-07-19T15:23:23.381Z,0,18.9.3,https://play.google.com/store/apps/details?id=com.grofers.customerapp&reviewId=0c672738-7ce3-4c00-874c-b8617f2d0198
446ff642-df9f-41f3-8352-b55ee1a41ebb,play_store,IN,Neha Shorma,4,,"I am using this app last 3,4 months and this app is just amazing ,fast delivery approx 10 to 15 min maximum so I prefer this app for all...",2026-07-19T15:22:32.800Z,0,,https://play.google.com/store/apps/details?id=com.grofers.customerapp&reviewId=446ff642-df9f-41f3-8352-b55ee1a41ebb
38bb210c-79ab-41ad-99ec-e68062b7676f,play_store,IN,Heeba Malgundkar,4,,good experience 😃 but the timing is wrong 😞 I will tell you how if the order is showing 11 minutes it comes in 14 to 15 minutes but the service is good 👍 and nice I rate 4 out of 5,2026-07-19T15:20:17.562Z,0,,https://play.google.com/store/apps/details?id=com.grofers.customerapp&reviewId=38bb210c-79ab-41ad-99ec-e68062b7676f
ea72cc78-a851-4cf1-a24d-e33370295a9c,play_store,IN,Jayesh Talekar,4,,"clean use, easy to find items",2026-07-19T15:20:05.547Z,0,18.9.3,https://play.google.com/store/apps/details?id=com.grofers.customerapp&reviewId=ea72cc78-a851-4cf1-a24d-e33370295a9c
475a2300-0b50-473a-add2-6d4f082cd533,play_store,IN,Afroza bano,5,,Easy and fast working,2026-07-19T15:17:45.182Z,0,18.9.3,https://play.google.com/store/apps/details?id=com.grofers.customerapp&reviewId=475a2300-0b50-473a-add2-6d4f082cd533
9c67f2a4-6fea-4af1-91ff-0c1e698c7b7a,play_store,IN,Rakshitha,5,,fast delivery and well packed,2026-07-19T15:16:47.103Z,0,18.9.3,https://play.google.com/store/apps/details?id=com.grofers.customerapp&reviewId=9c67f2a4-6fea-4af1-91ff-0c1e698c7b7a
b98cbf47-8137-4c9e-a59b-acaff131321f,play_store,IN,Priyanka Giri,1,,"charging very high fee, and also allways giving room temperature drinks saying chilled i didn't order from this phone but ordered as des raj gautem",2026-07-19T15:15:33.899Z,0,18.9.3,https://play.google.com/store/apps/details?id=com.grofers.customerapp&reviewId=b98cbf47-8137-4c9e-a59b-acaff131321f
d6389a6b-8bb6-4244-83f7-409be47c16f6,play_store,IN,BALA MOUKTHI16,5,,This app is very useful 🥰✨✨,2026-07-19T15:14:04.783Z,0,17.67.0,https://play.google.com/store/apps/details?id=com.grofers.customerapp&reviewId=d6389a6b-8bb6-4244-83f7-409be47c16f6
6d4faa60-8864-4588-b0a3-7d532e400bd6,play_store,IN,OMKAR HAJARE,5,,get quick service in any time also in rainy days,2026-07-19T15:13:42.310Z,0,18.9.3,https://play.google.com/store/apps/details?id=com.grofers.customerapp&reviewId=6d4faa60-8864-4588-b0a3-7d532e400bd6
1bceaaa8-ecda-4a9a-a36c-04266192f655,play_store,IN,Rashmi Sahu,5,,bahut acha application hai fast delivery or sab kuch mil jata hai,2026-07-19T15:13:29.285Z,0,18.9.3,https://play.google.com/store/apps/details?id=com.grofers.customerapp&reviewId=1bceaaa8-ecda-4a9a-a36c-04266192f655
e6fe6d87-7a21-4f03-9929-e520d99aab5c,play_store,IN,Soni Karn,1,,too delay and delivery boy too rude,2026-07-19T15:12:36.833Z,0,18.9.3,https://play.google.com/store/apps/details?id=com.grofers.customerapp&reviewId=e6fe6d87-7a21-4f03-9929-e520d99aab5c
3930943c-ebf3-4d78-8775-095032fec1cb,play_store,IN,Ramani Tharan,1,,"don't use blinkit wallet, we can add money to wallet but, can't place an order . always shows opps you can't order this product with this payment method currently ... worst customer care support...",2026-07-19T15:12:13.601Z,0,18.9.3,https://play.google.com/store/apps/details?id=com.grofers.customerapp&reviewId=3930943c-ebf3-4d78-8775-095032fec1cb
79fbad7a-a678-4209-a467-8ef6a59e214f,play_store,IN,Netra Masha,5,,best service they providing to everyone ☺️,2026-07-19T15:10:13.669Z,0,18.9.3,https://play.google.com/store/apps/details?id=com.grofers.customerapp&reviewId=79fbad7a-a678-4209-a467-8ef6a59e214f
1d5d74ef-3806-4b0d-9789-0dd8fb0dc05c,play_store,IN,Mohd Yunus,3,,it is fast and responsive i liked that but sometimes idk why blinkit don't available the option of COD means cash on delivery it is hard for the person those who don't use online payment apps..so plz try to understand the circumstances of some people like me ..thank you,2026-07-19T15:09:02.964Z,0,18.9.3,https://play.google.com/store/apps/details?id=com.grofers.customerapp&reviewId=1d5d74ef-3806-4b0d-9789-0dd8fb0dc05c
ffae024a-df32-4739-bc49-96a5c9b8dfd2,play_store,IN,Naveen Singh,5,,easy to use and amazing 😍🤩,2026-07-19T15:08:05.860Z,0,18.9.3,https://play.google.com/store/apps/details?id=com.grofers.customerapp&reviewId=ffae024a-df32-4739-bc49-96a5c9b8dfd2
5a312d1e-ca0a-4820-a956-16a427f957f9,play_store,IN,Swagata Nandi,4,,It's good 👍😊 and It comes too fast . Good delivery 😀😀 The behaviour of the delivery boy is too good 😊😊😊💯,2026-07-19T15:05:45.297Z,0,18.7.0,https://play.google.com/store/apps/details?id=com.grofers.customerapp&reviewId=5a312d1e-ca0a-4820-a956-16a427f957f9
a44b929f-b4c7-4b7b-952e-b4f21744e800,play_store,IN,Tanvi Dedha,5,,it is very good app and very ratri app,2026-07-19T15:05:37.702Z,0,18.9.3,https://play.google.com/store/apps/details?id=com.grofers.customerapp&reviewId=a44b929f-b4c7-4b7b-952e-b4f21744e800
b7fb5d1f-4bf2-454b-91c1-cdb1d4dfe5aa,play_store,IN,Sardar Khan,5,,a wide range of products at blinkit is most appealing reason for its popularity,2026-07-19T15:05:22.426Z,0,,https://play.google.com/store/apps/details?id=com.grofers.customerapp&reviewId=b7fb5d1f-4bf2-454b-91c1-cdb1d4dfe5aa
bc56993a-ae5d-4eb5-af36-6c419adb6d61,play_store,IN,Keilash Sharma,5,,I'm just fan of blinkit but I have one suggestion minimum oder price for free delivery 99rs hona chaiye yr because most off time itna kuch oder dena ni hota but delivery ke 30rs lgte h or 199 pr free delivery some time itne product ni chiaye hote ya rs ni lgane hote so please free delivery 99rs ke oder pr bhi do please I have request for this that response it's so good I hope mera suggestions accpat kre or improve kre 99rs pr bhi free delivery kre,2026-07-19T15:05:17.173Z,0,18.9.3,https://play.google.com/store/apps/details?id=com.grofers.customerapp&reviewId=bc56993a-ae5d-4eb5-af36-6c419adb6d61
cf7748d2-71fa-4b5a-8ef4-96b306049cca,play_store,IN,suman keshri,1,,it told 5 minutes and showing 22 minutes...i am paying 250 fr 100,2026-07-19T15:05:16.242Z,0,18.9.3,https://play.google.com/store/apps/details?id=com.grofers.customerapp&reviewId=cf7748d2-71fa-4b5a-8ef4-96b306049cca
8bf895b7-4222-4bc1-b553-28ac1bc145cd,play_store,IN,POOJA ARYA,5,,सबसे अच्छी बात ये है कि जो समान फ्रेश बनता है कंपनियों में वो डायरेक्ट हमारे घर तक पहुंचता है म दुकानों से समान खरीदता था पहले 4 या 5 रुपए बचाने के चक्कर में वहाँ बहुत समान डुप्लीकेट समान मिला मुझे कितनी ही बात एक्सपायरी वाला समान दिया दुकान वालों ने तब से म सिर्फ ब्लिंकिट यूज़ करता हूं फ्रेश समान कब एक्सपायरी है कब का बना है और बिल ब्लिंकिट देता है शानदार प्रोडक्ट फास्ट डिलीवरी एम वैरी हैप्पी,2026-07-19T15:05:11.583Z,0,18.9.3,https://play.google.com/store/apps/details?id=com.grofers.customerapp&reviewId=8bf895b7-4222-4bc1-b553-28ac1bc145cd
7876c524-d157-4b60-89f7-7827de2e2e5f,play_store,IN,Anupam Paul,3,,Should integrate amazon pay later when you have it in the district should be here too.,2026-07-19T15:03:44.427Z,0,,https://play.google.com/store/apps/details?id=com.grofers.customerapp&reviewId=7876c524-d157-4b60-89f7-7827de2e2e5f
dd5a7795-1339-4ce8-b5c7-541c320dbff4,play_store,IN,Aditi Kumari,1,,bad refunding experience totally scammed,2026-07-19T15:03:23.391Z,0,18.9.3,https://play.google.com/store/apps/details?id=com.grofers.customerapp&reviewId=dd5a7795-1339-4ce8-b5c7-541c320dbff4
fb22dacc-23be-4083-9d2d-f771f9f7e389,play_store,IN,Mohd Dawar,1,,"if an address is saved, why every time I need to allow location access or manually select address? The issue remains same after deleting second address.",2026-07-19T15:03:01.494Z,0,18.9.3,https://play.google.com/store/apps/details?id=com.grofers.customerapp&reviewId=fb22dacc-23be-4083-9d2d-f771f9f7e389
90ea4d69-710e-4db6-9fbb-77aae6cecd2f,play_store,IN,Dipti Salwe,1,,"Your service is deteriorating day by day. I have been trying to reach customer care, but I am unable to connect. This is extremely disappointing. Please resolve my issue immediately.",2026-07-19T15:02:10.314Z,0,16.49.1,https://play.google.com/store/apps/details?id=com.grofers.customerapp&reviewId=90ea4d69-710e-4db6-9fbb-77aae6cecd2f
dcb06c3a-e808-4134-b09a-8238801051a9,play_store,IN,Jeetendra Dharewa,5,,absolute cinema 🙌 especially for the world cup 🏆,2026-07-19T15:01:25.110Z,0,18.9.3,https://play.google.com/store/apps/details?id=com.grofers.customerapp&reviewId=dcb06c3a-e808-4134-b09a-8238801051a9
76ef4d0a-b2e8-423e-a508-4573d58fa5aa,play_store,IN,soumyadip malakar,1,,too much time to delivery and extra charges apply,2026-07-19T14:59:44.836Z,0,18.9.3,https://play.google.com/store/apps/details?id=com.grofers.customerapp&reviewId=76ef4d0a-b2e8-423e-a508-4573d58fa5aa
644ecac9-4f76-496b-8b5f-33ca8f480256,play_store,IN,smani civil,1,,"Very disappointing experience with Blinkit. I received a product that appeared to have been opened before delivery and had functional issues. I contacted customer support multiple times, explained the problem clearly, and provided the required details, but I did not receive a proper resolution. Instead of helping me with a return or refund, Blinkit kept repeating the same response and eventually closed my complaint without resolving the issue. I trusted Blinkit to deliver genuine, new products,",2026-07-19T14:59:39.402Z,0,18.9.3,https://play.google.com/store/apps/details?id=com.grofers.customerapp&reviewId=644ecac9-4f76-496b-8b5f-33ca8f480256
4e63955a-729a-4d73-a083-b9656adbc3f3,play_store,IN,Meet Latkar,5,,best but sometimes takes more than 15 minutes,2026-07-19T14:59:30.251Z,0,18.9.3,https://play.google.com/store/apps/details?id=com.grofers.customerapp&reviewId=4e63955a-729a-4d73-a083-b9656adbc3f3
75359c7c-2210-423e-89ec-6d799b7458bd,play_store,IN,Ganesh Kumar,2,,delivery charge leta hai tum log bery bad,2026-07-19T14:56:53.379Z,0,18.9.3,https://play.google.com/store/apps/details?id=com.grofers.customerapp&reviewId=75359c7c-2210-423e-89ec-6d799b7458bd
511d595b-f6aa-466b-8aac-18c0b32fbe7f,play_store,IN,Shyamal Halder,5,,this is the best app,2026-07-19T14:56:34.190Z,0,18.7.0,https://play.google.com/store/apps/details?id=com.grofers.customerapp&reviewId=511d595b-f6aa-466b-8aac-18c0b32fbe7f
1e0b9e9c-1724-48b5-88a9-c19d2cd9d6b0,play_store,IN,Pranali dattatray Yadav,5,,guys trust me this is the best app ever like you get your dilivery on the given time or even earlier this so good. I am so happy with they're service 😀,2026-07-19T14:55:35.762Z,0,18.9.3,https://play.google.com/store/apps/details?id=com.grofers.customerapp&reviewId=1e0b9e9c-1724-48b5-88a9-c19d2cd9d6b0
6fca37b7-c430-4f07-a4e8-7e8d6e5ed674,play_store,IN,Pallavi Gaikwad,5,,on time delivery and delivery person very polite 👌 good work nice app,2026-07-19T14:51:48.109Z,0,18.9.3,https://play.google.com/store/apps/details?id=com.grofers.customerapp&reviewId=6fca37b7-c430-4f07-a4e8-7e8d6e5ed674
99093880-11c9-49e9-ab3f-41e21e59f65b,play_store,IN,Vishal Sharma,5,,you can get everything on thi App.,2026-07-19T14:51:27.381Z,0,18.9.3,https://play.google.com/store/apps/details?id=com.grofers.customerapp&reviewId=99093880-11c9-49e9-ab3f-41e21e59f65b
968e07c9-9a7b-4bd9-a281-8769fcf79e33,play_store,IN,Sachin Patil,3,,delivery charges too much 😒,2026-07-19T14:50:43.673Z,0,18.9.3,https://play.google.com/store/apps/details?id=com.grofers.customerapp&reviewId=968e07c9-9a7b-4bd9-a281-8769fcf79e33
c13bf4bb-893a-476d-a67f-3175c2a7100a,play_store,IN,Chandra Bhushan,5,,very very good almost every useful and item is here,2026-07-19T14:50:40.597Z,0,,https://play.google.com/store/apps/details?id=com.grofers.customerapp&reviewId=c13bf4bb-893a-476d-a67f-3175c2a7100a
6a1b4bec-e16e-4d32-a266-11d55b9520e7,play_store,IN,Shivlal Mehta,3,,गलत या कम प्रोडक्ट आने पर रिटर्न या रिफंड नहीं होता,2026-07-19T14:50:17.925Z,0,18.9.3,https://play.google.com/store/apps/details?id=com.grofers.customerapp&reviewId=6a1b4bec-e16e-4d32-a266-11d55b9520e7
ac63bd2f-a8ec-4727-8588-16f782024173,play_store,IN,Jass Kamboj,5,,one of best delivery app,2026-07-19T14:49:01.949Z,0,18.9.3,https://play.google.com/store/apps/details?id=com.grofers.customerapp&reviewId=ac63bd2f-a8ec-4727-8588-16f782024173
928fd1c2-492d-4b26-87a1-8580075f2770,play_store,IN,PRASHANT KUMAR,4,,ask delivery person to deliver at home,2026-07-19T14:47:49.740Z,0,18.9.3,https://play.google.com/store/apps/details?id=com.grofers.customerapp&reviewId=928fd1c2-492d-4b26-87a1-8580075f2770
5f056d0c-5be7-4990-84ba-174215e7464d,play_store,IN,Altaf Raza,5,,"this is too good app,,,,,,i like this app,,,,,,",2026-07-19T14:47:27.282Z,0,18.9.3,https://play.google.com/store/apps/details?id=com.grofers.customerapp&reviewId=5f056d0c-5be7-4990-84ba-174215e7464d
275998f5-ed13-4a0a-be32-41bc4bf9054a,play_store,IN,Jayant BK,1,,uts completely fooling us by giving there own time and then delay delivery,2026-07-19T14:45:02.940Z,0,18.9.3,https://play.google.com/store/apps/details?id=com.grofers.customerapp&reviewId=275998f5-ed13-4a0a-be32-41bc4bf9054a
f36b4a79-7043-4965-b256-af4b4c6ba9cb,play_store,IN,Saikat Mukherjee,1,,took money for delivery and handeling but always late arrive,2026-07-19T14:44:39.854Z,0,18.9.3,https://play.google.com/store/apps/details?id=com.grofers.customerapp&reviewId=f36b4a79-7043-4965-b256-af4b4c6ba9cb
e17a436e-e2df-426c-b6c1-4d20bf785fcf,play_store,IN,Madhu sri T,1,,"Hello Blinkit Support Team, I am facing an issue with the Blinkit app. Whenever I open the app, it shows ""Location Unavailable"" and I am unable to access the service or place any orders. My location services are turned on and internet connection is working properly, but the issue still persists. Kindly check and resolve this problem as soon as possible. Please let me know if any additional information is required. very worst app Thank you.",2026-07-19T14:43:08.904Z,0,18.9.3,https://play.google.com/store/apps/details?id=com.grofers.customerapp&reviewId=e17a436e-e2df-426c-b6c1-4d20bf785fcf
57499d17-ad19-41d5-8c35-c67e8d4ca4ca,play_store,IN,Bhawna,5,,bhoth acha app hai bhoth achhi service bhi h emergency m h kuch bhi ghr baithe mnga skte haii,2026-07-19T14:41:31.324Z,0,18.7.0,https://play.google.com/store/apps/details?id=com.grofers.customerapp&reviewId=57499d17-ad19-41d5-8c35-c67e8d4ca4ca
8a6f2071-6090-47c2-94d3-b87bc44e1a8b,play_store,IN,Pankaj Kannojia,1,,Now asking online payment no cash on delivery,2026-07-19T14:40:17.928Z,0,18.9.3,https://play.google.com/store/apps/details?id=com.grofers.customerapp&reviewId=8a6f2071-6090-47c2-94d3-b87bc44e1a8b
3a5decb1-f262-405c-addd-fbc34e850b10,play_store,IN,Azeem Pasha,5,,nice place to shop😘😘,2026-07-19T14:39:39.287Z,0,17.99.1,https://play.google.com/store/apps/details?id=com.grofers.customerapp&reviewId=3a5decb1-f262-405c-addd-fbc34e850b10
e030c217-426f-4499-8a3e-9ff5c1a7626c,play_store,IN,Rudransh Gupta,1,,"The most horrible delivery app there is, the team has blocked any attempt to reach customer support, you're trying your luck if you do a prepaid order, order from other apps, because anything associated with Zomato will be a scam.",2026-07-19T14:39:31.464Z,0,18.9.3,https://play.google.com/store/apps/details?id=com.grofers.customerapp&reviewId=e030c217-426f-4499-8a3e-9ff5c1a7626c
c4b88448-cbb1-4b2e-8645-0210a0108df1,play_store,IN,Rafeek Ahmad,5,,bhut acha aap h thnks,2026-07-19T14:38:47.650Z,0,18.9.3,https://play.google.com/store/apps/details?id=com.grofers.customerapp&reviewId=c4b88448-cbb1-4b2e-8645-0210a0108df1
35bbcb9d-555c-4978-92b8-eb9c03c557e7,play_store,IN,UDAY PRAJAPAT,2,,order delivery in delay,2026-07-19T14:38:39.936Z,0,18.9.3,https://play.google.com/store/apps/details?id=com.grofers.customerapp&reviewId=35bbcb9d-555c-4978-92b8-eb9c03c557e7
5cd6a7cf-097b-413b-811f-6932cd6bd7b0,play_store,IN,Mukesh Kumar Pandey,1,,discounts are very less,2026-07-19T14:37:39.747Z,0,18.9.3,https://play.google.com/store/apps/details?id=com.grofers.customerapp&reviewId=5cd6a7cf-097b-413b-811f-6932cd6bd7b0
95adde35-9c15-45b9-a8fe-e5f7367b09d9,play_store,IN,Ankita Das,5,,awesome.. my go to app in emergency,2026-07-19T14:37:37.698Z,0,18.9.3,https://play.google.com/store/apps/details?id=com.grofers.customerapp&reviewId=95adde35-9c15-45b9-a8fe-e5f7367b09d9
34a1357a-5f43-4f1f-b4fe-68a579e8a9df,play_store,IN,Shivani Chauhan,4,,overall good experience,2026-07-19T14:35:57.685Z,0,18.9.3,https://play.google.com/store/apps/details?id=com.grofers.customerapp&reviewId=34a1357a-5f43-4f1f-b4fe-68a579e8a9df
079d0645-8beb-4b6b-99c6-8a92e844a87d,play_store,IN,Mohammed Adnan,1,,"😞 Very disappointing support. I accidentally ordered the wrong electronic item and contacted Blinkit within 5 minutes of delivery. The product was unused and unopened, but there was no return option, no live chat, and no way to contact a real support agent. I even uploaded the requested video, but got no help. Genuine customer issues deserve better support. Please improve your customer service. 💔",2026-07-19T14:34:08.500Z,0,,https://play.google.com/store/apps/details?id=com.grofers.customerapp&reviewId=079d0645-8beb-4b6b-99c6-8a92e844a87d
b5ed7f00-8e36-431d-b5c8-edf4db475f97,play_store,IN,SHYAM JI SONI,5,,best and fast process thankyou blinkit team,2026-07-19T14:33:01.816Z,0,18.9.3,https://play.google.com/store/apps/details?id=com.grofers.customerapp&reviewId=b5ed7f00-8e36-431d-b5c8-edf4db475f97
059d8be4-2999-4f55-9c1e-6a5b397e81d9,play_store,IN,gulshan kumar,5,,it is very helpfull blinkit,2026-07-19T14:32:24.294Z,0,18.9.3,https://play.google.com/store/apps/details?id=com.grofers.customerapp&reviewId=059d8be4-2999-4f55-9c1e-6a5b397e81d9
d4f8ae23-067d-4e44-83c1-7319df58ce4a,play_store,IN,Franklin Francis,1,,"it is regular practice in delivery time many items missing, i had two experience.",2026-07-19T14:31:13.837Z,0,18.9.3,https://play.google.com/store/apps/details?id=com.grofers.customerapp&reviewId=d4f8ae23-067d-4e44-83c1-7319df58ce4a
d204273a-f1d5-4f36-b5c7-5557792c2e4e,play_store,IN,Bhagyalakshmi ammu,1,,worst service for returning products they will do big drama only,2026-07-19T14:30:19.490Z,0,18.7.0,https://play.google.com/store/apps/details?id=com.grofers.customerapp&reviewId=d204273a-f1d5-4f36-b5c7-5557792c2e4e
32c77acd-37e2-4754-aabe-3f40a2db32b8,play_store,IN,SAA R,5,,Blinkit is my best Door Friend,2026-07-19T14:30:02.728Z,0,18.9.3,https://play.google.com/store/apps/details?id=com.grofers.customerapp&reviewId=32c77acd-37e2-4754-aabe-3f40a2db32b8
c93f9ce3-41a2-41ce-b5c4-c25c18710693,play_store,IN,Roopa Pujari,4,,It is a very good app but sometimes the address will show that it will come to our destination but it will come a little bit away from the destination so I request you to please solve this problem .,2026-07-19T14:29:22.852Z,0,18.9.3,https://play.google.com/store/apps/details?id=com.grofers.customerapp&reviewId=c93f9ce3-41a2-41ce-b5c4-c25c18710693
aa39d456-6041-4844-a815-758b754174ea,play_store,IN,Promila Tanwar,4,,nice app help us but little be more polite to customer please,2026-07-19T14:28:08.325Z,0,18.9.3,https://play.google.com/store/apps/details?id=com.grofers.customerapp&reviewId=aa39d456-6041-4844-a815-758b754174ea
05a5743c-bc76-4cdd-aad6-7e12a8aeabc2,play_store,IN,Shivashankar R,1,,Bahut bekar hai bhai,2026-07-19T14:27:44.689Z,0,17.97.3,https://play.google.com/store/apps/details?id=com.grofers.customerapp&reviewId=05a5743c-bc76-4cdd-aad6-7e12a8aeabc2
fccd67dc-df7a-4afc-bf1b-4a5cb5297a9a,play_store,IN,viraj sherekar,2,,very bad considering that it should be fast,2026-07-19T14:27:39.371Z,0,18.9.3,https://play.google.com/store/apps/details?id=com.grofers.customerapp&reviewId=fccd67dc-df7a-4afc-bf1b-4a5cb5297a9a
e0ff7ee2-8e95-4d7e-b423-e1cdaa7af3b5,play_store,IN,Trilok Kumar,5,,nice app and quick delivery,2026-07-19T14:26:42.361Z,0,18.9.3,https://play.google.com/store/apps/details?id=com.grofers.customerapp&reviewId=e0ff7ee2-8e95-4d7e-b423-e1cdaa7af3b5
fef03f74-3616-498c-9454-993c0dc02ff9,play_store,IN,akanksha saxena,5,,This is a very good app.,2026-07-19T14:25:54.619Z,0,18.9.3,https://play.google.com/store/apps/details?id=com.grofers.customerapp&reviewId=fef03f74-3616-498c-9454-993c0dc02ff9
9a6a0a53-a4d8-402a-9c08-9c8b72b7a4bd,play_store,IN,Radhika Kanodiya,5,,BEST app ever to exist🫪,2026-07-19T14:25:49.924Z,0,18.9.3,https://play.google.com/store/apps/details?id=com.grofers.customerapp&reviewId=9a6a0a53-a4d8-402a-9c08-9c8b72b7a4bd
39161a3f-ef34-4302-a279-a8d75d39896e,play_store,IN,madhava swamy beri,5,,I love this app. Their service is great.,2026-07-19T14:24:53.725Z,0,18.9.3,https://play.google.com/store/apps/details?id=com.grofers.customerapp&reviewId=39161a3f-ef34-4302-a279-a8d75d39896e
c774075e-e087-47b4-b9da-94d9bc4ed010,play_store,IN,Priyanka Dethe,1,,fraud app....free gift karke gift add karte he list me but free gift nahi milta.bill me bhi free gift karke add karte he .koi fraud kar rahe he ye log.,2026-07-19T14:24:18.449Z,0,18.9.3,https://play.google.com/store/apps/details?id=com.grofers.customerapp&reviewId=c774075e-e087-47b4-b9da-94d9bc4ed010
5c70be1d-d85f-4dae-9b58-2b46aae459eb,play_store,IN,ANIME_ SHAKE,5,,it's good and interface soo good 😊👍,2026-07-19T14:21:13.847Z,0,18.9.3,https://play.google.com/store/apps/details?id=com.grofers.customerapp&reviewId=5c70be1d-d85f-4dae-9b58-2b46aae459eb
ba460a27-d1ca-480d-a4df-dc8264c5179e,play_store,IN,Yash Kumar,5,,yes yes yess ! I get the dyson hair set in free 😆😆😆😆,2026-07-19T14:20:39.611Z,0,18.9.3,https://play.google.com/store/apps/details?id=com.grofers.customerapp&reviewId=ba460a27-d1ca-480d-a4df-dc8264c5179e
e4532eef-3ea1-4b41-827b-8df14baa910f,play_store,IN,Kumari Gokini,5,,easy to accessible & more convenient app for the customers ... satisfaction at most point @ fully satisfied 🙂,2026-07-19T14:20:32.868Z,0,18.9.3,https://play.google.com/store/apps/details?id=com.grofers.customerapp&reviewId=e4532eef-3ea1-4b41-827b-8df14baa910f
d9274cc0-5de3-4a51-a9ab-565d9f678c4a,play_store,IN,Gunjan Mehta,5,,"good service, big fan of the founder deependar Goyal",2026-07-19T14:20:06.224Z,0,18.13.0,https://play.google.com/store/apps/details?id=com.grofers.customerapp&reviewId=d9274cc0-5de3-4a51-a9ab-565d9f678c4a
0cbf4caf-136e-4737-be95-7d55008b5fa7,play_store,IN,Shurity,5,,best app ever specially print option...so convenient,2026-07-19T14:18:20.122Z,0,,https://play.google.com/store/apps/details?id=com.grofers.customerapp&reviewId=0cbf4caf-136e-4737-be95-7d55008b5fa7
46a74670-4a1c-45bf-97f5-501ef43a4b53,play_store,IN,Satya Prakash Mishra,1,,this app then timing 10 minutes mins minimum 1:30 ( 01 hours 30 minutes) Wait plz. you remember it customer people. I will try lots of time.,2026-07-19T14:18:08.950Z,0,18.13.0,https://play.google.com/store/apps/details?id=com.grofers.customerapp&reviewId=46a74670-4a1c-45bf-97f5-501ef43a4b53
58a1aa19-0166-4ad2-b32d-cfb07cc3fb32,play_store,IN,Umeshkumar Harsora,5,,"Now you are being ""PERFECT"". 👍🏼",2026-07-19T14:17:34.150Z,0,18.9.3,https://play.google.com/store/apps/details?id=com.grofers.customerapp&reviewId=58a1aa19-0166-4ad2-b32d-cfb07cc3fb32
5cccb810-91fc-4498-98dd-bf71676df9a3,play_store,IN,Devang YT,1,,very expensive Comper to other platform,2026-07-19T14:17:02.799Z,0,,https://play.google.com/store/apps/details?id=com.grofers.customerapp&reviewId=5cccb810-91fc-4498-98dd-bf71676df9a3
8266f60f-5bc5-4449-9f39-1abf86656bef,play_store,IN,Interior Designer official,5,,first time I used blinkit it's offers are amazing,2026-07-19T14:14:45.990Z,0,18.7.0,https://play.google.com/store/apps/details?id=com.grofers.customerapp&reviewId=8266f60f-5bc5-4449-9f39-1abf86656bef
f24605b9-5835-419b-8bac-3ca1ba0766ba,play_store,IN,Anoop A S,1,,"Don't buy anything from Blinkit, I bought some fruits and they delivered rotten ones. They asked to send email with concern, but they are telling it can be validated. This is totally unfair. Don't order anything. Boycott this fraud app.",2026-07-19T14:14:33.678Z,0,18.9.3,https://play.google.com/store/apps/details?id=com.grofers.customerapp&reviewId=f24605b9-5835-419b-8bac-3ca1ba0766ba
bfdd2745-79d4-4d21-a035-03b2e78e2062,play_store,IN,Ajay Chauhan,1,,totally not satisfied with delivery procedures when given number with address is not called,2026-07-19T14:12:50.306Z,0,18.9.3,https://play.google.com/store/apps/details?id=com.grofers.customerapp&reviewId=bfdd2745-79d4-4d21-a035-03b2e78e2062
1a389a6c-5f81-4fdc-9644-12bdada2bb5d,play_store,IN,Stella Bhagwat,5,,love this service! they are really commendable,2026-07-19T14:11:53.275Z,0,18.9.3,https://play.google.com/store/apps/details?id=com.grofers.customerapp&reviewId=1a389a6c-5f81-4fdc-9644-12bdada2bb5d
a91e8f0a-dbb4-457c-b3cc-25bc4ab82f37,play_store,IN,Mohd Imran,1,,not satisfied with the service,2026-07-19T14:11:50.894Z,0,18.9.3,https://play.google.com/store/apps/details?id=com.grofers.customerapp&reviewId=a91e8f0a-dbb4-457c-b3cc-25bc4ab82f37
aaab94d4-3019-4a3a-9052-1e687718e6c6,play_store,IN,Khushi Yadav,1,,"Service not good they change Time 2 or 3 times, after that they delivered material",2026-07-19T14:10:31.163Z,0,18.9.3,https://play.google.com/store/apps/details?id=com.grofers.customerapp&reviewId=aaab94d4-3019-4a3a-9052-1e687718e6c6
ea401d14-5b15-4546-aa4a-203e2c879137,play_store,IN,vamshibaleboina,5,,vamshibaleboina exelent,2026-07-19T14:09:34.844Z,0,18.9.3,https://play.google.com/store/apps/details?id=com.grofers.customerapp&reviewId=ea401d14-5b15-4546-aa4a-203e2c879137
98159330-29a0-48f4-8b1e-f5f20ffafe78,play_store,IN,Mayur Tripathi,5,,3 rs extra lga bhi kyo,2026-07-19T14:07:11.969Z,0,18.9.3,https://play.google.com/store/apps/details?id=com.grofers.customerapp&reviewId=98159330-29a0-48f4-8b1e-f5f20ffafe78
9463c25f-b478-4d75-a5b0-ccc7d951b84f,play_store,IN,Ranu Sinha,5,,Good Service in Rajnandgaon,2026-07-19T14:07:09.473Z,0,,https://play.google.com/store/apps/details?id=com.grofers.customerapp&reviewId=9463c25f-b478-4d75-a5b0-ccc7d951b84f
e7ab2778-9ac2-4af6-bd42-f02b04d740f0,play_store,IN,Aditi Chandrasekar,1,,too much surcharge too often,2026-07-19T14:06:51.707Z,0,18.9.3,https://play.google.com/store/apps/details?id=com.grofers.customerapp&reviewId=e7ab2778-9ac2-4af6-bd42-f02b04d740f0
67ce8d72-96bc-4845-87d0-5e42f3a3dd12,play_store,IN,Heena Sheikh,5,,very fast nd reliable,2026-07-19T14:05:59.264Z,1,,https://play.google.com/store/apps/details?id=com.grofers.customerapp&reviewId=67ce8d72-96bc-4845-87d0-5e42f3a3dd12
b53f05ac-7364-4819-bf06-ee9dfc5aebe2,play_store,IN,Anita 2,5,,"that app is good,I use this app almost every day nd I m very happy with their product,they provide genuine product with a good packaging,also the delivery speed is very fast,I m very happy with this app",2026-07-19T14:03:53.375Z,0,18.9.3,https://play.google.com/store/apps/details?id=com.grofers.customerapp&reviewId=b53f05ac-7364-4819-bf06-ee9dfc5aebe2
f57c95f8-64e8-4286-9f98-4f0f04704314,play_store,IN,Vivek Kushwah,5,,aalsi logo ka sabara.,2026-07-19T13:59:56.188Z,0,18.9.3,https://play.google.com/store/apps/details?id=com.grofers.customerapp&reviewId=f57c95f8-64e8-4286-9f98-4f0f04704314
28ca1ddf-5e8a-442e-ba0c-40b0f5e0cbad,play_store,IN,Suraj Singh,4,,sometimes not fast delivery,2026-07-19T13:57:49.531Z,0,18.9.3,https://play.google.com/store/apps/details?id=com.grofers.customerapp&reviewId=28ca1ddf-5e8a-442e-ba0c-40b0f5e0cbad
072f37c0-ce7f-48f6-9406-d0d2c855ae60,play_store,IN,ASHISH YALPALWAD,1,,not serviceable area,2026-07-19T13:56:07.873Z,0,,https://play.google.com/store/apps/details?id=com.grofers.customerapp&reviewId=072f37c0-ce7f-48f6-9406-d0d2c855ae60
4540b869-3ce9-46f8-b671-9b14fcf168ca,play_store,IN,Manisha Jain,5,,very good experience in my area I sometimes literally get delivery in less than 2 minutes,2026-07-19T13:54:55.740Z,0,18.7.0,https://play.google.com/store/apps/details?id=com.grofers.customerapp&reviewId=4540b869-3ce9-46f8-b671-9b14fcf168ca
cbfd4c80-d0cd-4ce6-8d5e-0bddd9feec9d,play_store,IN,Rahul Saini,1,,getting worse day by day,2026-07-19T13:51:54.769Z,0,18.7.0,https://play.google.com/store/apps/details?id=com.grofers.customerapp&reviewId=cbfd4c80-d0cd-4ce6-8d5e-0bddd9feec9d
6aade65f-9565-4f60-b00e-b0cbaab71658,play_store,IN,Vedha sri,1,,there is no return policy,2026-07-19T13:51:22.990Z,0,18.13.0,https://play.google.com/store/apps/details?id=com.grofers.customerapp&reviewId=6aade65f-9565-4f60-b00e-b0cbaab71658
c708d966-3296-4124-aa50-85a6de3522ab,play_store,IN,Anusha Anu,1,,"Very disappointing experience with Blinkit. I chose Cash on Delivery, but when the delivery partner arrived, he said he didn't have change. After I received the order, customer service called and told me to cancel the order if I didn't have the exact change. This is very poor customer service. If Cash on Delivery is offered as a payment option, the delivery process should be managed properly without putting the burden on the customer. I expected a much better experience.",2026-07-19T13:51:18.961Z,0,18.3.0,https://play.google.com/store/apps/details?id=com.grofers.customerapp&reviewId=c708d966-3296-4124-aa50-85a6de3522ab
a0415412-fd91-49d5-8f99-320c77a657ca,play_store,IN,Ajay Sahu,5,,very nice app must install and use .,2026-07-19T13:50:58.839Z,0,18.7.0,https://play.google.com/store/apps/details?id=com.grofers.customerapp&reviewId=a0415412-fd91-49d5-8f99-320c77a657ca
182c3326-79ea-4cc9-a441-2c3856a9fa4a,play_store,IN,Sreyoshi Ghosh,4,,"is it too good app I ,love this app",2026-07-19T13:50:46.281Z,0,,https://play.google.com/store/apps/details?id=com.grofers.customerapp&reviewId=182c3326-79ea-4cc9-a441-2c3856a9fa4a
42ec2a89-f2b6-4b5a-872d-fd83b3aadbcf,play_store,IN,Kshitij Lariwal,5,,It's a great app for the purpose it serves.,2026-07-19T13:45:47.512Z,0,17.97.3,https://play.google.com/store/apps/details?id=com.grofers.customerapp&reviewId=42ec2a89-f2b6-4b5a-872d-fd83b3aadbcf
21132aa5-cc8d-4927-bfd5-b8b48cf234b5,play_store,IN,Sanjay Kumar,5,,very good 👍👍👍👍👍,2026-07-19T13:41:25.926Z,0,18.9.3,https://play.google.com/store/apps/details?id=com.grofers.customerapp&reviewId=21132aa5-cc8d-4927-bfd5-b8b48cf234b5
d49b1443-6bb7-4fe5-aa7e-8748424b643f,play_store,IN,Raman Verma,3,,best app for doorstep kriyaana and vegetables. Sometimes cold drinks are not cold or other materials are not packed properly,2026-07-19T13:40:57.454Z,0,,https://play.google.com/store/apps/details?id=com.grofers.customerapp&reviewId=d49b1443-6bb7-4fe5-aa7e-8748424b643f
a0888d09-77fc-44e5-9c48-75e83f8e9e93,play_store,IN,Riya Sharma,5,,so helpful for daily needs,2026-07-19T13:38:19.236Z,0,18.9.3,https://play.google.com/store/apps/details?id=com.grofers.customerapp&reviewId=a0888d09-77fc-44e5-9c48-75e83f8e9e93
2207e1b9-421a-45da-9dea-c449b34d0954,play_store,IN,Yogesh Kashyap,5,,easy way and fast deliver,2026-07-19T13:37:38.605Z,0,18.9.3,https://play.google.com/store/apps/details?id=com.grofers.customerapp&reviewId=2207e1b9-421a-45da-9dea-c449b34d0954
69bb74d8-4665-4439-9a2a-233a274cc89b,play_store,IN,Balvinder Malik,5,,"I love it this app is really good but it take deliver charge ,🥲",2026-07-19T13:37:19.953Z,0,18.9.3,https://play.google.com/store/apps/details?id=com.grofers.customerapp&reviewId=69bb74d8-4665-4439-9a2a-233a274cc89b
3993d259-4e34-4d10-8af4-b95231105523,play_store,IN,Pavan kumar Nalla,1,,"I ordered an exam writing pad and it was broken, I raised a refund or replacement concern and then further no follow up from the support team, they even closed the issue from their own side and I'm still stuck with this unusable sheet. TERRIBLE customer support service!!!",2026-07-19T13:35:51.301Z,0,18.9.3,https://play.google.com/store/apps/details?id=com.grofers.customerapp&reviewId=3993d259-4e34-4d10-8af4-b95231105523
163a74e1-8864-491e-8292-89216b69c244,play_store,IN,Heena Chittoria,5,,delivery partner is too much slow parcel deliver very late,2026-07-19T13:34:50.659Z,0,18.9.3,https://play.google.com/store/apps/details?id=com.grofers.customerapp&reviewId=163a74e1-8864-491e-8292-89216b69c244
aa1f7077-86af-4f38-8af5-bac3875d3b74,play_store,IN,Chhavi Mishra,1,,very bad service.. initially they will give you cash on delivery option when you will purchase always from blinkit they remove COD option... so Iam not able to purchase anything on blinkit because of this behaviour I contacted 2time for this please allow me cash on delivery option..but now their team is egoist...not allowing me for cod option.,2026-07-19T13:28:25.756Z,0,,https://play.google.com/store/apps/details?id=com.grofers.customerapp&reviewId=aa1f7077-86af-4f38-8af5-bac3875d3b74
14ad87eb-f316-4330-b98d-461c386143a7,play_store,IN,Zafar Ansari,1,,Bad Bad Very Bad 🤬🤬🤬,2026-07-19T13:27:18.743Z,0,,https://play.google.com/store/apps/details?id=com.grofers.customerapp&reviewId=14ad87eb-f316-4330-b98d-461c386143a7
108c6ca3-af59-49f1-9f76-ae13b95be44b,play_store,IN,Kanhaiya Thakur,5,,without check best sir,2026-07-19T13:26:40.487Z,0,18.9.3,https://play.google.com/store/apps/details?id=com.grofers.customerapp&reviewId=108c6ca3-af59-49f1-9f76-ae13b95be44b
8919956d-128f-4d48-8d12-cdfc8f626b9f,play_store,IN,Sheela Singh,5,,it's very less amount and fast delivery and very easy method to make any thing.,2026-07-19T13:26:23.182Z,0,18.9.3,https://play.google.com/store/apps/details?id=com.grofers.customerapp&reviewId=8919956d-128f-4d48-8d12-cdfc8f626b9f
fdfd2266-78bb-4d9e-b6a8-d13d2032f483,play_store,IN,Ritu choudhary,5,,bhai paise thoda kam kar lana please,2026-07-19T13:24:03.156Z,0,,https://play.google.com/store/apps/details?id=com.grofers.customerapp&reviewId=fdfd2266-78bb-4d9e-b6a8-d13d2032f483
4295fb98-826a-4750-ae36-9d54bf9eaa06,play_store,IN,Tejas Pandey,5,,can there be anything better than blinkit in this world ?,2026-07-19T13:23:02.977Z,0,18.9.3,https://play.google.com/store/apps/details?id=com.grofers.customerapp&reviewId=4295fb98-826a-4750-ae36-9d54bf9eaa06
b8f8bc90-3903-461b-a9f0-f46eaadf24c9,play_store,IN,SURAJ KUMAR,1,,Poor customer support. it 1 hour to reach out to them for a simple issue which also couldn't resolve by them. And close the issue with a silly reason.,2026-07-19T13:21:01.768Z,0,18.9.3,https://play.google.com/store/apps/details?id=com.grofers.customerapp&reviewId=b8f8bc90-3903-461b-a9f0-f46eaadf24c9
f05fd9d7-28b2-4338-8f88-b4f57535a90f,play_store,IN,arham lunawat,4,,GOOD SERVICING AND FAST DELIVERING,2026-07-19T13:20:39.767Z,0,18.9.3,https://play.google.com/store/apps/details?id=com.grofers.customerapp&reviewId=f05fd9d7-28b2-4338-8f88-b4f57535a90f
899689cf-eb31-44fe-b193-cec115c40192,play_store,IN,Sangita Kumari,5,,good and fast service,2026-07-19T13:20:34.215Z,0,18.7.0,https://play.google.com/store/apps/details?id=com.grofers.customerapp&reviewId=899689cf-eb31-44fe-b193-cec115c40192
df034df9-64b6-40e3-b26c-0b8bd0dabac6,play_store,IN,Priya dewangan,1,,free delevery pahle tha ab kyu nhi hai,2026-07-19T13:18:32.621Z,0,,https://play.google.com/store/apps/details?id=com.grofers.customerapp&reviewId=df034df9-64b6-40e3-b26c-0b8bd0dabac6
9a4bef27-68c0-40d3-90e3-7ba36b62d280,play_store,IN,Karthick S,1,,dont have option to add upi apps manually,2026-07-19T13:18:23.193Z,0,18.9.3,https://play.google.com/store/apps/details?id=com.grofers.customerapp&reviewId=9a4bef27-68c0-40d3-90e3-7ba36b62d280
29c08da4-7ea3-4935-9091-6b648fa7b2b5,play_store,IN,Latha CV,1,,Absolutely terrible. They didn't deliver my order and only refunded the product amount and not the handling charges or the delivery fee. The customer care is absolutely useless. All he said was i understand mam I understand mam,2026-07-19T13:15:51.873Z,0,18.9.3,https://play.google.com/store/apps/details?id=com.grofers.customerapp&reviewId=29c08da4-7ea3-4935-9091-6b648fa7b2b5
ae073ed4-e885-470b-99d2-b03505c40c16,play_store,IN,Kusuma Boddeda,5,,it's very fast and easy,2026-07-19T13:13:20.195Z,0,18.9.3,https://play.google.com/store/apps/details?id=com.grofers.customerapp&reviewId=ae073ed4-e885-470b-99d2-b03505c40c16
1f67eb8c-90ac-4e7d-ad4d-6398c09d9513,play_store,IN,VIKAS BHAGWAT,1,,deliver local product,2026-07-19T13:12:52.680Z,0,18.9.3,https://play.google.com/store/apps/details?id=com.grofers.customerapp&reviewId=1f67eb8c-90ac-4e7d-ad4d-6398c09d9513
35ef32be-0e89-4cb6-830e-ad9c87ac9006,play_store,IN,Mohit Mokal,1,,"poor customer service, only AI chat which is absolutely useless.",2026-07-19T13:11:49.434Z,0,18.9.3,https://play.google.com/store/apps/details?id=com.grofers.customerapp&reviewId=35ef32be-0e89-4cb6-830e-ad9c87ac9006
cc516f55-bc46-40fd-a2a3-2c1d16219b74,play_store,IN,KOLI ANITA,2,,refunds not possible this app,2026-07-19T13:06:28.515Z,0,,https://play.google.com/store/apps/details?id=com.grofers.customerapp&reviewId=cc516f55-bc46-40fd-a2a3-2c1d16219b74
c0cf3d1e-fd1c-4fff-a979-9b98b69a17fb,play_store,IN,Monika Sunil,2,,so many unnecessary charges,2026-07-19T13:01:02.195Z,0,18.9.3,https://play.google.com/store/apps/details?id=com.grofers.customerapp&reviewId=c0cf3d1e-fd1c-4fff-a979-9b98b69a17fb
4ac8280e-2488-4a6c-b5f2-662c41b93d71,play_store,IN,Shradha Sharma,5,,"this aap is very use full, thankyou blinkit.",2026-07-19T12:57:33.742Z,0,18.7.0,https://play.google.com/store/apps/details?id=com.grofers.customerapp&reviewId=4ac8280e-2488-4a6c-b5f2-662c41b93d71
9b3dfa4a-5440-4fc5-94eb-bd0203767776,play_store,IN,Aditya Kumar,5,,very best app I like this app very much,2026-07-19T12:56:09.672Z,0,18.9.3,https://play.google.com/store/apps/details?id=com.grofers.customerapp&reviewId=9b3dfa4a-5440-4fc5-94eb-bd0203767776
2f9bb57b-30f0-48fd-b002-cb3d12387b8b,play_store,IN,Maneesh Tater,1,,not coupon applicable,2026-07-19T12:55:57.906Z,0,18.9.3,https://play.google.com/store/apps/details?id=com.grofers.customerapp&reviewId=2f9bb57b-30f0-48fd-b002-cb3d12387b8b
4a79c341-306e-4b91-9871-ff36e95a799e,play_store,IN,Saba farheen Shaik,5,,Wow products but cost is high,2026-07-19T12:55:47.487Z,0,,https://play.google.com/store/apps/details?id=com.grofers.customerapp&reviewId=4a79c341-306e-4b91-9871-ff36e95a799e
d9fc5b82-8c79-4d86-8a7c-6459c963358c,play_store,IN,Sneha Sneha,5,,i like sarvice for this aap,2026-07-19T12:55:40.684Z,0,18.9.3,https://play.google.com/store/apps/details?id=com.grofers.customerapp&reviewId=d9fc5b82-8c79-4d86-8a7c-6459c963358c
b000f9db-dbcb-436c-8972-d4ffe0fa7324,play_store,IN,Sabhyata Singh,1,,always expensive than other apps,2026-07-19T12:54:17.275Z,0,18.9.3,https://play.google.com/store/apps/details?id=com.grofers.customerapp&reviewId=b000f9db-dbcb-436c-8972-d4ffe0fa7324
bac3ffb9-bb6b-4c2a-ba37-3adfdcb7c827,play_store,IN,Subala Sohams,5,,very good service I am totally satisfied with Blinkit,2026-07-19T12:54:11.853Z,0,18.9.3,https://play.google.com/store/apps/details?id=com.grofers.customerapp&reviewId=bac3ffb9-bb6b-4c2a-ba37-3adfdcb7c827
8a96af02-4ba9-416a-a2fa-a49e62e4a5bc,play_store,IN,Khushboo Kumari,5,,blinkit is best and reliable,2026-07-19T12:52:13.570Z,0,,https://play.google.com/store/apps/details?id=com.grofers.customerapp&reviewId=8a96af02-4ba9-416a-a2fa-a49e62e4a5bc
78cf3a7d-ba23-4ac8-9311-2301153f204e,play_store,IN,OM,5,,nice! good app always order on time,2026-07-19T12:51:00.641Z,0,18.7.0,https://play.google.com/store/apps/details?id=com.grofers.customerapp&reviewId=78cf3a7d-ba23-4ac8-9311-2301153f204e
c12029ca-4f85-446e-aac8-421b1c6be0ea,play_store,IN,Zain Sarvar,3,,too costly for 25 rs they charge total 52,2026-07-19T12:48:46.150Z,0,18.9.3,https://play.google.com/store/apps/details?id=com.grofers.customerapp&reviewId=c12029ca-4f85-446e-aac8-421b1c6be0ea
7f948f43-992a-4157-81f1-a76c3035641e,play_store,IN,Arun Kumar Rai,5,,Zip zap zoom sitting at home.,2026-07-19T12:48:18.590Z,0,18.9.3,https://play.google.com/store/apps/details?id=com.grofers.customerapp&reviewId=7f948f43-992a-4157-81f1-a76c3035641e
20646688-9f91-47fe-adde-fd017f5e049f,play_store,IN,Ramesh Chandra shukla,5,,good app for instant needs,2026-07-19T12:45:15.904Z,0,18.9.3,https://play.google.com/store/apps/details?id=com.grofers.customerapp&reviewId=20646688-9f91-47fe-adde-fd017f5e049f
8b91b2ea-8672-43a8-b3cc-eb78d8268520,play_store,IN,Rajesh Kumar Singh,5,,"आपके पास लगभग हर सामान मिलता हैं अब आपने दवाई भी रखना शुरू किया जो की अच्छी पहल हैं इस क़े लिए blinkit तारीफ के योग्य हैँ लेकिन दबाई का दयारा और बढाए ताकि हर दबाई आपके पास मिल जाए इसके लिए आप अगर कोशिश करें कुछ Madical store जो 24 in to 7 service देते हो उनसे आप contact करें तो इमरजेंसी के लिए blinkit अच्छा option रहेगा क्योकि लगभग ज्यादातर लोगों के मोबाइल पर आपका app है, और इसके लिए शायद आप को एक नया department बनाना होगा जो मेडिकल सें related हों.",2026-07-19T12:45:01.552Z,0,,https://play.google.com/store/apps/details?id=com.grofers.customerapp&reviewId=8b91b2ea-8672-43a8-b3cc-eb78d8268520
e52c6ac0-3d6a-4984-830e-9fe6069fd605,play_store,IN,Sang jang la,3,,after the first order after sometime the charged a lot,2026-07-19T12:44:03.485Z,0,18.9.3,https://play.google.com/store/apps/details?id=com.grofers.customerapp&reviewId=e52c6ac0-3d6a-4984-830e-9fe6069fd605
6576c7c3-b16a-47cf-8dec-4614960b2f1b,play_store,IN,Naman Prajapat,5,,I hope that app is safe for a public,2026-07-19T12:42:37.144Z,0,17.97.2,https://play.google.com/store/apps/details?id=com.grofers.customerapp&reviewId=6576c7c3-b16a-47cf-8dec-4614960b2f1b
f6293484-c0ee-4537-92c9-2e38ee526791,play_store,IN,Anuja Desai,5,,Very user friendly interface,2026-07-19T12:42:09.228Z,0,18.9.3,https://play.google.com/store/apps/details?id=com.grofers.customerapp&reviewId=f6293484-c0ee-4537-92c9-2e38ee526791
cf26a828-2051-448f-8208-7b738a32fe68,play_store,IN,Tanu Verma,5,,very helpful app I have ever seen in my life,2026-07-19T12:41:00.317Z,0,17.99.1,https://play.google.com/store/apps/details?id=com.grofers.customerapp&reviewId=cf26a828-2051-448f-8208-7b738a32fe68
2f9ed0ee-6c5a-43b3-ab3a-785ec52a48a0,play_store,IN,Kiran Rocky,5,,nice Delivery service,2026-07-19T12:36:08.339Z,0,18.9.3,https://play.google.com/store/apps/details?id=com.grofers.customerapp&reviewId=2f9ed0ee-6c5a-43b3-ab3a-785ec52a48a0
e7714335-9ee0-44de-b850-0d2f370a845c,play_store,IN,Sapna Jain,3,,it takes delievery too much and the rate is high of items but it mostly have all items which sometimes are not available at other applications,2026-07-19T12:35:06.950Z,0,18.9.3,https://play.google.com/store/apps/details?id=com.grofers.customerapp&reviewId=e7714335-9ee0-44de-b850-0d2f370a845c
d10dc395-3b94-4235-9d90-e3465121ae8d,play_store,IN,neelam duneria,5,,apart from sometime a bad product delivered...blinkit is a great help,2026-07-19T12:34:16.905Z,0,18.9.3,https://play.google.com/store/apps/details?id=com.grofers.customerapp&reviewId=d10dc395-3b94-4235-9d90-e3465121ae8d
800840fc-d40a-4b41-ad18-083009863555,play_store,IN,Pratibha Jha,5,,sach a amezing app🤩,2026-07-19T12:34:06.984Z,0,18.9.3,https://play.google.com/store/apps/details?id=com.grofers.customerapp&reviewId=800840fc-d40a-4b41-ad18-083009863555
96732da0-4232-4f41-8a8c-fb8e507eacee,play_store,IN,Ganesh chandra Panda,5,,I am really happy with this app,2026-07-19T12:33:12.616Z,0,18.7.0,https://play.google.com/store/apps/details?id=com.grofers.customerapp&reviewId=96732da0-4232-4f41-8a8c-fb8e507eacee
142182a6-8256-41fc-8bf6-9e017ec913a0,play_store,IN,Salauddin Ansari,5,,Trusted app please soppy now,2026-07-19T12:29:15.343Z,0,18.9.3,https://play.google.com/store/apps/details?id=com.grofers.customerapp&reviewId=142182a6-8256-41fc-8bf6-9e017ec913a0
5d727749-595b-462a-b505-ea9d9169a20c,play_store,IN,NITIN J,1,,Low quality products. Everything I order is always covered in dust or has some or the other issue with them.,2026-07-19T12:24:22.716Z,0,18.9.3,https://play.google.com/store/apps/details?id=com.grofers.customerapp&reviewId=5d727749-595b-462a-b505-ea9d9169a20c
378d6845-0ee6-4f4d-b17f-b104bd7e1b60,play_store,IN,anmol raj pandey,3,,best but delivery problem,2026-07-19T12:23:51.510Z,0,,https://play.google.com/store/apps/details?id=com.grofers.customerapp&reviewId=378d6845-0ee6-4f4d-b17f-b104bd7e1b60
9b6e200c-b50e-4436-bf74-0c2c43bbe1c0,play_store,IN,Bhaskar Gupta,1,,defected item aaya hai wapas nahi Ho raha hai,2026-07-19T12:23:49.708Z,0,18.9.3,https://play.google.com/store/apps/details?id=com.grofers.customerapp&reviewId=9b6e200c-b50e-4436-bf74-0c2c43bbe1c0
89b124d8-59f3-4b9c-811b-0d188ae4ab51,play_store,IN,Shahabaz Khan,4,,it's my best experience but blinkit delivery above 99 rupees do this is my request,2026-07-19T12:22:41.791Z,0,18.9.3,https://play.google.com/store/apps/details?id=com.grofers.customerapp&reviewId=89b124d8-59f3-4b9c-811b-0d188ae4ab51
a442f621-888e-4a15-bb25-7738158e57e2,play_store,IN,Prem Tyagi,1,,delivery man baat karne ki tamij nhi h battamij h,2026-07-19T12:22:30.739Z,0,18.9.3,https://play.google.com/store/apps/details?id=com.grofers.customerapp&reviewId=a442f621-888e-4a15-bb25-7738158e57e2
7a7795b9-e9dc-4a43-9488-4073d024854e,play_store,IN,Jiya Verma,5,,this aap is very useful 😀 😀😀☺️☺️,2026-07-19T12:22:22.255Z,0,18.9.3,https://play.google.com/store/apps/details?id=com.grofers.customerapp&reviewId=7a7795b9-e9dc-4a43-9488-4073d024854e
d651fac0-7cc2-4109-9ca6-8df8f3031f01,play_store,IN,Akash Chaddha,1,,giving me duplicate or poor quality product,2026-07-19T12:21:58.550Z,0,,https://play.google.com/store/apps/details?id=com.grofers.customerapp&reviewId=d651fac0-7cc2-4109-9ca6-8df8f3031f01
33f04659-be2b-450e-a161-e9b270b3ef02,play_store,IN,Harshit Ramola,1,,i ordered guitar kit but many things were n missing from it i thought of return and when i returned next day it was 10th of July and today is 19 its been 8 days and there is no refund i tried to contact customer care no action was done when i send email to the mentioned email online 3 days ago and still there is no action the worst app ever they dont even have customer care no. and no action on complains they dont even care about customers,2026-07-19T12:21:45.221Z,0,18.9.3,https://play.google.com/store/apps/details?id=com.grofers.customerapp&reviewId=33f04659-be2b-450e-a161-e9b270b3ef02
1428b3b8-ee31-4121-b6a6-a1a937ea49a9,play_store,IN,Quantum Ved,5,,very helpful for last minute needs,2026-07-19T12:18:12.766Z,0,18.9.3,https://play.google.com/store/apps/details?id=com.grofers.customerapp&reviewId=1428b3b8-ee31-4121-b6a6-a1a937ea49a9
31615e0a-f0f8-4df0-beae-61946c6384ac,play_store,IN,Kumari Sanya -1101,1,,unavailable from 4 hrs,2026-07-19T12:17:43.659Z,0,18.9.3,https://play.google.com/store/apps/details?id=com.grofers.customerapp&reviewId=31615e0a-f0f8-4df0-beae-61946c6384ac
0ed7b4e3-0f5b-4674-a23b-9293678b062b,play_store,IN,Benkatesh Kumar,1,,300 meter door mera apartment hai vaha map nhi badha raha hai,2026-07-19T12:17:30.594Z,0,,https://play.google.com/store/apps/details?id=com.grofers.customerapp&reviewId=0ed7b4e3-0f5b-4674-a23b-9293678b062b
1feabb7a-5e13-484e-b2e1-ab53f4a268f9,play_store,IN,Shreya Singh,4,,good fast service 👌,2026-07-19T12:11:58.479Z,0,,https://play.google.com/store/apps/details?id=com.grofers.customerapp&reviewId=1feabb7a-5e13-484e-b2e1-ab53f4a268f9
ac37a94c-0e68-48c1-aded-d1d3eefca0cd,play_store,IN,Aryan Rider,3,,good and very fast service,2026-07-19T12:11:51.654Z,0,18.9.3,https://play.google.com/store/apps/details?id=com.grofers.customerapp&reviewId=ac37a94c-0e68-48c1-aded-d1d3eefca0cd
df85b910-4506-4147-9c35-2d8a8d12a03f,play_store,IN,Jai_Kishan,1,,"Not happy with the courier partner, But happy with customer support, to resolve my issue, thank you to the support team 🙏.",2026-07-19T12:11:37.370Z,0,18.9.3,https://play.google.com/store/apps/details?id=com.grofers.customerapp&reviewId=df85b910-4506-4147-9c35-2d8a8d12a03f
ef717ba9-b224-4ecc-82ea-cab63477955f,play_store,IN,naomi sherly,5,,very good delivery system. everything is available at our door step,2026-07-19T12:11:10.203Z,0,18.9.3,https://play.google.com/store/apps/details?id=com.grofers.customerapp&reviewId=ef717ba9-b224-4ecc-82ea-cab63477955f
1aac1d9d-75ef-4b46-95b9-b285673d0e4b,play_store,IN,Harpreet Singh,5,,its ok but prices are more than required,2026-07-19T12:10:25.871Z,0,18.13.0,https://play.google.com/store/apps/details?id=com.grofers.customerapp&reviewId=1aac1d9d-75ef-4b46-95b9-b285673d0e4b
093508a6-7d5e-4383-9068-a41d399f2dd0,play_store,IN,Angel,5,,Prices are a bit more higher than local market price but its worth it when you get anything delivered in just 10 mins at anywhere anytime & 5rs. delivery charges is totally fine.,2026-07-19T12:10:22.474Z,0,,https://play.google.com/store/apps/details?id=com.grofers.customerapp&reviewId=093508a6-7d5e-4383-9068-a41d399f2dd0
dffd3aae-0a11-4818-8f48-a7696b270e16,play_store,IN,Sulochana Devadiga,1,,"none of the riders bring change, they talk very rudely to the customers, they ask elderly people to do it fast",2026-07-19T12:09:28.713Z,0,18.9.3,https://play.google.com/store/apps/details?id=com.grofers.customerapp&reviewId=dffd3aae-0a11-4818-8f48-a7696b270e16
28346998-23e3-4561-b2b0-c8f9767234f8,play_store,IN,pottur ranjith,1,,worrest serives of blinkit customer service team and delivery partner team also im booked delivery of one product he send another item's delivery partner was as money showing the blinkit scanner payment is done im prepaid payment well do means also show ing the payment for delivery partner I well keep it's Mail means next Day call the customer service team members I well check it's solved the issue he tell but tell now not solved the issue worrest customer service team and delivery ptnr,2026-07-19T12:07:05.477Z,0,18.9.3,https://play.google.com/store/apps/details?id=com.grofers.customerapp&reviewId=28346998-23e3-4561-b2b0-c8f9767234f8
63303c1c-3e56-43b0-afc8-77f29a82e932,play_store,IN,Rahul Kori,5,,fantastic wow nice good,2026-07-19T12:06:27.569Z,0,18.9.3,https://play.google.com/store/apps/details?id=com.grofers.customerapp&reviewId=63303c1c-3e56-43b0-afc8-77f29a82e932
deff75e8-9535-4d14-b896-0bb6b84a089c,play_store,IN,Aryan Malla,5,,fast and humble delivery boy,2026-07-19T12:05:30.892Z,0,,https://play.google.com/store/apps/details?id=com.grofers.customerapp&reviewId=deff75e8-9535-4d14-b896-0bb6b84a089c
37ea53aa-b116-4f1f-90ba-a6c9563e791a,play_store,IN,Mrittika pal,3,,delivery charges takes very much,2026-07-19T12:04:52.368Z,0,,https://play.google.com/store/apps/details?id=com.grofers.customerapp&reviewId=37ea53aa-b116-4f1f-90ba-a6c9563e791a
4af20a25-467d-491d-8ff9-a5a9a67fbb5c,play_store,IN,Jiten Panchal,5,,Excellent shopping application.,2026-07-19T12:04:25.870Z,0,18.9.3,https://play.google.com/store/apps/details?id=com.grofers.customerapp&reviewId=4af20a25-467d-491d-8ff9-a5a9a67fbb5c
26c5c48d-53f1-448e-a407-5cd2e3697009,play_store,IN,Meera Yadav,5,,"great app, can be used especially in emergency",2026-07-19T12:02:50.103Z,0,18.9.3,https://play.google.com/store/apps/details?id=com.grofers.customerapp&reviewId=26c5c48d-53f1-448e-a407-5cd2e3697009
84deda85-80ff-4097-a58d-0749a7dfb27b,play_store,IN,Pankaj Yadav,1,,not goog options for give current location for new users,2026-07-19T12:02:44.183Z,0,18.7.0,https://play.google.com/store/apps/details?id=com.grofers.customerapp&reviewId=84deda85-80ff-4097-a58d-0749a7dfb27b
2ef9eebf-23b0-4769-bbb8-d89e4678d0d5,play_store,IN,Anshul Kumar,1,,they did not give the proper item. and also not talk on the customer service,2026-07-19T12:02:43.847Z,0,18.9.3,https://play.google.com/store/apps/details?id=com.grofers.customerapp&reviewId=2ef9eebf-23b0-4769-bbb8-d89e4678d0d5
b73fc153-56a4-4004-a661-9af09ae3c195,play_store,IN,jitupan daimary,1,,the product was delivered in the hand it was not even covered in any form of bag,2026-07-19T12:02:36.715Z,0,18.9.3,https://play.google.com/store/apps/details?id=com.grofers.customerapp&reviewId=b73fc153-56a4-4004-a661-9af09ae3c195
b8416633-f363-4cb1-a427-dd3344e2335e,play_store,IN,Harsha Chandan,4,,perfect app and fast delivery but i have I have noticed that the ice creams almost always come bad,2026-07-19T12:01:57.943Z,0,18.9.3,https://play.google.com/store/apps/details?id=com.grofers.customerapp&reviewId=b8416633-f363-4cb1-a427-dd3344e2335e
0f29c89e-f056-4b58-bdee-e83a5aa951fb,play_store,IN,Shikha Sharma,5,,very good excellent 👍👌,2026-07-19T12:01:50.617Z,0,18.9.3,https://play.google.com/store/apps/details?id=com.grofers.customerapp&reviewId=0f29c89e-f056-4b58-bdee-e83a5aa951fb
ea660379-0fc9-42e6-8da9-343ee27194e4,play_store,IN,Jayalakshmi v 20EN0358,1,,very worse experience this time I recieved ordering in blinkit the delivery man named saravanan was shouting like a hell i have placed correct address he doesn't know the address and started to shout after my brother came and spoked to him he became silent this is not the right manner to attend the customer if you want to earn money plz gooo to another job this platform is not for your egoistic character seriously i have ordered many times in blinkit but this is my worst experience.,2026-07-19T11:59:41.476Z,0,18.13.0,https://play.google.com/store/apps/details?id=com.grofers.customerapp&reviewId=ea660379-0fc9-42e6-8da9-343ee27194e4
5191f4b1-752d-4526-87da-4dcf8da6b607,play_store,IN,Tiyasa Sarkar,4,,I'm giving 4 stars because I actually buy a lot of things from here and genuinely love Blinkit because like other apps it doesn't take much time for delivery... butttt my problem is handling charges 🙃 whyyy that much wasss not so much but stillllllll 🥲🥲 any ways I love Blinkit ❤️,2026-07-19T11:57:30.111Z,0,18.9.3,https://play.google.com/store/apps/details?id=com.grofers.customerapp&reviewId=5191f4b1-752d-4526-87da-4dcf8da6b607
2fc31388-a3ad-41a3-981a-1c4dc16d306d,play_store,IN,Beauty Alice,5,,in Manali blinkit has improved their service a lot. now I am happy 😊,2026-07-19T11:57:17.772Z,0,18.9.3,https://play.google.com/store/apps/details?id=com.grofers.customerapp&reviewId=2fc31388-a3ad-41a3-981a-1c4dc16d306d
88b5cef7-36b2-41d8-ba53-3832dd9468a6,play_store,IN,Ankit Bhattkoti,5,,"Blinkit is very convenient for quick grocery and daily essentials delivery. The app is easy to use, delivery is usually fast, and I can find most items I need. A great option when you need something urgently without going to the store.",2026-07-19T11:56:49.121Z,0,18.7.0,https://play.google.com/store/apps/details?id=com.grofers.customerapp&reviewId=88b5cef7-36b2-41d8-ba53-3832dd9468a6
fa155905-e69b-4058-9db5-17542cdded48,play_store,IN,keshav sharma,1,,taking more then 20 minutes for 1km,2026-07-19T11:55:05.808Z,0,18.9.3,https://play.google.com/store/apps/details?id=com.grofers.customerapp&reviewId=fa155905-e69b-4058-9db5-17542cdded48
eeed774d-e50d-4f2e-834f-0af54608f1ee,play_store,IN,Saraswathy Vishwanathan (Rajani),1,,"DO NOT ORDER ANYTHING FROM BLINKIT NO CUSTOMER SUPPORT ORDERED ODOMOS MOSQUITO BAT RECEIVED DEFECTIVE PRODUCT CUSTOMER SERVICE IS OF NO HELP THEY ASSIGN AN EXECUTIVE, THE EXECUTIVE CLOSES THE COMPLAINT WITHOUT INTERACTING",2026-07-19T11:55:04.812Z,0,18.9.3,https://play.google.com/store/apps/details?id=com.grofers.customerapp&reviewId=eeed774d-e50d-4f2e-834f-0af54608f1ee
38034a47-859d-433f-bdce-b3eb5d952baa,play_store,IN,Roopa C,5,,it will nice quality products,2026-07-19T11:52:50.962Z,0,17.95.3,https://play.google.com/store/apps/details?id=com.grofers.customerapp&reviewId=38034a47-859d-433f-bdce-b3eb5d952baa
7710ece5-2711-4824-ae00-dfe348813445,play_store,IN,Dharmender Singh,5,,very fast sevice. well done,2026-07-19T11:51:28.789Z,0,18.7.0,https://play.google.com/store/apps/details?id=com.grofers.customerapp&reviewId=7710ece5-2711-4824-ae00-dfe348813445
fd921c25-83c7-4d85-98a7-cbc8c6ff5dd4,play_store,IN,BHARAT SONI,1,,no bag for delivering items ..just handled 6 items to me without a bag or a paper bag 😑,2026-07-19T11:50:08.769Z,0,,https://play.google.com/store/apps/details?id=com.grofers.customerapp&reviewId=fd921c25-83c7-4d85-98a7-cbc8c6ff5dd4
d667222b-4c73-470a-9475-1fcb1abbd2f1,play_store,IN,K. S Vineela reddy Vineela,5,,"⭐⭐⭐⭐⭐ Blinkit is one of the best quick delivery apps. The app is easy to use, products are available at good prices, and deliveries are usually very fast. The delivery partners are polite, and customer support is helpful whenever needed. It saves a lot of time, especially during emergencies. Highly recommended",2026-07-19T11:49:36.250Z,0,18.7.0,https://play.google.com/store/apps/details?id=com.grofers.customerapp&reviewId=d667222b-4c73-470a-9475-1fcb1abbd2f1
9440f416-abfc-4a9d-8e02-f92c5c8f721c,play_store,IN,Mustafa Shareef,5,,a very Good service really got more help while using the app for all purpose ☺️,2026-07-19T11:49:23.532Z,0,18.9.3,https://play.google.com/store/apps/details?id=com.grofers.customerapp&reviewId=9440f416-abfc-4a9d-8e02-f92c5c8f721c
f73e30f5-76f3-4f28-af94-bdf7a45cbbd6,play_store,IN,Chaitanya Sharma,2,,be humane to your delivery agent people,2026-07-19T11:47:21.721Z,1,18.13.0,https://play.google.com/store/apps/details?id=com.grofers.customerapp&reviewId=f73e30f5-76f3-4f28-af94-bdf7a45cbbd6
18238ad5-b3af-47d0-b7de-fe2646ea127c,play_store,IN,Sarita Chaturvedi,1,,never helped costumers with problems,2026-07-19T11:47:19.332Z,0,18.9.3,https://play.google.com/store/apps/details?id=com.grofers.customerapp&reviewId=18238ad5-b3af-47d0-b7de-fe2646ea127c
fa87c9f8-79d9-47ba-a222-3712374c77d9,play_store,IN,CHITTARANJAN BARICK,5,,save &seciour service to customers,2026-07-19T11:44:25.771Z,0,18.9.3,https://play.google.com/store/apps/details?id=com.grofers.customerapp&reviewId=fa87c9f8-79d9-47ba-a222-3712374c77d9
06020d3d-5380-44c3-81b8-d6ed5d93ff0b,play_store,IN,Rashmi Yadav,5,,best ever fast grocries and electronics things app .best ever app,2026-07-19T11:41:11.193Z,0,18.9.3,https://play.google.com/store/apps/details?id=com.grofers.customerapp&reviewId=06020d3d-5380-44c3-81b8-d6ed5d93ff0b
53a4e072-933a-4fa8-9af5-3f48e05dde71,play_store,IN,Antima Verma,5,,this platform is good but not refundable,2026-07-19T11:38:38.927Z,0,18.9.3,https://play.google.com/store/apps/details?id=com.grofers.customerapp&reviewId=53a4e072-933a-4fa8-9af5-3f48e05dde71
15e7a587-e105-495c-8975-72f384be5782,play_store,IN,Vijay Krishnan,5,,On time delivery before you Blink ☺️😎,2026-07-19T11:35:57.870Z,0,18.9.3,https://play.google.com/store/apps/details?id=com.grofers.customerapp&reviewId=15e7a587-e105-495c-8975-72f384be5782
29976859-6ca7-4d74-a26d-35a61181b9f4,play_store,IN,NEYAZ AHMAD,1,,very slow slow delivery in 47 minute later,2026-07-19T11:34:37.233Z,0,18.9.3,https://play.google.com/store/apps/details?id=com.grofers.customerapp&reviewId=29976859-6ca7-4d74-a26d-35a61181b9f4
ad014e65-003d-4ffb-9319-4be112f19f8e,play_store,IN,Asmit Sagar,5,,Good service and product are clean ans seel packaging,2026-07-19T11:33:59.681Z,0,18.9.3,https://play.google.com/store/apps/details?id=com.grofers.customerapp&reviewId=ad014e65-003d-4ffb-9319-4be112f19f8e
bf4cb989-71ad-4b48-9325-e957c6a2bfc6,play_store,IN,Sudha Singh,5,,kindly delivered right now,2026-07-19T11:33:24.880Z,0,18.9.3,https://play.google.com/store/apps/details?id=com.grofers.customerapp&reviewId=bf4cb989-71ad-4b48-9325-e957c6a2bfc6
8b33af7d-6ecf-4870-b2ed-b2eb48943a97,play_store,IN,Sushma Yadav,5,,very nice and good app,2026-07-19T11:32:53.975Z,0,18.9.3,https://play.google.com/store/apps/details?id=com.grofers.customerapp&reviewId=8b33af7d-6ecf-4870-b2ed-b2eb48943a97
e85f3970-3b91-4668-9702-ef7a1c42b9bf,play_store,IN,Prashant Awasthi,1,,The customer service is very poor. I ordered an wired earphone and it showed that it will magnetically snap. The issue was there and the functions were not as specific to the details mentioned still customer care denied change and asked to contact brand. i recommend to use zepto and other quick commerce and not blinkit.,2026-07-19T11:28:19.430Z,0,,https://play.google.com/store/apps/details?id=com.grofers.customerapp&reviewId=e85f3970-3b91-4668-9702-ef7a1c42b9bf
048cd7e7-c50b-408a-9e74-486c05ad94ea,play_store,IN,Rajinesh Yadav,5,,very best app and it's very useful for people's,2026-07-19T11:28:18.814Z,1,,https://play.google.com/store/apps/details?id=com.grofers.customerapp&reviewId=048cd7e7-c50b-408a-9e74-486c05ad94ea
77029413-b20a-4598-b6e3-d46c8e19e786,play_store,IN,Khushi Gupta,4,,just wow app love it ❤,2026-07-19T11:27:41.277Z,0,18.9.3,https://play.google.com/store/apps/details?id=com.grofers.customerapp&reviewId=77029413-b20a-4598-b6e3-d46c8e19e786
bf180530-7362-4818-9a29-909c08c33459,play_store,IN,Zaid Patel,5,,blinkit is peak asl. it did a good job coming in Nizamabad.,2026-07-19T11:27:24.782Z,0,18.9.3,https://play.google.com/store/apps/details?id=com.grofers.customerapp&reviewId=bf180530-7362-4818-9a29-909c08c33459
1afb8561-75ca-4afc-a24b-6aa241b94221,play_store,IN,ANJUGAM Anjugam,5,,nice app it's easy to use,2026-07-19T11:22:41.355Z,0,18.3.0,https://play.google.com/store/apps/details?id=com.grofers.customerapp&reviewId=1afb8561-75ca-4afc-a24b-6aa241b94221
6689d120-b6f2-4ac5-8a0a-7d6eed4b434e,play_store,IN,Vikas Kumar,5,,India's best app shopping app,2026-07-19T11:21:57.444Z,0,,https://play.google.com/store/apps/details?id=com.grofers.customerapp&reviewId=6689d120-b6f2-4ac5-8a0a-7d6eed4b434e
3818fbd2-f232-4c6b-b6d2-6addd614ad06,play_store,IN,Kushal Kumawat,5,,"Great experience with the customer support team! I had to return an unstable laptop table, and the executive was very helpful in resolving the issue quickly, arranging a pickup, and processing a full refund back to my original payment source without any hassle. Super fast service.",2026-07-19T11:21:03.411Z,0,18.9.3,https://play.google.com/store/apps/details?id=com.grofers.customerapp&reviewId=3818fbd2-f232-4c6b-b6d2-6addd614ad06
55c83b64-609d-4571-b093-390af80bab47,play_store,IN,vishnu vardhan,1,,very worst service unable find words to describe their worst service,2026-07-19T11:20:39.982Z,0,18.13.0,https://play.google.com/store/apps/details?id=com.grofers.customerapp&reviewId=55c83b64-609d-4571-b093-390af80bab47
dc766af1-1ae4-43a3-bfaa-69a524cac7e4,play_store,IN,Jahnavi Dhawan,1,,very bad explanation,2026-07-19T11:20:39.513Z,0,17.87.0,https://play.google.com/store/apps/details?id=com.grofers.customerapp&reviewId=dc766af1-1ae4-43a3-bfaa-69a524cac7e4
93fbca80-d34a-4f36-8a1a-41f68955bd4c,play_store,IN,Viraj Chauchan,4,,great timing but delivery boys are so rude and also they don't were uniform,2026-07-19T11:19:27.266Z,0,18.9.3,https://play.google.com/store/apps/details?id=com.grofers.customerapp&reviewId=93fbca80-d34a-4f36-8a1a-41f68955bd4c
90b42cf4-5691-40e4-935a-ee24ef328e97,play_store,IN,amit singh,1,,the service boy is very arrogant didn't even came upstairs on 3rd floor to deliver item saying come down i will not come up or i will return the items.. pathetic,2026-07-19T11:18:55.390Z,0,18.9.3,https://play.google.com/store/apps/details?id=com.grofers.customerapp&reviewId=90b42cf4-5691-40e4-935a-ee24ef328e97
9c9481a1-b1a4-4b91-9def-380e2a23319f,play_store,IN,Prajwal S G,5,,very handy and useful at difficult times. options are plenty and all immediate daily and instant needs are satified,2026-07-19T11:18:48.236Z,0,18.9.3,https://play.google.com/store/apps/details?id=com.grofers.customerapp&reviewId=9c9481a1-b1a4-4b91-9def-380e2a23319f
4fd1f565-31a4-4a21-9e29-a9224e2e5e17,play_store,IN,Nuzhat Jahan,5,,free ambulance service....❤️blinkit ...we will be your faithful customer throughout our life ...keep it up...highly appreciated 🙏,2026-07-19T11:17:33.381Z,0,18.13.0,https://play.google.com/store/apps/details?id=com.grofers.customerapp&reviewId=4fd1f565-31a4-4a21-9e29-a9224e2e5e17
65bf4876-da0d-4e90-956c-99fbb513a261,play_store,IN,Ranjan Arya,4,,the app is good but it doesn't deliver to my locality but it delivers to the areas which is 4 km apart so I wanted this app in ranipatra my locality because it has a variety of products from snacks to daily essentials so I request you to please deliver in my area.,2026-07-19T11:14:02.586Z,0,18.9.3,https://play.google.com/store/apps/details?id=com.grofers.customerapp&reviewId=65bf4876-da0d-4e90-956c-99fbb513a261
96ad2fc7-8991-4c15-b12a-f293b3cad8d8,play_store,IN,yogesh chaudhary,5,,good 👍☺️ good 😊💯😊💯😊😊 7,2026-07-19T11:13:47.914Z,0,18.9.3,https://play.google.com/store/apps/details?id=com.grofers.customerapp&reviewId=96ad2fc7-8991-4c15-b12a-f293b3cad8d8
80c58a44-3907-484d-a426-d53e0a2728ec,play_store,IN,nitish kumar,2,,handling charges very high hai. aur kam quantity wala saman kam milta hai isme. 200 se kam me high delivery charge leta hai. isko thik karna chaiye,2026-07-19T11:10:29.746Z,0,17.97.2,https://play.google.com/store/apps/details?id=com.grofers.customerapp&reviewId=80c58a44-3907-484d-a426-d53e0a2728ec
f2650e7b-2ebb-49c4-8703-8408230b4b16,play_store,IN,Maya Pandey,1,,very good service and very nice aap,2026-07-19T11:09:58.724Z,0,18.9.3,https://play.google.com/store/apps/details?id=com.grofers.customerapp&reviewId=f2650e7b-2ebb-49c4-8703-8408230b4b16
1f913adc-d714-4c52-9073-8cf625b52288,play_store,IN,Simran Nisha,5,,Best app for emergency ♨️,2026-07-19T11:07:41.176Z,0,18.9.3,https://play.google.com/store/apps/details?id=com.grofers.customerapp&reviewId=1f913adc-d714-4c52-9073-8cf625b52288
6c801317-b191-4eff-a794-d876178228e6,play_store,IN,Rutik Gaikwad,5,,Best experience ever,2026-07-19T11:06:19.290Z,0,17.97.3,https://play.google.com/store/apps/details?id=com.grofers.customerapp&reviewId=6c801317-b191-4eff-a794-d876178228e6
157d885a-90e1-4024-948b-9b0fc82166b8,play_store,IN,Sumit Thapliyal,1,,"Dont purchase eating items from here like dryfruits, fruits",2026-07-19T11:05:01.346Z,1,18.9.3,https://play.google.com/store/apps/details?id=com.grofers.customerapp&reviewId=157d885a-90e1-4024-948b-9b0fc82166b8
c152a3ef-9485-4f7e-a59d-08fddaace956,play_store,IN,Lucky Chauhan,1,,because of you high amount fee,2026-07-19T11:04:28.678Z,0,18.9.3,https://play.google.com/store/apps/details?id=com.grofers.customerapp&reviewId=c152a3ef-9485-4f7e-a59d-08fddaace956
0f329e83-5345-4133-a4f6-66c4bfe83237,play_store,IN,Sarojini Hira,3,,this time milk amul gold was no gud . chicken was also no good. can I return chicken pack?,2026-07-19T11:03:40.565Z,0,18.9.3,https://play.google.com/store/apps/details?id=com.grofers.customerapp&reviewId=0f329e83-5345-4133-a4f6-66c4bfe83237
8cc5786a-47d9-4a06-ae38-268f4ddc1e03,play_store,IN,Devraj Purohit,4,,i am giving blinkit a 4 star just because if someone ordered something and by chance he ordered something wrong or he changed his dicision within the delivery boy assign but he cannot cancel the order and the 'help option' also dint help in cancelling order at last we have to call the delivery person and he is the one who could cancel the order by talking to his (management) but if he couldn't so he had to wait for atleast 15 to 20 min for a single call .blinkit gave option for cancellation,2026-07-19T10:57:13.230Z,0,,https://play.google.com/store/apps/details?id=com.grofers.customerapp&reviewId=8cc5786a-47d9-4a06-ae38-268f4ddc1e03
cab15e73-aff0-4415-aebd-abc419731119,play_store,IN,Jitendra Pandey,1,,"Worst app and the worst customer service. I received an incomplete item and shared all the necessary details, including the required photos and order information, but the customer support team did nothing to resolve my issue. Instead of taking responsibility, they simply refused to help. This was a very disappointing experience, and I expected much better service. I won't be using this app again, and I cannot recommend it to anyone.",2026-07-19T10:55:27.307Z,0,,https://play.google.com/store/apps/details?id=com.grofers.customerapp&reviewId=cab15e73-aff0-4415-aebd-abc419731119
4df74036-0964-4338-8415-eb154311b59a,play_store,IN,Vinutha Ravula,5,,helpful app but include all items to be good and price a little less,2026-07-19T10:54:23.666Z,0,18.9.3,https://play.google.com/store/apps/details?id=com.grofers.customerapp&reviewId=4df74036-0964-4338-8415-eb154311b59a
c88c5f5c-1099-4e1e-932e-a3f8f9969d85,play_store,IN,Vinod Sharma,5,,very good blanket expensive items 🤌🤌,2026-07-19T10:53:37.671Z,0,18.9.3,https://play.google.com/store/apps/details?id=com.grofers.customerapp&reviewId=c88c5f5c-1099-4e1e-932e-a3f8f9969d85
a8a7ecac-1aa5-4063-8075-33077bc4e06d,play_store,IN,Mahesh R,1,,delivering Rotten items late often.,2026-07-19T10:53:29.856Z,0,18.9.3,https://play.google.com/store/apps/details?id=com.grofers.customerapp&reviewId=a8a7ecac-1aa5-4063-8075-33077bc4e06d
28a6e59a-7d41-49df-80e1-b8d3ede40e5f,play_store,IN,Md khurshid Alam,3,,it is taking too much time I ran late for my tution,2026-07-19T10:50:19.316Z,0,18.9.3,https://play.google.com/store/apps/details?id=com.grofers.customerapp&reviewId=28a6e59a-7d41-49df-80e1-b8d3ede40e5f
c4770659-13a6-42bd-9cdb-1a5b9258e8c5,play_store,IN,Moksh Rana,5,,it's is fast and really helpful,2026-07-19T10:49:32.798Z,0,18.9.3,https://play.google.com/store/apps/details?id=com.grofers.customerapp&reviewId=c4770659-13a6-42bd-9cdb-1a5b9258e8c5
63d13186-e817-44e4-904e-da458c4fd4cf,play_store,IN,Nisha Upadhyay,1,,"the riders are argumative , the mangaers lie on the face , the whole app is a scam",2026-07-19T10:49:32.282Z,0,18.9.3,https://play.google.com/store/apps/details?id=com.grofers.customerapp&reviewId=63d13186-e817-44e4-904e-da458c4fd4cf
e2e6abf3-fa30-4bde-a1d9-6b8032369cc6,play_store,IN,Diganta Deka,5,,thise is nice app 👌 👍,2026-07-19T10:49:04.460Z,0,18.9.3,https://play.google.com/store/apps/details?id=com.grofers.customerapp&reviewId=e2e6abf3-fa30-4bde-a1d9-6b8032369cc6
b0b91df9-7663-45c1-86d8-f16a010a028b,play_store,IN,Abhishek Khandelwal,1,,Delivery boy never had change money,2026-07-19T10:48:33.820Z,0,18.9.3,https://play.google.com/store/apps/details?id=com.grofers.customerapp&reviewId=b0b91df9-7663-45c1-86d8-f16a010a028b
163a6688-66bb-46ef-9f1f-4b72024f4729,play_store,IN,Poonnam PU Deshmuukh,5,,In some times the order gets above 10 minutes,2026-07-19T10:48:32.490Z,0,18.9.3,https://play.google.com/store/apps/details?id=com.grofers.customerapp&reviewId=163a6688-66bb-46ef-9f1f-4b72024f4729
729b84e8-e7f7-4ff5-9c65-d20f80bb90ea,play_store,IN,Anand Yadav,5,,Good and convenient app,2026-07-19T10:48:02.690Z,0,18.9.3,https://play.google.com/store/apps/details?id=com.grofers.customerapp&reviewId=729b84e8-e7f7-4ff5-9c65-d20f80bb90ea
a992370d-83da-47cc-9a9e-a6995ba2bf63,play_store,IN,Syeda Azeem,5,,handling charges are increased again,2026-07-19T10:47:06.856Z,0,,https://play.google.com/store/apps/details?id=com.grofers.customerapp&reviewId=a992370d-83da-47cc-9a9e-a6995ba2bf63
032c09f0-acd8-4578-822b-e2223e94c778,play_store,IN,Narendra,1,,"If your amount deducts twice you can't get return, no customer support. The bot don't even understand the users problem just rotates around the given options only. worst customer support.",2026-07-19T10:46:40.400Z,0,,https://play.google.com/store/apps/details?id=com.grofers.customerapp&reviewId=032c09f0-acd8-4578-822b-e2223e94c778
26e6b270-1f75-4286-bad5-ac5a76168a1e,play_store,IN,Varidhi Baid,5,,"Products are good. But need more nicer delivery partner. now, I'm editing. it's nice, developed and really helpful in emergencies!",2026-07-19T10:46:35.444Z,0,18.9.3,https://play.google.com/store/apps/details?id=com.grofers.customerapp&reviewId=26e6b270-1f75-4286-bad5-ac5a76168a1e
7b933425-2ba8-429b-a6ce-03cb37a66ddf,play_store,IN,IMRAN SIDDIQUI,5,,very good app. good service. quick response. 👍👌,2026-07-19T10:42:29.532Z,0,18.9.3,https://play.google.com/store/apps/details?id=com.grofers.customerapp&reviewId=7b933425-2ba8-429b-a6ce-03cb37a66ddf
3e7aa4b1-bf48-4e50-9bd8-e6f3c7f10162,play_store,IN,Abcd,1,,blinkit dilevery persons are very rude. they don't have civic sense,2026-07-19T10:42:00.756Z,0,,https://play.google.com/store/apps/details?id=com.grofers.customerapp&reviewId=3e7aa4b1-bf48-4e50-9bd8-e6f3c7f10162
25ec9578-f048-4627-8333-e77d4e502bed,play_store,IN,Shubham Sakhla,1,,not able place order not any payment method work properly,2026-07-19T10:41:47.618Z,0,,https://play.google.com/store/apps/details?id=com.grofers.customerapp&reviewId=25ec9578-f048-4627-8333-e77d4e502bed
ef9c8e2f-403f-487a-bb31-40503238f632,play_store,IN,Prince Pavan,5,,very easy and good apk I like it this apk,2026-07-19T10:41:39.737Z,0,18.9.3,https://play.google.com/store/apps/details?id=com.grofers.customerapp&reviewId=ef9c8e2f-403f-487a-bb31-40503238f632
e06acffb-1827-43bd-a80b-77f4de5790ce,play_store,IN,Sukh Brar,5,,fastest delivery... 🙏 thanks,2026-07-19T10:40:17.140Z,0,18.13.0,https://play.google.com/store/apps/details?id=com.grofers.customerapp&reviewId=e06acffb-1827-43bd-a80b-77f4de5790ce
af84c189-db93-472b-a5ec-4dd0888ef90c,play_store,IN,Sudha Elumalai,1,,"such a cheap management.. my order wasn't being delivered.. and the delivery agent was being so rude and behavioral issues with the delivery agent, as I did report the blinkit support and the customer care support is supporting their delivery partner, don't know how to speak proper English and being so rude over the call and telling that she can't transfer the call who speaks English. don't know how to respect... such a cheap agents blinkit has.",2026-07-19T10:39:08.251Z,0,18.9.3,https://play.google.com/store/apps/details?id=com.grofers.customerapp&reviewId=af84c189-db93-472b-a5ec-4dd0888ef90c
3cbd3e55-6cd8-4650-ab38-2116acf1c73c,play_store,IN,Shivani Machal,3,,hii team blinkit is very smooth rate❤️,2026-07-19T10:39:07.488Z,0,18.9.3,https://play.google.com/store/apps/details?id=com.grofers.customerapp&reviewId=3cbd3e55-6cd8-4650-ab38-2116acf1c73c
392066fe-26a2-4ff0-b3a2-0b4a0fefaf70,play_store,IN,Parbhat Passi,1,,not available in my area,2026-07-19T10:38:53.400Z,0,,https://play.google.com/store/apps/details?id=com.grofers.customerapp&reviewId=392066fe-26a2-4ff0-b3a2-0b4a0fefaf70
07cf0e69-032a-4882-b9c4-f624aaad1368,play_store,IN,Kavita Raikwar,1,,price bahut jada hai sasti cheez bhi mehengi mil rahi hai aap iska kuch kijiye mujhe bhut bura laga bo to maggie khane ka jada hi man hora tha isliye Dene pade lekin aaj k baad nahi mangaugi bht mehenga hai bye,2026-07-19T10:37:25.413Z,0,18.7.0,https://play.google.com/store/apps/details?id=com.grofers.customerapp&reviewId=07cf0e69-032a-4882-b9c4-f624aaad1368
6376baae-841f-4995-b79e-d765ea4b3182,play_store,IN,sanjay yadav,5,,It's true that Blinkit is everyone's last minute app😅 and a great time saver but also it has to improve with delaying skills like a request to blink it that please don't delay orders,2026-07-19T10:36:46.397Z,0,18.9.3,https://play.google.com/store/apps/details?id=com.grofers.customerapp&reviewId=6376baae-841f-4995-b79e-d765ea4b3182
ee28f206-ab66-4df9-bae0-2e524bdfac6c,play_store,IN,Santosh Tiwari,5,,very nice app superb,2026-07-19T10:35:25.690Z,0,18.9.3,https://play.google.com/store/apps/details?id=com.grofers.customerapp&reviewId=ee28f206-ab66-4df9-bae0-2e524bdfac6c
3dcc9955-edba-45da-9fa2-975f7c3d03e4,play_store,IN,Akash Bansod,1,,"If you deliver the wrong item and it's not what you need, is there any system to return it or not? Or are you just forcing it on me? It's a dumb, stupid thing.",2026-07-19T10:34:19.335Z,0,17.89.1,https://play.google.com/store/apps/details?id=com.grofers.customerapp&reviewId=3dcc9955-edba-45da-9fa2-975f7c3d03e4
7370ea4a-48c8-4b9c-843c-becd96ecbaeb,play_store,IN,Shoteer Rohit,5,,na langa puku lo apps,2026-07-19T10:31:44.406Z,0,,https://play.google.com/store/apps/details?id=com.grofers.customerapp&reviewId=7370ea4a-48c8-4b9c-843c-becd96ecbaeb
f4c0f9bf-0daf-4d50-8653-c418aaeaf25e,play_store,IN,Rakesh Dhar,5,,good but still it has two months I haven't received cashback for one of my orders yet.,2026-07-19T10:30:47.555Z,0,18.9.3,https://play.google.com/store/apps/details?id=com.grofers.customerapp&reviewId=f4c0f9bf-0daf-4d50-8653-c418aaeaf25e
e2cf4a4c-92da-47fb-9d6f-e16e9eb1dc45,play_store,IN,Neeraj Kumar,1,,very poor quality and not refund my money back 😭 and not taking blinkit assistant very bad assistant,2026-07-19T10:29:48.476Z,0,18.9.3,https://play.google.com/store/apps/details?id=com.grofers.customerapp&reviewId=e2cf4a4c-92da-47fb-9d6f-e16e9eb1dc45
7762a711-694f-4ce4-8999-d5fc9ec48791,play_store,IN,Priyanka Sav,1,,"I am extremely disappointed with the service experience I have received. The handling of my order was unprofessional and unacceptable. The order was cancelled from your end, and despite that, I was informed that cancellation charges would still apply. This is not a fair or reasonable practice, especially when the cancellation was not initiated by me. Such an experience raises serious concerns about the reliability and transparency of your service. Customers expect accountability pathetic work.",2026-07-19T10:29:33.773Z,0,,https://play.google.com/store/apps/details?id=com.grofers.customerapp&reviewId=7762a711-694f-4ce4-8999-d5fc9ec48791
12c3cb7f-bcb2-402e-bd0c-74dbfbc5bd8f,play_store,IN,Sagar Sharma,5,,best app for everyone,2026-07-19T10:26:18.606Z,0,18.9.3,https://play.google.com/store/apps/details?id=com.grofers.customerapp&reviewId=12c3cb7f-bcb2-402e-bd0c-74dbfbc5bd8f
63c3c424-498c-41f1-86fd-1276f907b54c,play_store,IN,Ashu,5,,this is a very good app and it comes 😄 my home within 5 minute,2026-07-19T10:26:04.531Z,0,18.9.3,https://play.google.com/store/apps/details?id=com.grofers.customerapp&reviewId=63c3c424-498c-41f1-86fd-1276f907b54c
7d85e18f-30b0-4835-ad05-cc8bf31d1ede,play_store,IN,Tushar Kumar,1,,worst delivery experience,2026-07-19T10:23:22.416Z,0,18.7.0,https://play.google.com/store/apps/details?id=com.grofers.customerapp&reviewId=7d85e18f-30b0-4835-ad05-cc8bf31d1ede
aa0a1957-b279-44b3-87a1-4af0c697b665,play_store,IN,Saurabh,5,,Fast furious services..little expensive but good,2026-07-19T10:22:35.176Z,1,18.9.3,https://play.google.com/store/apps/details?id=com.grofers.customerapp&reviewId=aa0a1957-b279-44b3-87a1-4af0c697b665
b1fbab81-4100-40e5-bf97-0718cb854986,play_store,IN,RADHE SINDHIYA,5,,Hi k 👋🏻👋🏻👋🏻 will I ocrcv lp,2026-07-19T10:22:19.591Z,0,,https://play.google.com/store/apps/details?id=com.grofers.customerapp&reviewId=b1fbab81-4100-40e5-bf97-0718cb854986
b3f14e5b-6264-4779-b94f-42206320db47,play_store,IN,Sri Dinesh,4,,let's become lazzyyyy,2026-07-19T10:19:13.866Z,0,18.9.3,https://play.google.com/store/apps/details?id=com.grofers.customerapp&reviewId=b3f14e5b-6264-4779-b94f-42206320db47
a31f275e-00a1-498b-a791-80fdd6b06881,play_store,IN,Tani Basu,1,,Two Amul lassi packs came sealed from top but tampered from bottom and empty.,2026-07-19T10:17:13.683Z,0,,https://play.google.com/store/apps/details?id=com.grofers.customerapp&reviewId=a31f275e-00a1-498b-a791-80fdd6b06881
4aba2ed5-21e2-4480-8a0d-5aa3de5950d6,play_store,IN,Sikandra Kumar,5,,it says only 10 min but it delivered at 15 to 35 min but it is good for instant orders,2026-07-19T10:15:45.898Z,0,18.9.3,https://play.google.com/store/apps/details?id=com.grofers.customerapp&reviewId=4aba2ed5-21e2-4480-8a0d-5aa3de5950d6
8fcd611c-ddeb-440c-b082-b7faa66e5807,play_store,IN,TOSHIT PARIHAR,5,,i live this app after opening in my area,2026-07-19T10:13:07.999Z,0,18.9.3,https://play.google.com/store/apps/details?id=com.grofers.customerapp&reviewId=8fcd611c-ddeb-440c-b082-b7faa66e5807
b67ae900-6c86-4579-b790-b8fca40bebb8,play_store,IN,Max Don,3,,first time order delivery going to feedback,2026-07-19T10:10:57.338Z,1,18.9.3,https://play.google.com/store/apps/details?id=com.grofers.customerapp&reviewId=b67ae900-6c86-4579-b790-b8fca40bebb8
6c40da51-2746-4727-913e-45aebcdb60c4,play_store,IN,kathir vel,1,,very worst made me to add money on wallet and not placing orders,2026-07-19T10:09:35.890Z,0,,https://play.google.com/store/apps/details?id=com.grofers.customerapp&reviewId=6c40da51-2746-4727-913e-45aebcdb60c4
b8c81c4a-5705-4d7f-824c-b97e65ab3b91,play_store,IN,Raju Kumar,1,,very poor and pathetic .. u gave fault and used product and didn't replaced.. never by any electronic from blink it.. never ever. aur customer support wale to land hai ek number ke,2026-07-19T10:08:04.960Z,0,18.9.3,https://play.google.com/store/apps/details?id=com.grofers.customerapp&reviewId=b8c81c4a-5705-4d7f-824c-b97e65ab3b91
d1c5f380-864a-40d7-9708-ae95be04a724,play_store,IN,Dev,5,,main kbhi isse kuch nhi karuda per main free blinkint ambulance service se khush hun,2026-07-19T10:06:27.313Z,0,,https://play.google.com/store/apps/details?id=com.grofers.customerapp&reviewId=d1c5f380-864a-40d7-9708-ae95be04a724
152b5ece-6df7-473e-b1c6-c55a79954cc8,play_store,IN,A Tapan Kumar Senapati,1,,"customer care is not resolving the issue while always they assure that next time it will not happen the same ,10-12 time i seen the same. i think deepinder told to team like that..... but it is good when company is growing ... what ever to the customer... slow claps deepi",2026-07-19T10:04:39.371Z,0,18.9.3,https://play.google.com/store/apps/details?id=com.grofers.customerapp&reviewId=152b5ece-6df7-473e-b1c6-c55a79954cc8
50d50f90-329b-4a80-ba29-db4c782b7b35,play_store,IN,Guru Ka Gyan Mantra,1,,There is no service to return the product. you have to keep the product despite it's not useful. Blinkit should start service of return the product if the product being delivered incorrect or defected product. I ordered a charger but it is not the same as I wanted. Blinkit denied to return the product because there is no such type of policy on purcha8the highly costly products. In today's era the world is in its transformation stage where you can't impose your disgusting policies.,2026-07-19T10:04:34.197Z,0,,https://play.google.com/store/apps/details?id=com.grofers.customerapp&reviewId=50d50f90-329b-4a80-ba29-db4c782b7b35
7e0ad05a-177d-48fe-a56d-f1c87deaf24e,play_store,IN,Manjit saini,5,,"समय पर डिलीवरी,और पूरा सामान केवल डिलवरी boys को घर पर डिलीवरी देने में दिक्कत घर के पास आकर वहां आने को बोलते है पहले लेकिन अगर आप न मानो तो घर आ जाते हैं",2026-07-19T10:03:33.990Z,0,18.9.3,https://play.google.com/store/apps/details?id=com.grofers.customerapp&reviewId=7e0ad05a-177d-48fe-a56d-f1c87deaf24e
e494c925-be41-4e26-a98d-4e064fbb0977,play_store,IN,Murtaza Abdulla,1,,"biggest scam in 2026, your total charges are ridiculous, dosent make any sense to pay handling fee or low cart fee seperately, if am paying for delivery fee as well.... my 120 rs items are costing 200 after all these... thats daylight robbery... FYI learn something from ZEPTO.",2026-07-19T10:03:31.913Z,0,,https://play.google.com/store/apps/details?id=com.grofers.customerapp&reviewId=e494c925-be41-4e26-a98d-4e064fbb0977
dda6691c-a3ba-4d5d-947b-db4716abc214,play_store,IN,Ayesha Ehtesham,4,,very very nice and good 😊,2026-07-19T10:00:00.559Z,0,18.9.3,https://play.google.com/store/apps/details?id=com.grofers.customerapp&reviewId=dda6691c-a3ba-4d5d-947b-db4716abc214
50bf4246-8f34-430d-bacf-5ccbce7c3efc,play_store,IN,DEEPAK THAKUR,5,,Best service they're providing. So convenient.,2026-07-19T09:58:22.343Z,0,18.9.3,https://play.google.com/store/apps/details?id=com.grofers.customerapp&reviewId=50bf4246-8f34-430d-bacf-5ccbce7c3efc
d55d68de-b953-489e-9704-8e680ec465f1,play_store,IN,K.B.M K.B.M,1,,"all these bad web loading And orders cannot be placed for anything less than Rs 126, please either buy it from local or remove this pricing order, orders cannot be placed for anything less than Rs 126.",2026-07-19T09:55:51.280Z,0,,https://play.google.com/store/apps/details?id=com.grofers.customerapp&reviewId=d55d68de-b953-489e-9704-8e680ec465f1
abf7a7f2-079b-4e68-b8fb-799a1e20dff2,play_store,IN,Kushal,5,,Veryyyyy nice.......,2026-07-19T09:55:43.390Z,0,18.9.3,https://play.google.com/store/apps/details?id=com.grofers.customerapp&reviewId=abf7a7f2-079b-4e68-b8fb-799a1e20dff2
a06d2aab-98e7-43db-ac5d-0ef83e92d252,play_store,IN,raj ranjan,4,,nice aap for instant delivery,2026-07-19T09:50:58.328Z,0,18.9.3,https://play.google.com/store/apps/details?id=com.grofers.customerapp&reviewId=a06d2aab-98e7-43db-ac5d-0ef83e92d252
8a9c050f-554f-4b0a-aaa7-443bfe352f5e,play_store,IN,vaman shanbhag,1,,low quality products,2026-07-19T09:49:55.792Z,0,18.9.3,https://play.google.com/store/apps/details?id=com.grofers.customerapp&reviewId=8a9c050f-554f-4b0a-aaa7-443bfe352f5e
ac297dfb-83d3-478a-8133-08cf1081cd03,play_store,IN,Gaurav Kumar,1,,Blinkit has started scamming people hence giving a single rating hence uninstalling the app further. Also support team is just to waste your time.,2026-07-19T09:47:54.849Z,1,18.13.0,https://play.google.com/store/apps/details?id=com.grofers.customerapp&reviewId=ac297dfb-83d3-478a-8133-08cf1081cd03
8f247a20-1486-480f-9c7a-a3b3e30f3f4c,play_store,IN,Santosh prajapati,5,,very good service thanks 👍,2026-07-19T09:47:51.225Z,0,18.9.3,https://play.google.com/store/apps/details?id=com.grofers.customerapp&reviewId=8f247a20-1486-480f-9c7a-a3b3e30f3f4c
7f0ce354-d89b-4a14-b16b-64a331096391,play_store,IN,Dhananjay Singh,5,,super app blanket very good service and timely delivery or product very well,2026-07-19T09:46:02.716Z,0,18.13.0,https://play.google.com/store/apps/details?id=com.grofers.customerapp&reviewId=7f0ce354-d89b-4a14-b16b-64a331096391
ef7470c7-9c5c-43e3-aee4-7b64e247a548,play_store,IN,kurmapu srividya,1,,worst and very bad service,2026-07-19T09:43:52.301Z,0,18.9.3,https://play.google.com/store/apps/details?id=com.grofers.customerapp&reviewId=ef7470c7-9c5c-43e3-aee4-7b64e247a548
4e9d6b4d-67d1-4bc9-8fd3-d6cfbf5af550,play_store,IN,Usha Rani,1,,product is heavy range,2026-07-19T09:40:38.404Z,0,18.7.0,https://play.google.com/store/apps/details?id=com.grofers.customerapp&reviewId=4e9d6b4d-67d1-4bc9-8fd3-d6cfbf5af550
f17ed715-a62f-40fb-84c6-8394abae3fd9,play_store,IN,Dolly Gupta,5,,i ordered a medicine a doctor consultation call received which is really nice. Thank you Blink it,2026-07-19T09:39:27.602Z,0,,https://play.google.com/store/apps/details?id=com.grofers.customerapp&reviewId=f17ed715-a62f-40fb-84c6-8394abae3fd9
de7908f5-106d-49e2-ab9d-e7a3e283eff7,play_store,IN,Divyanshi Sahu,5,,Best 10mins delivery app ever,2026-07-19T09:37:13.477Z,0,18.9.3,https://play.google.com/store/apps/details?id=com.grofers.customerapp&reviewId=de7908f5-106d-49e2-ab9d-e7a3e283eff7
f1428c0b-4fc1-4ff3-a69a-b27e65087629,play_store,IN,sonam kumari,5,,it is very good and everything is available is the app,2026-07-19T09:35:52.970Z,0,18.9.3,https://play.google.com/store/apps/details?id=com.grofers.customerapp&reviewId=f1428c0b-4fc1-4ff3-a69a-b27e65087629
37888731-7234-4d73-97c7-dfbf2eb1c1d8,play_store,IN,Beenu Bhadauriya,5,,extremely excellent service impressed 👍,2026-07-19T09:33:25.987Z,0,18.9.3,https://play.google.com/store/apps/details?id=com.grofers.customerapp&reviewId=37888731-7234-4d73-97c7-dfbf2eb1c1d8
3aa31236-b1f7-4101-aef1-57591584ebd4,play_store,IN,Shabana,4,,really good and fast service,2026-07-19T09:33:03.918Z,0,,https://play.google.com/store/apps/details?id=com.grofers.customerapp&reviewId=3aa31236-b1f7-4101-aef1-57591584ebd4
2adff9d7-425d-47ce-872e-7ffda262dac5,play_store,IN,Niyati Sapariya,1,,Not following delivery instructions,2026-07-19T09:31:41.547Z,0,17.99.1,https://play.google.com/store/apps/details?id=com.grofers.customerapp&reviewId=2adff9d7-425d-47ce-872e-7ffda262dac5
85cdcda2-6ced-4b5f-af5b-b9238d68b7e9,play_store,IN,Gaurav Bhanderi,2,,very bad product and company,2026-07-19T09:29:18.689Z,0,,https://play.google.com/store/apps/details?id=com.grofers.customerapp&reviewId=85cdcda2-6ced-4b5f-af5b-b9238d68b7e9
1ade35a0-58eb-4045-967e-e8bf4c1e1bf3,play_store,IN,sarita joshi,5,,"Awesome, it was raining heavily, but the delivery is excellent",2026-07-19T09:28:26.971Z,0,18.9.3,https://play.google.com/store/apps/details?id=com.grofers.customerapp&reviewId=1ade35a0-58eb-4045-967e-e8bf4c1e1bf3
836b7990-2148-4870-8e02-ba5c23db5adf,play_store,IN,REYANSH SINGH,1,,"sabse bekaar hai, ek earbuds liya tha mene aur uspe 7 days replacement bhi tha, lekin ek shruti naam ki ladki nai replace karne ke liye mana kar diya. pls don't buy anything from blinkit.",2026-07-19T09:24:51.197Z,0,,https://play.google.com/store/apps/details?id=com.grofers.customerapp&reviewId=836b7990-2148-4870-8e02-ba5c23db5adf
63f70955-8cf8-4e10-b12f-e9d5e1fc615c,play_store,IN,Pampa Banerjee,5,,Incredible App for working people,2026-07-19T09:24:43.800Z,0,18.7.0,https://play.google.com/store/apps/details?id=com.grofers.customerapp&reviewId=63f70955-8cf8-4e10-b12f-e9d5e1fc615c
fb3a50a8-7696-4204-bdca-49d132677dd3,play_store,IN,Diksha Mehra,5,,plz cash return rkha kijiye,2026-07-19T09:24:02.755Z,0,18.9.3,https://play.google.com/store/apps/details?id=com.grofers.customerapp&reviewId=fb3a50a8-7696-4204-bdca-49d132677dd3
c678eb42-3525-4454-aeed-16359891acc2,play_store,IN,anurag bhadula,1,,i think just like toing swinggy zomato this app has also started voating to customer below tge bet how can someone validate surge in demand furt thet discounting an then bogusly add demamd surge charges to make item at par. the only thing one use is to get some thinh delived back to home,2026-07-19T09:20:31.777Z,0,18.3.0,https://play.google.com/store/apps/details?id=com.grofers.customerapp&reviewId=c678eb42-3525-4454-aeed-16359891acc2
0f398f4f-984c-4123-b80e-92f8d0d2463a,play_store,IN,Pankaj Jungleboy,1,,why there is handling charges,2026-07-19T09:20:20.290Z,0,17.97.3,https://play.google.com/store/apps/details?id=com.grofers.customerapp&reviewId=0f398f4f-984c-4123-b80e-92f8d0d2463a
9be51cd3-2ae4-4d38-b747-b635a560fdfd,play_store,IN,Srinivasan Radhakrishnan,5,,"one click order next minute on my door step very fasttttttttttravel.,Thankyou.",2026-07-19T09:16:08.911Z,0,18.9.3,https://play.google.com/store/apps/details?id=com.grofers.customerapp&reviewId=9be51cd3-2ae4-4d38-b747-b635a560fdfd
7aa5c6e3-4bea-4a6f-a6d5-df0da61118df,play_store,IN,Pranjali Gajbhiye,3,,mostly good products are out of stock,2026-07-19T09:15:12.262Z,0,18.9.3,https://play.google.com/store/apps/details?id=com.grofers.customerapp&reviewId=7aa5c6e3-4bea-4a6f-a6d5-df0da61118df
f3b530b9-212b-4c14-806b-de16ae63c25f,play_store,IN,Md Shah Fahad,1,,"wrong item delivered and the store manager from katihar(bihar)branch said keep it as if he is gifting me,,, remove the items that you can't deliver and stop wasting time with the monologues",2026-07-19T09:14:37.882Z,0,18.9.3,https://play.google.com/store/apps/details?id=com.grofers.customerapp&reviewId=f3b530b9-212b-4c14-806b-de16ae63c25f
b396f10d-cd0f-4bc5-bd69-87cbef86f7c1,play_store,IN,Sahil Skrillex,5,,great app good products,2026-07-19T09:12:04.543Z,0,18.9.3,https://play.google.com/store/apps/details?id=com.grofers.customerapp&reviewId=b396f10d-cd0f-4bc5-bd69-87cbef86f7c1
36c79689-ddae-461c-9112-428cbb3234b7,play_store,IN,Manoj Dixith,3,,No offers 😞but good,2026-07-19T09:11:26.333Z,0,18.7.0,https://play.google.com/store/apps/details?id=com.grofers.customerapp&reviewId=36c79689-ddae-461c-9112-428cbb3234b7
b3c30c9a-5de4-4fc8-b8c1-8c4ac488cf54,play_store,IN,Awinash Kumar,1,,poor customer care no complaints resolution,2026-07-19T09:10:53.433Z,0,18.9.3,https://play.google.com/store/apps/details?id=com.grofers.customerapp&reviewId=b3c30c9a-5de4-4fc8-b8c1-8c4ac488cf54
7134a3ac-d48b-4f8d-888e-89293be50e55,play_store,IN,Krishna Magidwar,4,,overall good 😊 doorstep delivery app worth it on some products 👍🏻,2026-07-19T09:10:05.274Z,0,,https://play.google.com/store/apps/details?id=com.grofers.customerapp&reviewId=7134a3ac-d48b-4f8d-888e-89293be50e55
2eb9442c-21ce-4c86-be67-8dd9e3921025,play_store,IN,Sufi Sar,5,,yes it's gud easy for ordering our grocery but some times partners make it late to deliver the orders,2026-07-19T09:08:51.770Z,0,18.9.3,https://play.google.com/store/apps/details?id=com.grofers.customerapp&reviewId=2eb9442c-21ce-4c86-be67-8dd9e3921025
c3a4c533-6806-4463-989b-b023edc44eca,play_store,IN,Keshavreality Keshav1096,5,,best option is cash on delivery 👌,2026-07-19T09:08:40.140Z,0,18.7.0,https://play.google.com/store/apps/details?id=com.grofers.customerapp&reviewId=c3a4c533-6806-4463-989b-b023edc44eca
0f6d7419-5ca0-45cd-9f8f-25be48984df4,play_store,IN,Sujeet Kumar-Financial Advisor,5,,Satisfactory service. I really like it,2026-07-19T09:07:02.615Z,0,18.9.3,https://play.google.com/store/apps/details?id=com.grofers.customerapp&reviewId=0f6d7419-5ca0-45cd-9f8f-25be48984df4
113e6028-221a-411c-95b9-8d270fec393f,play_store,IN,Lizbeth,3,,some of your delivery man are sturbon and try as much as to advice them to also speak international language like English .. because as visitors we are struggling to communicate with them,2026-07-19T09:06:24.100Z,0,18.9.3,https://play.google.com/store/apps/details?id=com.grofers.customerapp&reviewId=113e6028-221a-411c-95b9-8d270fec393f
a3164d20-58f5-4c46-8c6e-8e6a77acc4d2,play_store,IN,ananthi,4,,good but a little expensive.,2026-07-19T09:06:17.399Z,0,18.9.3,https://play.google.com/store/apps/details?id=com.grofers.customerapp&reviewId=a3164d20-58f5-4c46-8c6e-8e6a77acc4d2
1612eaaf-89a9-4fd4-bdfd-5bf8d9383237,play_store,IN,KNIGHT,5,,was cheaper than zepto and didn't have the same payment issues as them,2026-07-19T09:04:13.700Z,0,18.9.3,https://play.google.com/store/apps/details?id=com.grofers.customerapp&reviewId=1612eaaf-89a9-4fd4-bdfd-5bf8d9383237
9dd75f18-b7dc-458c-b765-92b0c70fb1c6,play_store,IN,reeta yadav,1,,less quantity higher price,2026-07-19T08:56:40.148Z,0,18.9.3,https://play.google.com/store/apps/details?id=com.grofers.customerapp&reviewId=9dd75f18-b7dc-458c-b765-92b0c70fb1c6
c2047f1c-0e93-4c4a-8601-aec5660fdd0a,play_store,IN,Amna Ali,1,,a trochable trouble for payment service fixed it asap,2026-07-19T08:56:35.240Z,0,18.9.3,https://play.google.com/store/apps/details?id=com.grofers.customerapp&reviewId=c2047f1c-0e93-4c4a-8601-aec5660fdd0a
30cca867-f789-4e67-8c93-10def7de46f9,play_store,IN,Hellbent Software,1,,"poor experience, delivery is fast but print quality is poor and wastage is enormous",2026-07-19T08:56:32.459Z,0,,https://play.google.com/store/apps/details?id=com.grofers.customerapp&reviewId=30cca867-f789-4e67-8c93-10def7de46f9
679dcacd-02a2-440a-8882-6cddcfdc0ecc,play_store,IN,lokendra Singh,1,,they will not deliver in my area,2026-07-19T08:56:31.709Z,0,18.9.3,https://play.google.com/store/apps/details?id=com.grofers.customerapp&reviewId=679dcacd-02a2-440a-8882-6cddcfdc0ecc
f728b5fc-ca45-4456-86fb-5f77d5f19ac8,play_store,IN,Sherin,5,,it is really good and it comes on time I had a great experience in my first two orders and now I order like every other day,2026-07-19T08:54:25.942Z,1,18.9.3,https://play.google.com/store/apps/details?id=com.grofers.customerapp&reviewId=f728b5fc-ca45-4456-86fb-5f77d5f19ac8
f10dcfea-6d28-4e48-982f-694ab74b4772,play_store,IN,Sehaj Singh,5,,very good i want more discounts,2026-07-19T08:52:42.229Z,0,18.9.3,https://play.google.com/store/apps/details?id=com.grofers.customerapp&reviewId=f10dcfea-6d28-4e48-982f-694ab74b4772
b0242ac0-0bdc-4213-9139-dc22b86801f2,play_store,IN,Shikha Bhatt,1,,some Delivery partners are very arrogant they refuse door delivery inspite of the address specified as in which floor,2026-07-19T08:52:18.182Z,0,18.9.3,https://play.google.com/store/apps/details?id=com.grofers.customerapp&reviewId=b0242ac0-0bdc-4213-9139-dc22b86801f2
63f5e696-21d9-4917-8776-ce840a819815,play_store,IN,Waheed Ma,1,,this fello is also coming late and we have to give very much information about our self and all,2026-07-19T08:52:10.670Z,0,18.9.3,https://play.google.com/store/apps/details?id=com.grofers.customerapp&reviewId=63f5e696-21d9-4917-8776-ce840a819815
c804d71e-ad10-454e-b2d6-d192b3b219ad,play_store,IN,Nilimak Khadtkar,1,,They send wrong item worst service of Blinkit. I will suggest not to buy from Blinkit,2026-07-19T08:51:20.783Z,0,,https://play.google.com/store/apps/details?id=com.grofers.customerapp&reviewId=c804d71e-ad10-454e-b2d6-d192b3b219ad
b0a02199-8cf8-4d35-a759-56ca0f6700e3,play_store,IN,Masooma Ariba,1,,bekar app refund main se pese kaat liye,2026-07-19T08:50:42.675Z,0,18.9.3,https://play.google.com/store/apps/details?id=com.grofers.customerapp&reviewId=b0a02199-8cf8-4d35-a759-56ca0f6700e3
cda3b41b-dc8d-4775-af1d-ab2b7d1b6ab3,play_store,IN,Arif Shariff,1,,zepto has much better service than Blinkit,2026-07-19T08:49:45.648Z,0,18.9.3,https://play.google.com/store/apps/details?id=com.grofers.customerapp&reviewId=cda3b41b-dc8d-4775-af1d-ab2b7d1b6ab3
fd01825f-79c7-4520-b990-5a23eb62099d,play_store,IN,Sheela Chauhan,5,,Always send freash thing.,2026-07-19T08:49:35.444Z,0,17.95.4,https://play.google.com/store/apps/details?id=com.grofers.customerapp&reviewId=fd01825f-79c7-4520-b990-5a23eb62099d
3e4685fe-ad11-402b-88d9-390861aa1162,play_store,IN,Maya Saini,4,,Good kwality timeing dilivery,2026-07-19T08:45:49.522Z,0,18.9.3,https://play.google.com/store/apps/details?id=com.grofers.customerapp&reviewId=3e4685fe-ad11-402b-88d9-390861aa1162
7e39ac03-cd1c-41fd-bb4f-9fdc0bf1e5bf,play_store,IN,Aparajita Das,3,,"too much extra price they took like small cart charge ,handling fee, delivery charge etc...",2026-07-19T08:44:40.968Z,0,18.9.3,https://play.google.com/store/apps/details?id=com.grofers.customerapp&reviewId=7e39ac03-cd1c-41fd-bb4f-9fdc0bf1e5bf
c6afb2c6-da84-4602-83d6-66f4b4010d81,play_store,IN,Dr. Charu Sharma,1,,Worst app. Worst services. If any product is faulty then they won't resolve your complain infact they would ask you to contact the brand without taking any accountability. please use instamart or other websites. this app is the worst,2026-07-19T08:43:44.104Z,0,18.7.0,https://play.google.com/store/apps/details?id=com.grofers.customerapp&reviewId=c6afb2c6-da84-4602-83d6-66f4b4010d81
ce20583e-28ea-4432-acd9-e4addb4192cb,play_store,IN,Jahid Pathan,3,,this is a great full app an one on the best hai ever and fast payment and fast delivery,2026-07-19T08:43:30.750Z,0,18.9.3,https://play.google.com/store/apps/details?id=com.grofers.customerapp&reviewId=ce20583e-28ea-4432-acd9-e4addb4192cb
6459b966-6436-4e61-9c31-188437071df3,play_store,IN,Rahul Kumar,5,,very fast delivery and good quality product,2026-07-19T08:43:21.400Z,0,,https://play.google.com/store/apps/details?id=com.grofers.customerapp&reviewId=6459b966-6436-4e61-9c31-188437071df3
a090b374-8d34-40fc-b006-29f34796949b,play_store,IN,M.Abirami Selvi,1,,Dindigul district not available,2026-07-19T08:43:20.729Z,0,18.9.3,https://play.google.com/store/apps/details?id=com.grofers.customerapp&reviewId=a090b374-8d34-40fc-b006-29f34796949b
dd7fc38f-57be-45aa-a7c6-ec60c04abafd,play_store,IN,Vandna Kumari,2,,मेरा orderबहुत बड़ा था लेकिन तुमने फिर भी कैश ऑन डिलीवरी नहीं किया क्यों,2026-07-19T08:41:30.160Z,0,18.9.3,https://play.google.com/store/apps/details?id=com.grofers.customerapp&reviewId=dd7fc38f-57be-45aa-a7c6-ec60c04abafd
8b7129e0-19e8-4755-ac8d-26836f271b78,play_store,IN,Rahul Chauhan,1,,me payment upi se nhi ho rhi hai,2026-07-19T08:40:41.138Z,0,18.13.0,https://play.google.com/store/apps/details?id=com.grofers.customerapp&reviewId=8b7129e0-19e8-4755-ac8d-26836f271b78
0776faf3-9711-4c37-af49-39182dbaa938,play_store,IN,Peeyush Kumar,3,,"service unavailable for most part of the evening, everyday, defeats the very purpose of blinkit. Needs serious soul searching and proving up manpower",2026-07-19T08:40:36.991Z,0,18.9.3,https://play.google.com/store/apps/details?id=com.grofers.customerapp&reviewId=0776faf3-9711-4c37-af49-39182dbaa938
88afc46e-45ee-472c-b22c-05e98d1d0d98,play_store,IN,samidha Verulkar,1,,Blinkit is very Unprofessional. please really had a bad experience with them. I ordered Mini Mogra Rice and then sent Mogra Delight. Even though we called the customer support team and they were really unprofessional not ready to help first. later my husband spoke so they initiated a replacement but still the wrong item was delivered. which made us very upset that they are not helping us. Later after talking with Ayushi she initiated a refund but only after the product is returned to them. Sorry,2026-07-19T08:40:10.420Z,0,18.9.3,https://play.google.com/store/apps/details?id=com.grofers.customerapp&reviewId=88afc46e-45ee-472c-b22c-05e98d1d0d98
0be3dcc4-ad55-44d1-9aa7-bd871490adfe,play_store,IN,Pius Dsouza,5,,the best part of it is when u want to rest rely on it just blink it.,2026-07-19T08:39:41.301Z,0,18.13.0,https://play.google.com/store/apps/details?id=com.grofers.customerapp&reviewId=0be3dcc4-ad55-44d1-9aa7-bd871490adfe
5a0f97a1-4112-4481-8437-26ba929bcef9,play_store,IN,AASTHA Care and Cure,1,,"खाने-पीने की चीज़ें, खासकर दूध, दही, ब्रेड जैसी ताज़ी वस्तुएँ, यहाँ से मँगवाने से पहले सावधानी रखें। मुझे पुरानी या एक्सपायर्ड चीज़ें डिलीवर हुईं, जिससे पैसे और समय दोनों की बर्बादी हुई। उम्मीद है कि वे अपनी गुणवत्ता नियंत्रण में सुधार करेंगे।",2026-07-19T08:38:59.955Z,0,18.9.3,https://play.google.com/store/apps/details?id=com.grofers.customerapp&reviewId=5a0f97a1-4112-4481-8437-26ba929bcef9
e6d1d68c-ea10-4424-8154-1a748263f11c,play_store,IN,Zoya Fathima,1,,did not like the service,2026-07-19T08:38:53.899Z,0,18.9.3,https://play.google.com/store/apps/details?id=com.grofers.customerapp&reviewId=e6d1d68c-ea10-4424-8154-1a748263f11c
3e38e99e-fc6d-4a48-aa4d-8f29666f31ce,play_store,IN,V S R,5,,Save My Time very good service 👍 thanks Blinkit ......,2026-07-19T08:38:06.782Z,0,18.9.3,https://play.google.com/store/apps/details?id=com.grofers.customerapp&reviewId=3e38e99e-fc6d-4a48-aa4d-8f29666f31ce
4fb2a804-1784-41d5-b9ea-4b57af0f87f2,play_store,IN,Aslam Khan,4,,the delivery is very fast and all products are not expired and good,2026-07-19T08:37:06.259Z,0,18.9.3,https://play.google.com/store/apps/details?id=com.grofers.customerapp&reviewId=4fb2a804-1784-41d5-b9ea-4b57af0f87f2
1de07bb0-f182-4268-b246-bc1d9a7e0ec9,play_store,IN,Shlok Chauhan,2,,cash on delivery is not available this is not good,2026-07-19T08:36:56.787Z,0,18.9.3,https://play.google.com/store/apps/details?id=com.grofers.customerapp&reviewId=1de07bb0-f182-4268-b246-bc1d9a7e0ec9
96b4c1ee-da3c-474e-b23d-40d0a3aa7aa8,play_store,IN,Deepak Photowala 9417556228,5,,best wishes for fast delivery,2026-07-19T08:36:32.760Z,0,18.9.3,https://play.google.com/store/apps/details?id=com.grofers.customerapp&reviewId=96b4c1ee-da3c-474e-b23d-40d0a3aa7aa8
11e02ed8-409e-428d-90c2-5179efd07e62,play_store,IN,Mukesh Kumar,5,,best for fast delivery,2026-07-19T08:35:09.624Z,0,18.9.3,https://play.google.com/store/apps/details?id=com.grofers.customerapp&reviewId=11e02ed8-409e-428d-90c2-5179efd07e62
ce52854a-be0f-49b2-8245-24641de87d0b,play_store,IN,Narapati Behera,5,,fast service and good store,2026-07-19T08:35:02.461Z,0,,https://play.google.com/store/apps/details?id=com.grofers.customerapp&reviewId=ce52854a-be0f-49b2-8245-24641de87d0b
bd7958d6-0959-4c63-a5c6-77348b89160f,play_store,IN,Pusparaj Patel,5,,great for anything and everything,2026-07-19T08:33:42.193Z,0,18.9.3,https://play.google.com/store/apps/details?id=com.grofers.customerapp&reviewId=bd7958d6-0959-4c63-a5c6-77348b89160f
5d5c12c8-90ed-4257-8948-9f177bd87799,play_store,IN,SHUBHAM PATHAK,5,,very useful for bachelor,2026-07-19T08:31:55.507Z,0,18.9.3,https://play.google.com/store/apps/details?id=com.grofers.customerapp&reviewId=5d5c12c8-90ed-4257-8948-9f177bd87799
5ab9ecb7-9e6a-459f-ae95-e2e50395fd08,play_store,IN,kamakshya Banerjee,5,,"bohot amazing app hain, smooth delivery hota hain.",2026-07-19T08:31:01.531Z,0,18.9.3,https://play.google.com/store/apps/details?id=com.grofers.customerapp&reviewId=5ab9ecb7-9e6a-459f-ae95-e2e50395fd08
9a4f9035-1b0b-4f33-902d-29d1585a2c6f,play_store,IN,Vishal Raj,1,,late order received 😥😥,2026-07-19T08:29:00.764Z,0,,https://play.google.com/store/apps/details?id=com.grofers.customerapp&reviewId=9a4f9035-1b0b-4f33-902d-29d1585a2c6f
70abf345-7ba5-48d7-a30f-56a788b8c3c5,play_store,IN,SUMAIYA TASNEEM,5,,very nice experience,2026-07-19T08:28:47.101Z,0,18.9.3,https://play.google.com/store/apps/details?id=com.grofers.customerapp&reviewId=70abf345-7ba5-48d7-a30f-56a788b8c3c5
5d30e500-bd99-4fad-862a-28bfb063e00b,play_store,IN,Ram Sabnis,1,,the app does not open just blinking why,2026-07-19T08:26:16.723Z,0,18.9.3,https://play.google.com/store/apps/details?id=com.grofers.customerapp&reviewId=5d30e500-bd99-4fad-862a-28bfb063e00b
4bdec419-febf-4ca8-a72d-94ce3ef46b7c,play_store,IN,Smita Jadhav,5,,Best grocery shopping app,2026-07-19T08:25:13.380Z,0,18.9.3,https://play.google.com/store/apps/details?id=com.grofers.customerapp&reviewId=4bdec419-febf-4ca8-a72d-94ce3ef46b7c
daf29639-15e5-4764-8376-8a5a0642f813,play_store,IN,Md Rayyan,5,,very good and fast delivery,2026-07-19T08:24:58.137Z,0,18.9.3,https://play.google.com/store/apps/details?id=com.grofers.customerapp&reviewId=daf29639-15e5-4764-8376-8a5a0642f813
770c42e8-6a67-47f2-9726-60c282e966f6,play_store,IN,Hpdhck,1,,Chefigo product sent expired date refused to change product or refund amount of product,2026-07-19T08:22:58.322Z,0,18.9.3,https://play.google.com/store/apps/details?id=com.grofers.customerapp&reviewId=770c42e8-6a67-47f2-9726-60c282e966f6
f1bcea1b-7357-4a75-9f74-f4e2c54ef48c,play_store,IN,Shreyoshi Sardar,5,,Delivered on time. Very good service. Everything is very good.,2026-07-19T08:21:03.644Z,0,18.7.0,https://play.google.com/store/apps/details?id=com.grofers.customerapp&reviewId=f1bcea1b-7357-4a75-9f74-f4e2c54ef48c
755f9f2e-24f3-41b1-8e55-d3fe40c7412d,play_store,IN,Jyoti Sharma Bhardwaj,5,,life became easy.After 10 pm only blinkit is there to help me and bring items at my doorstep. Thankyou Blinkit,2026-07-19T08:18:13.239Z,0,18.9.3,https://play.google.com/store/apps/details?id=com.grofers.customerapp&reviewId=755f9f2e-24f3-41b1-8e55-d3fe40c7412d
dcba91ea-8db7-4e3b-b114-a607b0595cbb,play_store,IN,Pooja Gupta,5,,this is very nice 👍,2026-07-19T08:17:23.480Z,0,,https://play.google.com/store/apps/details?id=com.grofers.customerapp&reviewId=dcba91ea-8db7-4e3b-b114-a607b0595cbb
3689ff65-a729-4e85-ad7c-7647fb39507d,play_store,IN,PANKAJ RAJPOOT,5,,excellent job with blinkit,2026-07-19T08:17:03.981Z,0,18.9.3,https://play.google.com/store/apps/details?id=com.grofers.customerapp&reviewId=3689ff65-a729-4e85-ad7c-7647fb39507d
d20b2795-2b77-4541-b9c2-b08459db5e3a,play_store,IN,Lucky Gurjar,5,,great experience with blinkit in my daily life,2026-07-19T08:16:49.628Z,0,18.9.3,https://play.google.com/store/apps/details?id=com.grofers.customerapp&reviewId=d20b2795-2b77-4541-b9c2-b08459db5e3a
6c846902-b54f-45c4-bc6b-b6af0a226694,play_store,IN,Pradyuman Kumar,5,,Really this app is providing good services🌸👌👌,2026-07-19T08:16:06.150Z,0,18.9.3,https://play.google.com/store/apps/details?id=com.grofers.customerapp&reviewId=6c846902-b54f-45c4-bc6b-b6af0a226694
695ab808-a3d1-472f-81bf-2e1b4155be81,play_store,IN,Anjan Kant,4,,it automatically read the OTP is not good because I pay from another phone and it not take the OTP,2026-07-19T08:16:03.534Z,0,18.9.3,https://play.google.com/store/apps/details?id=com.grofers.customerapp&reviewId=695ab808-a3d1-472f-81bf-2e1b4155be81
f676ae84-24df-4033-91c5-e29da1b8b1df,play_store,IN,Pavi Prathesh,1,,"⭐ 1 Star Extremely disappointed with Blinkit. I purchased a Longway grinder through Blinkit, but from the very first use it doesn’t grind properly, and a burning smell comes from the motor. This clearly indicates a defective product.When I raised a complaint, Blinkit simply told me to contact the vendor instead of taking responsibility or helping with a replacement. I bought the product from Blinkit, not directly from the manufacturer,Selling Defective Products and refusing to assist customer.",2026-07-19T08:15:43.334Z,0,17.91.0,https://play.google.com/store/apps/details?id=com.grofers.customerapp&reviewId=f676ae84-24df-4033-91c5-e29da1b8b1df
2e902034-6ff9-4e06-a165-a97d2e1369b8,play_store,IN,Vaibhav Vaidya,4,,only perishable items like coconut water was not good.,2026-07-19T08:14:23.319Z,0,18.9.3,https://play.google.com/store/apps/details?id=com.grofers.customerapp&reviewId=2e902034-6ff9-4e06-a165-a97d2e1369b8
892694ea-6e6c-414b-9bb0-5b6ffc0a9991,play_store,IN,ritha bang,4,,Hi blinkit is good but every thing is not always in stock and u got to wait,2026-07-19T08:14:03.872Z,0,18.9.3,https://play.google.com/store/apps/details?id=com.grofers.customerapp&reviewId=892694ea-6e6c-414b-9bb0-5b6ffc0a9991
076fae22-c5c7-4cb3-b300-faa818dbfa28,play_store,IN,Vijay Kumar,5,,good service clean everything,2026-07-19T08:13:27.510Z,0,18.7.0,https://play.google.com/store/apps/details?id=com.grofers.customerapp&reviewId=076fae22-c5c7-4cb3-b300-faa818dbfa28
01d4bd15-2462-4eca-8c29-2f307b3b7d63,play_store,IN,Mannat Dagar,5,,it's a very very veryyy nice app like you can buy anything from it like anything it's literally the best last min app for me because I'm a person who forgets things quickly so I sometime forget to buy gift for my friend or any family member so I can buy the gift from blinkit !,2026-07-19T08:13:21.918Z,0,18.7.0,https://play.google.com/store/apps/details?id=com.grofers.customerapp&reviewId=01d4bd15-2462-4eca-8c29-2f307b3b7d63
863700df-89df-4997-8faf-ba3d0c2cb9d6,play_store,IN,Aaditya Rana,2,,I see that my order is delayed it's like 20 mins and I'm still waiting.,2026-07-19T08:12:24.239Z,0,18.9.3,https://play.google.com/store/apps/details?id=com.grofers.customerapp&reviewId=863700df-89df-4997-8faf-ba3d0c2cb9d6
8fe2d3ba-08ed-4bd0-b15a-b50413062141,play_store,IN,Samarth Desai,1,,"why is my account blocked on blink it ? I'm unable to log in.. please provide a solution asap.. also I was using my mother's account, the amount got debited and that account got blocked too.. but I didn't receive refund.. and there is no effing way to reach out to customer support.. all you have is an email id which doesn't respond",2026-07-19T08:11:34.820Z,0,18.9.3,https://play.google.com/store/apps/details?id=com.grofers.customerapp&reviewId=8fe2d3ba-08ed-4bd0-b15a-b50413062141
13b5ce69-b027-4153-9f75-1ead1e2752e9,play_store,IN,Amit Sharma,1,,third class deviry partner rude ralking,2026-07-19T08:09:51.640Z,0,,https://play.google.com/store/apps/details?id=com.grofers.customerapp&reviewId=13b5ce69-b027-4153-9f75-1ead1e2752e9
2e497d4f-1f84-4d38-b94c-c404f26fbc7b,play_store,IN,Ruchi Bhandari,4,,I like your delivery,2026-07-19T08:07:50.566Z,0,18.7.0,https://play.google.com/store/apps/details?id=com.grofers.customerapp&reviewId=2e497d4f-1f84-4d38-b94c-c404f26fbc7b
5b5d5117-db4b-4296-8f83-38c7ca1f6232,play_store,IN,Laxmi Soni,3,,tako to much amount for delivery,2026-07-19T08:06:53.639Z,0,18.9.3,https://play.google.com/store/apps/details?id=com.grofers.customerapp&reviewId=5b5d5117-db4b-4296-8f83-38c7ca1f6232
b58cd457-42ca-4a99-b242-dc1544c6c6e3,play_store,IN,bharti kashyap,3,,expensive and below average qualityin category of vegetables and fruits,2026-07-19T08:06:33.240Z,0,18.13.0,https://play.google.com/store/apps/details?id=com.grofers.customerapp&reviewId=b58cd457-42ca-4a99-b242-dc1544c6c6e3
fe47d6ff-ecb9-4ca1-a055-11c03c90c6ba,play_store,IN,Mitesh palashikar,1,,"You can't call customer care , Just Ai talks , for refund you have to mail them",2026-07-19T08:03:38.172Z,0,18.9.3,https://play.google.com/store/apps/details?id=com.grofers.customerapp&reviewId=fe47d6ff-ecb9-4ca1-a055-11c03c90c6ba
b49c82db-c1fa-4d80-9196-fed8e49aabc0,play_store,IN,Mukesh Shenai (GHATD),2,,"first order, item arrived leaked. tried need help, does not link at all. showed to delivery executive, said I hv no time call blinkit.",2026-07-19T08:02:40.288Z,0,18.9.3,https://play.google.com/store/apps/details?id=com.grofers.customerapp&reviewId=b49c82db-c1fa-4d80-9196-fed8e49aabc0
053c4e08-f03c-499c-9fe5-fe8391840994,play_store,IN,Nagmani C S,5,,very good in communication,2026-07-19T08:00:51.458Z,0,18.9.3,https://play.google.com/store/apps/details?id=com.grofers.customerapp&reviewId=053c4e08-f03c-499c-9fe5-fe8391840994
4d872ebb-9a40-4b43-9a97-86ad77d23034,play_store,IN,S.S singh,4,,it is good but the company still need to work on stock management in store,2026-07-19T07:49:08.626Z,0,17.99.1,https://play.google.com/store/apps/details?id=com.grofers.customerapp&reviewId=4d872ebb-9a40-4b43-9a97-86ad77d23034
dbf009fe-ee89-4728-b68b-c975a9e8c3ab,play_store,IN,Palak Kumari,3,,"When I started using blinkit it was going on well but . Since last order I am not getting the Cash on Delivery option, which is not good for me as I am not having online payment options.",2026-07-19T07:48:15.834Z,0,18.9.3,https://play.google.com/store/apps/details?id=com.grofers.customerapp&reviewId=dbf009fe-ee89-4728-b68b-c975a9e8c3ab
93052534-ebf8-4a72-a854-341a191ffcf8,play_store,IN,Tashvi Sharma,5,,good app in dilevery,2026-07-19T07:47:34.898Z,0,18.9.3,https://play.google.com/store/apps/details?id=com.grofers.customerapp&reviewId=93052534-ebf8-4a72-a854-341a191ffcf8
19edd053-0448-4d4a-90d7-2efe9f8d3954,play_store,IN,TEJHAS NAIK,5,,its a best app for deliver in 10 mins 🤩,2026-07-19T07:47:10.800Z,0,18.7.0,https://play.google.com/store/apps/details?id=com.grofers.customerapp&reviewId=19edd053-0448-4d4a-90d7-2efe9f8d3954
790e98ee-2781-4648-a327-c959ee39f1ea,play_store,IN,Bhaskar Kumar,5,,very good 👍👍👍👍👍👍👍👍😊😊😊😊😊😊,2026-07-19T07:45:59.870Z,0,,https://play.google.com/store/apps/details?id=com.grofers.customerapp&reviewId=790e98ee-2781-4648-a327-c959ee39f1ea
a7855bd8-d887-4210-89ac-c079d1361d60,play_store,IN,Gunmay Sahu,5,,bestt appp for 10 min order,2026-07-19T07:44:36.914Z,0,18.9.3,https://play.google.com/store/apps/details?id=com.grofers.customerapp&reviewId=a7855bd8-d887-4210-89ac-c079d1361d60
b99f7906-1c0a-4083-a745-af7e42e82867,play_store,IN,Ishita,5,,best shopping app 💞,2026-07-19T07:44:20.670Z,0,,https://play.google.com/store/apps/details?id=com.grofers.customerapp&reviewId=b99f7906-1c0a-4083-a745-af7e42e82867
1381920e-67d3-4ce5-a31b-b9288063ef10,play_store,IN,Priya Birajdar,5,,"I like the service and range of the items available. I recently ordered from its pharma and the way this system is designed is very trustworthy. They are not delivering medicines without prescription, even if they are probiotics. They have an option of online doctor consultation. This service is highly commendable.",2026-07-19T07:44:13.753Z,0,18.9.3,https://play.google.com/store/apps/details?id=com.grofers.customerapp&reviewId=1381920e-67d3-4ce5-a31b-b9288063ef10
df5f268d-2240-4209-81f5-f36a0abbc286,play_store,IN,Baljinder Pal,4,,good service blanket,2026-07-19T07:44:03.976Z,0,18.9.3,https://play.google.com/store/apps/details?id=com.grofers.customerapp&reviewId=df5f268d-2240-4209-81f5-f36a0abbc286
9dda8d5a-9a4f-4dce-b226-b1bae7491ecb,play_store,IN,Neha Patel,2,,the packaging of the products is not good,2026-07-19T07:43:30.266Z,1,,https://play.google.com/store/apps/details?id=com.grofers.customerapp&reviewId=9dda8d5a-9a4f-4dce-b226-b1bae7491ecb
03e12611-aa4f-4c26-9147-4adc1f787698,play_store,IN,Punam Laxmi,5,,one thing is that just keep your items in stock.,2026-07-19T07:43:12.155Z,0,,https://play.google.com/store/apps/details?id=com.grofers.customerapp&reviewId=03e12611-aa4f-4c26-9147-4adc1f787698
1f84cd91-38cd-4733-b2f4-bf5eeeababfd,play_store,IN,Mohit Tiwari,1,,really bad in my cart a toy was added i don't know if I did or it was a bug it's cost around 511 with my other stuff and when I tried to return it to my suprise that particular item(toy - and i don't have kids) comes into non refundable policy i tried to talk to customer care but they didn't provide any solution as they can't go against the policy i have been using blinkit for 4-5 years and this is very disappointing uninstalling it and will never going to use it.,2026-07-19T07:41:50.632Z,0,,https://play.google.com/store/apps/details?id=com.grofers.customerapp&reviewId=1f84cd91-38cd-4733-b2f4-bf5eeeababfd
5c0dc1c9-2d11-46a0-b9a8-12c632ee4e81,play_store,IN,RYOMEN REYU,5,,DIL SE THANK YOU FOR MAKING THIS APP,2026-07-19T07:39:39.981Z,0,,https://play.google.com/store/apps/details?id=com.grofers.customerapp&reviewId=5c0dc1c9-2d11-46a0-b9a8-12c632ee4e81
d8bd37a3-03fe-48ed-ad6a-cd8382e8cae9,play_store,IN,Munna Jamadar,5,,I like there service and fast delivery 🚚,2026-07-19T07:37:36.264Z,0,18.9.3,https://play.google.com/store/apps/details?id=com.grofers.customerapp&reviewId=d8bd37a3-03fe-48ed-ad6a-cd8382e8cae9
991b6b15-e856-4a21-8f3b-682ca550a43a,play_store,IN,Reema Malik,5,,very useful app m very happy,2026-07-19T07:34:24.543Z,0,18.9.3,https://play.google.com/store/apps/details?id=com.grofers.customerapp&reviewId=991b6b15-e856-4a21-8f3b-682ca550a43a
fbea554e-79f2-439f-9378-17832759d354,play_store,IN,Mohd asad Khan,3,,good grocery store and very helpful thank you for blinkit I love it this online app services very fast thank you so much,2026-07-19T07:34:15.105Z,0,18.9.3,https://play.google.com/store/apps/details?id=com.grofers.customerapp&reviewId=fbea554e-79f2-439f-9378-17832759d354
c63dbde6-b2b3-496f-ba4c-5c90f7f401c1,play_store,IN,Devanarayanan_ S_,4,,good offers most of the time,2026-07-19T07:34:01.352Z,0,18.9.3,https://play.google.com/store/apps/details?id=com.grofers.customerapp&reviewId=c63dbde6-b2b3-496f-ba4c-5c90f7f401c1
30bcdfbf-5510-4e83-b5a4-944450329358,play_store,IN,Hanumanthaiah,4,,Nice service with fast delivery compared to other brand services. But delivery charge is very high if it reduces a bit it will be very nice and more affordable.,2026-07-19T07:33:01.696Z,0,18.9.3,https://play.google.com/store/apps/details?id=com.grofers.customerapp&reviewId=30bcdfbf-5510-4e83-b5a4-944450329358
85d0b877-b2be-45a7-92a6-f11f500e3bfc,play_store,IN,Ritik Sumbria,5,,great things I can't find in market easily are available in one finger tap 😉,2026-07-19T07:31:42.942Z,0,,https://play.google.com/store/apps/details?id=com.grofers.customerapp&reviewId=85d0b877-b2be-45a7-92a6-f11f500e3bfc
c59e114e-830f-40a3-86b3-eea41242eba4,play_store,IN,Ashish Shinde,1,,The after sale service was so bad experience,2026-07-19T07:30:12.500Z,0,18.9.3,https://play.google.com/store/apps/details?id=com.grofers.customerapp&reviewId=c59e114e-830f-40a3-86b3-eea41242eba4
71d3017b-7b97-423f-8d3f-48b632879406,play_store,IN,Anisha bharat Paswan,4,,it is best and helpful,2026-07-19T07:29:12.447Z,0,18.9.3,https://play.google.com/store/apps/details?id=com.grofers.customerapp&reviewId=71d3017b-7b97-423f-8d3f-48b632879406
5c69431d-f85f-409a-b22a-eb53672f86d3,play_store,IN,Aaftab Beg,4,,you should also give discount on items,2026-07-19T07:27:57.737Z,0,18.9.3,https://play.google.com/store/apps/details?id=com.grofers.customerapp&reviewId=5c69431d-f85f-409a-b22a-eb53672f86d3
3add8eeb-9a81-437f-9319-77f0c90d23b8,play_store,IN,Deepika Setiya,2,,this is very good grocery shop,2026-07-19T07:27:26.864Z,0,18.7.0,https://play.google.com/store/apps/details?id=com.grofers.customerapp&reviewId=3add8eeb-9a81-437f-9319-77f0c90d23b8
85da2966-950a-4459-8521-088ef0b68d4d,play_store,IN,Sahil Biddhu,5,,it's very nice good better best 🤗,2026-07-19T07:26:58.844Z,0,,https://play.google.com/store/apps/details?id=com.grofers.customerapp&reviewId=85da2966-950a-4459-8521-088ef0b68d4d
757c6627-b6a7-4e42-8103-0528220cb588,play_store,IN,Sadiya Khan,1,,They are saying that they do not serve in this area,2026-07-19T07:25:32.914Z,0,,https://play.google.com/store/apps/details?id=com.grofers.customerapp&reviewId=757c6627-b6a7-4e42-8103-0528220cb588
a6d04f1b-a788-4bab-937f-e816e7e22ee2,play_store,IN,Jatin Rohilla,1,,"They are thief, just innovative. The are using deceptive practice ""Bait & Switch"" - like compelling customers to add more items to basket in lieu of free gift - which they do not deliver and later just say 'sorry - item was not in stock'. and they have been doing it for a long time, yet it went unnoticed. Even after complaints they do not pay a heed to it.",2026-07-19T07:24:48.993Z,0,18.7.0,https://play.google.com/store/apps/details?id=com.grofers.customerapp&reviewId=a6d04f1b-a788-4bab-937f-e816e7e22ee2
0072066d-4b9f-4b62-8dfd-e90ac0db5e44,play_store,IN,pandurang dhawale,5,,this for my 1st orders I w check the ur service and after my comment thanks🙏,2026-07-19T07:23:10.749Z,0,18.9.3,https://play.google.com/store/apps/details?id=com.grofers.customerapp&reviewId=0072066d-4b9f-4b62-8dfd-e90ac0db5e44
41e7e18d-50b6-44cd-8937-f657ccac9d85,play_store,IN,KALAISELVI JAYAKUMAR,5,,this is my first product that I got like in 7to 15 mins i likee thiss 🎉🎉,2026-07-19T07:22:25.154Z,0,18.13.0,https://play.google.com/store/apps/details?id=com.grofers.customerapp&reviewId=41e7e18d-50b6-44cd-8937-f657ccac9d85
b7c2e60a-7c95-4fa2-ac5a-e80d9ddfd026,play_store,IN,PRADEEP YADAV,2,,jitna desh ka price nahin usi Hai ismein jitna desh ka price,2026-07-19T07:21:27.959Z,0,17.99.1,https://play.google.com/store/apps/details?id=com.grofers.customerapp&reviewId=b7c2e60a-7c95-4fa2-ac5a-e80d9ddfd026
607fae7c-3e59-4ba8-8ed3-bcf17bb732fd,play_store,IN,Druvaan,1,,"खाने-पीने की चीज़ें, विशेषकर दूध, दही और ब्रेड जैसी ताज़ी वस्तुएँ, यहाँ से बिल्कुल न मँगवाएँ। मुझे एक्सपायर्ड या पुरानी चीज़ें मिलीं। यह बेहद खराब सेवा है और पैसे की पूरी बर्बादी है।",2026-07-19T07:21:06.823Z,0,,https://play.google.com/store/apps/details?id=com.grofers.customerapp&reviewId=607fae7c-3e59-4ba8-8ed3-bcf17bb732fd
d2e042ea-1470-4d03-a89c-e5e4e9b3e4e3,play_store,IN,Deepak Yadav,5,,you very interested app🥰,2026-07-19T07:20:22.861Z,0,18.9.3,https://play.google.com/store/apps/details?id=com.grofers.customerapp&reviewId=d2e042ea-1470-4d03-a89c-e5e4e9b3e4e3
dfb90272-0c9e-4ccf-bcf1-4976a04d3f38,play_store,IN,OZO,1,,"खाने-पीने की चीज़ें, खासकर दूध, दही, ब्रेड जैसी ताज़ी वस्तुएँ, यहाँ से मँगवाने से पहले सावधानी रखें। मुझे पुरानी या एक्सपायर्ड चीज़ें डिलीवर हुईं, जिससे पैसे और समय दोनों की बर्बादी हुई।",2026-07-19T07:19:51.266Z,0,,https://play.google.com/store/apps/details?id=com.grofers.customerapp&reviewId=dfb90272-0c9e-4ccf-bcf1-4976a04d3f38
215418a9-3359-45ee-a9c3-bd961da55e37,play_store,IN,Neha Chakrawarti,2,,don't buy any electronic products product showing days return policy but this people not giving any help,2026-07-19T07:19:45.893Z,0,18.7.0,https://play.google.com/store/apps/details?id=com.grofers.customerapp&reviewId=215418a9-3359-45ee-a9c3-bd961da55e37
7bd89aac-2fc7-4688-b6d3-a0cf7eac0ee9,play_store,IN,Bheem Singh Bheem,5,,"thanku blinkit, nice 👍",2026-07-19T07:19:16.631Z,0,18.7.0,https://play.google.com/store/apps/details?id=com.grofers.customerapp&reviewId=7bd89aac-2fc7-4688-b6d3-a0cf7eac0ee9
73e7e77c-8d01-45f1-b116-114079657b7c,play_store,IN,Vijay Parwani,5,,very good service I am happy 😊,2026-07-19T07:18:25.454Z,0,18.9.3,https://play.google.com/store/apps/details?id=com.grofers.customerapp&reviewId=73e7e77c-8d01-45f1-b116-114079657b7c
614a6005-f9e6-4906-b864-384494b3a5e6,play_store,IN,Nilesh Desai,1,,"खाने-पीने की चीज़ें या दूध, दही, ब्रेड जैसी ताज़ी चीज़ें बिल्कुल न मँगवाएँ; वे पुरानी या एक्सपायर्ड चीज़ें डिलीवर करते हैं। पैसे की पूरी बर्बादी है।",2026-07-19T07:17:24.917Z,0,,https://play.google.com/store/apps/details?id=com.grofers.customerapp&reviewId=614a6005-f9e6-4906-b864-384494b3a5e6
5c48deba-7c5e-4b11-b988-8a4ee2c9ee9c,play_store,IN,Nilesh Desai,1,,"Don't order anything eatables or fresh items like milk, curd, bread, etc. they delivered outdated items. total waste of money. and surprisingly they don't listen to us or take complaint seriously.",2026-07-19T07:16:03.377Z,0,,https://play.google.com/store/apps/details?id=com.grofers.customerapp&reviewId=5c48deba-7c5e-4b11-b988-8a4ee2c9ee9c
9dabc294-671a-4137-b506-066fc66c9a51,play_store,IN,Dr Priya Patkar,1,,I got wrong product which I haven't ordered...also there is no option to return it,2026-07-19T07:15:53.641Z,0,18.13.0,https://play.google.com/store/apps/details?id=com.grofers.customerapp&reviewId=9dabc294-671a-4137-b506-066fc66c9a51
118f3654-1615-4c2b-b531-fa436acd63f4,play_store,IN,Subho Hazra,1,,almost times are unavailable service In this apps,2026-07-19T07:12:35.308Z,0,18.9.3,https://play.google.com/store/apps/details?id=com.grofers.customerapp&reviewId=118f3654-1615-4c2b-b531-fa436acd63f4
444241d5-5d19-4af2-b0cf-99479352ccb4,play_store,IN,I K,1,,Flipkart minutes is better then blinkit worst service ever they have many issues is returned order so don't use blinkit,2026-07-19T07:12:06.690Z,0,18.9.3,https://play.google.com/store/apps/details?id=com.grofers.customerapp&reviewId=444241d5-5d19-4af2-b0cf-99479352ccb4
1b79119c-b167-4f4d-9846-8fab2384959a,play_store,IN,Dev Dhiman,4,,ayo ts arrives quick as hell man ngl products are nice too bro I'll recommend ts,2026-07-19T07:11:41.390Z,0,,https://play.google.com/store/apps/details?id=com.grofers.customerapp&reviewId=1b79119c-b167-4f4d-9846-8fab2384959a
7dcda6e0-789c-4607-9406-1ade7698249f,play_store,IN,Azra WhatsApp,5,,Best delivery app. They need to provide more options and keep more stock of essential items for ease.,2026-07-19T07:11:32.484Z,0,,https://play.google.com/store/apps/details?id=com.grofers.customerapp&reviewId=7dcda6e0-789c-4607-9406-1ade7698249f
957b2011-2193-4d9e-9672-febb4dc82ac7,play_store,IN,nitin kukreti,4,,"good for some items, at lower rates and delivery must remain free then the platform would gain more popularity.",2026-07-19T07:11:21.627Z,0,18.9.3,https://play.google.com/store/apps/details?id=com.grofers.customerapp&reviewId=957b2011-2193-4d9e-9672-febb4dc82ac7
72b4e1b9-a4e7-4ad7-be08-e5613211dd8f,play_store,IN,ruchi ahuja,4,,good app but takes more than 10 mins,2026-07-19T07:10:23.440Z,0,18.9.3,https://play.google.com/store/apps/details?id=com.grofers.customerapp&reviewId=72b4e1b9-a4e7-4ad7-be08-e5613211dd8f
9efaf8ef-8516-49ea-b6e9-3b7e77de5b90,play_store,IN,Vidhya KS,4,,"Mere idhar muje kuch nhi milta, saari chize katam ho jaati hai",2026-07-19T07:08:44.850Z,0,18.7.0,https://play.google.com/store/apps/details?id=com.grofers.customerapp&reviewId=9efaf8ef-8516-49ea-b6e9-3b7e77de5b90
a5aada19-f771-4d5c-aa4b-58faadfd4b18,play_store,IN,Farhan Akhtar,4,,good quality products and delivered very soon.,2026-07-19T07:08:03.213Z,0,18.7.0,https://play.google.com/store/apps/details?id=com.grofers.customerapp&reviewId=a5aada19-f771-4d5c-aa4b-58faadfd4b18
356408ae-3b5a-47c5-872a-05147ec49c6b,play_store,IN,Waris Muzni,5,,excellently fast service,2026-07-19T07:06:20.722Z,0,18.9.3,https://play.google.com/store/apps/details?id=com.grofers.customerapp&reviewId=356408ae-3b5a-47c5-872a-05147ec49c6b
970f8951-8a15-4915-9bd5-37c6f1ac7acb,play_store,IN,Manish Jangra,5,,good sarvice blinkit...😊,2026-07-19T07:05:36.400Z,0,18.9.3,https://play.google.com/store/apps/details?id=com.grofers.customerapp&reviewId=970f8951-8a15-4915-9bd5-37c6f1ac7acb
00859ee8-bc6a-4be1-9eef-9c3d6564836f,play_store,IN,Jheel Modi,3,,ek hi galti hai order checklist se pahle book ho jata option dena chahiye pls it will correct,2026-07-19T07:03:45.661Z,0,18.9.3,https://play.google.com/store/apps/details?id=com.grofers.customerapp&reviewId=00859ee8-bc6a-4be1-9eef-9c3d6564836f
4f8872fa-3de1-4f8e-9082-8334a8d13a2b,play_store,IN,Ganesh Hunache,5,,very fast dilevary 😃,2026-07-19T07:00:38.373Z,0,18.7.0,https://play.google.com/store/apps/details?id=com.grofers.customerapp&reviewId=4f8872fa-3de1-4f8e-9082-8334a8d13a2b
e969f0f9-9051-48a2-a739-bc2debb72852,play_store,IN,Manshi Gupta,4,,"great 😃👍🏻 Apart from on time delivery & convenient service, I liked witty things on its delivery packet like how to make phone stand from that paper & so many more, it's so thoughtful as well as useful. It's fun. cool idea. do more such stuff. 🙌🏻🙌🏻",2026-07-19T07:00:31.573Z,0,18.7.0,https://play.google.com/store/apps/details?id=com.grofers.customerapp&reviewId=e969f0f9-9051-48a2-a739-bc2debb72852
372da2d9-2bcf-4217-915b-587b2857f9d6,play_store,IN,Priyanshu,5,,"This is a very good app, we can order our daily groceries through this, it is very good and we don't have to go out and the groceries also arrive quickly..😁",2026-07-19T06:59:57.832Z,0,,https://play.google.com/store/apps/details?id=com.grofers.customerapp&reviewId=372da2d9-2bcf-4217-915b-587b2857f9d6
42cb7bb3-0f08-4696-ade7-17e5f39a860f,play_store,IN,Srilaxmi R,5,,Excellent quality and variety of products. Excellent delivery service too!!✨ Convenient and seamless Experience! thank you so much Blinkit.✨😊🙏,2026-07-19T06:55:55.150Z,0,18.7.0,https://play.google.com/store/apps/details?id=com.grofers.customerapp&reviewId=42cb7bb3-0f08-4696-ade7-17e5f39a860f
a1cbc0d7-696f-4fd1-867d-4227695d839c,play_store,IN,Soumyadeep Chowdhury,5,,nice the app service is good,2026-07-19T06:54:16.165Z,0,,https://play.google.com/store/apps/details?id=com.grofers.customerapp&reviewId=a1cbc0d7-696f-4fd1-867d-4227695d839c
540e1fe2-2708-4833-92bf-8658f32ae067,play_store,IN,Mohd Saad,1,,bikar service hai. glat product chipka dete hai. or complement karo to koi response nhi dete,2026-07-19T06:53:07.870Z,0,18.9.3,https://play.google.com/store/apps/details?id=com.grofers.customerapp&reviewId=540e1fe2-2708-4833-92bf-8658f32ae067
092855c9-e294-40b9-88a4-c685d17913fd,play_store,IN,Dimple Sahu,1,,returning option bht gnda hai,2026-07-19T06:52:26.528Z,0,18.9.3,https://play.google.com/store/apps/details?id=com.grofers.customerapp&reviewId=092855c9-e294-40b9-88a4-c685d17913fd
38496d9f-3bf9-4be5-a086-f3975770752c,play_store,IN,RUDRA KUMAR,2,,worst coustomer care service,2026-07-19T06:51:57.954Z,0,18.9.3,https://play.google.com/store/apps/details?id=com.grofers.customerapp&reviewId=38496d9f-3bf9-4be5-a086-f3975770752c
d1c01112-6dae-4a76-b7eb-fa082fb8ff52,play_store,IN,MEENAKSHI KASHYAP,1,,They didn't gave the purchase bill to customer,2026-07-19T06:51:56.872Z,0,18.9.2,https://play.google.com/store/apps/details?id=com.grofers.customerapp&reviewId=d1c01112-6dae-4a76-b7eb-fa082fb8ff52
ea2f256f-e153-4b27-9752-4aec03b68e0b,play_store,IN,ANJALI DANDAWATE,1,,Blinkit delivers open products and you do not have any customer support to resolve your issue. the just dump products on you,2026-07-19T06:50:06.525Z,0,,https://play.google.com/store/apps/details?id=com.grofers.customerapp&reviewId=ea2f256f-e153-4b27-9752-4aec03b68e0b
d03ca827-c216-4700-bf13-b19aea38c91e,play_store,IN,Bhanu Gaddam,3,,late delivery lot of time taking,2026-07-19T06:50:00.800Z,0,18.9.3,https://play.google.com/store/apps/details?id=com.grofers.customerapp&reviewId=d03ca827-c216-4700-bf13-b19aea38c91e
85c52e5a-6257-4db4-a929-af05db3c6b85,play_store,IN,Tanveer Khan,1,,don't purchase any electronic product. I purchased a Bajaj fan ..during warranty support Bajaj is asking for a warranty card instead of an invoice copy but blinkit is not able to provide and disconnect my call as well. wasteless while purchasing electronic item,2026-07-19T06:49:35.340Z,0,18.9.3,https://play.google.com/store/apps/details?id=com.grofers.customerapp&reviewId=85c52e5a-6257-4db4-a929-af05db3c6b85
a3bcc71a-87dd-46fa-b972-fe19c04d5644,play_store,IN,Hemant Patsani,5,,I can't believe the product was delivered so quickly. Excellent service.,2026-07-19T06:49:26.341Z,0,18.9.3,https://play.google.com/store/apps/details?id=com.grofers.customerapp&reviewId=a3bcc71a-87dd-46fa-b972-fe19c04d5644
50be92c5-927e-4d07-bec9-35d944f13da0,play_store,IN,Heena Verma,1,,there is no payment options except the installed wallets/apps. there should be option of using preferred upi id rather than bhim or anything. totally disappointed with blinkit,2026-07-19T06:48:46.678Z,0,18.9.3,https://play.google.com/store/apps/details?id=com.grofers.customerapp&reviewId=50be92c5-927e-4d07-bec9-35d944f13da0
61beed87-6274-43fb-b9eb-448e486e38f1,play_store,IN,Gulab Yadav,1,,"I am writing to express my frustration with the repeated issues I’ve encountered while using your app. Recently, I placed an order for multiple items, but only received a partial delivery. There was no prior notification about the missing items, either through the app or from the delivery person. Upon realizing the items were missing, I contacted the help center, where I was issued a refund for the missing items. However, this issue raises several concerns:",2026-07-19T06:48:18.579Z,25,18.9.3,https://play.google.com/store/apps/details?id=com.grofers.customerapp&reviewId=61beed87-6274-43fb-b9eb-448e486e38f1
20b0fbe1-744e-4d1c-b359-768533c714e2,play_store,IN,ANITHA Ravi,5,,the delivery charges are a little costly,2026-07-19T06:48:07.610Z,0,,https://play.google.com/store/apps/details?id=com.grofers.customerapp&reviewId=20b0fbe1-744e-4d1c-b359-768533c714e2
5c3fff8a-17e2-4b50-954d-fb3182ad0e2b,play_store,IN,Naina Parjapati,1,,there's no discount coupon or offer,2026-07-19T06:47:39.860Z,0,18.9.3,https://play.google.com/store/apps/details?id=com.grofers.customerapp&reviewId=5c3fff8a-17e2-4b50-954d-fb3182ad0e2b
29ad8c4d-b1a7-4d32-84bb-a0e117959209,play_store,IN,Sandya Sd,5,,Need to improve with free gifts for more items orderings,2026-07-19T06:44:40.988Z,0,18.9.3,https://play.google.com/store/apps/details?id=com.grofers.customerapp&reviewId=29ad8c4d-b1a7-4d32-84bb-a0e117959209
73b55a26-9695-4157-be8b-a4de15c7c5e8,play_store,IN,dev anand,5,,great service provider,2026-07-19T06:39:12.856Z,0,18.9.3,https://play.google.com/store/apps/details?id=com.grofers.customerapp&reviewId=73b55a26-9695-4157-be8b-a4de15c7c5e8
d6fa25a2-c77e-4d0d-935d-c85033e0b0bf,play_store,IN,Nishant Raj,5,,very nice blinkit thanks,2026-07-19T06:37:11.926Z,0,18.13.0,https://play.google.com/store/apps/details?id=com.grofers.customerapp&reviewId=d6fa25a2-c77e-4d0d-935d-c85033e0b0bf
623cc558-6976-4c59-9207-c75f95b9edd2,play_store,IN,Jasvir Singh,1,,what's a surge change,2026-07-19T06:36:40.980Z,0,18.9.3,https://play.google.com/store/apps/details?id=com.grofers.customerapp&reviewId=623cc558-6976-4c59-9207-c75f95b9edd2
06ddf89f-ff76-4dab-87eb-0bacbb96f8e6,play_store,IN,Swag Nikhil,5,,"Not gonna lie probably the best app, and i istg blinkit Thank you for the amazing job you guys are doing",2026-07-19T06:35:59.234Z,0,18.9.3,https://play.google.com/store/apps/details?id=com.grofers.customerapp&reviewId=06ddf89f-ff76-4dab-87eb-0bacbb96f8e6
5b96c980-ebfb-4451-9590-2a8aa065050e,play_store,IN,Nitin Vyas,5,,very helpful and fast...,2026-07-19T06:35:52.644Z,0,,https://play.google.com/store/apps/details?id=com.grofers.customerapp&reviewId=5b96c980-ebfb-4451-9590-2a8aa065050e
86cd4a87-53bb-436f-b736-c951202540de,play_store,IN,Drishti Mittal,5,,just remove the handling and surge charges,2026-07-19T06:32:51.940Z,0,18.9.3,https://play.google.com/store/apps/details?id=com.grofers.customerapp&reviewId=86cd4a87-53bb-436f-b736-c951202540de
cd76c990-e194-4531-b854-6d9b6e3e48a3,play_store,IN,S Munda,5,,this app is very nice all app is well but this app is very nice this app is deliver very fast and products are all okay,2026-07-19T06:32:14.101Z,0,17.95.4,https://play.google.com/store/apps/details?id=com.grofers.customerapp&reviewId=cd76c990-e194-4531-b854-6d9b6e3e48a3
46ee1775-a9f4-4ff5-97ca-c91bdfc9f463,play_store,IN,Sazid yoga teacher Hyderabad,5,,best app for time management,2026-07-19T06:31:25.879Z,0,18.7.0,https://play.google.com/store/apps/details?id=com.grofers.customerapp&reviewId=46ee1775-a9f4-4ff5-97ca-c91bdfc9f463
aadaaedf-0c6c-4c78-8a8d-ecb5c5b5fabb,play_store,IN,BAJRANG GUPTA,1,,"The delivery person was highly unprofessional and rude during the interaction. They spoke to me in a very disrespectful and misbehaved manner, which was completely unacceptable. I request you to look into this matter immediately and take appropriate action. Such behavior is not expected from your service.",2026-07-19T06:30:23.700Z,0,18.9.3,https://play.google.com/store/apps/details?id=com.grofers.customerapp&reviewId=aadaaedf-0c6c-4c78-8a8d-ecb5c5b5fabb
ec3bff0b-a756-4ab4-8e92-fda4937f355d,play_store,IN,sandyarani udayavarapu,5,,it's wonderful opportunity for customers and this is a good idea.... 10minutes door delivery good idea... thank you blinkit tean,2026-07-19T06:30:15.376Z,0,18.9.3,https://play.google.com/store/apps/details?id=com.grofers.customerapp&reviewId=ec3bff0b-a756-4ab4-8e92-fda4937f355d
2a5db986-55b1-4fa0-b26e-fecaeeb34fde,play_store,IN,Sugandhi Tiwari,1,,help center are poor no call support nor we can write and resolve our issues,2026-07-19T06:29:54.310Z,0,18.9.3,https://play.google.com/store/apps/details?id=com.grofers.customerapp&reviewId=2a5db986-55b1-4fa0-b26e-fecaeeb34fde
1eb859b3-43ad-48d6-a489-fa02fae060ad,play_store,IN,Supraja Thirumalai,5,,I'm happy that you have started your service in Trichy. I would be even more happy if you continue the service,2026-07-19T06:27:55.716Z,0,,https://play.google.com/store/apps/details?id=com.grofers.customerapp&reviewId=1eb859b3-43ad-48d6-a489-fa02fae060ad
7d70fd7b-2397-46a5-812b-d1970d965edf,play_store,IN,faizan khan,5,,Pretty help in household and Evan expanding their services,2026-07-19T06:26:13.178Z,0,18.9.3,https://play.google.com/store/apps/details?id=com.grofers.customerapp&reviewId=7d70fd7b-2397-46a5-812b-d1970d965edf
3f861fbf-06ac-4fbe-bb1a-dd8bccf77120,play_store,IN,Praveen Shukla,5,,wonderfull experience I have never seen this type of nature in any app amazing app,2026-07-19T06:25:19.510Z,0,18.9.3,https://play.google.com/store/apps/details?id=com.grofers.customerapp&reviewId=3f861fbf-06ac-4fbe-bb1a-dd8bccf77120
4e68bf1e-4d0f-4a71-bc26-1f6c5f9b38f3,play_store,IN,Shubhangi Bhalerao,5,,this app is excellent 👍👌,2026-07-19T06:21:55.596Z,0,18.9.3,https://play.google.com/store/apps/details?id=com.grofers.customerapp&reviewId=4e68bf1e-4d0f-4a71-bc26-1f6c5f9b38f3
f0e45e26-ec23-44ee-8136-1c0787233671,play_store,IN,Renuka Kanwar,5,,this is very good app and I just love that this was absolutely good,2026-07-19T06:21:04.648Z,0,18.9.3,https://play.google.com/store/apps/details?id=com.grofers.customerapp&reviewId=f0e45e26-ec23-44ee-8136-1c0787233671
4006c37a-94ac-467a-adb4-b263d24e25de,play_store,IN,Balamani Boda,3,,keep low price of ice creams,2026-07-19T06:20:16.699Z,0,,https://play.google.com/store/apps/details?id=com.grofers.customerapp&reviewId=4006c37a-94ac-467a-adb4-b263d24e25de
d8fd89de-21c7-4a59-833c-690557756a69,play_store,IN,Rajni Bala,1,,cant return the order and many times get destroy or damaged product and get low quality product,2026-07-19T06:20:14.777Z,0,,https://play.google.com/store/apps/details?id=com.grofers.customerapp&reviewId=d8fd89de-21c7-4a59-833c-690557756a69
e2bd0fea-6189-4cdc-bdd0-5a16a6a7740b,play_store,IN,Barnendu chakraborty,1,,"experience is not good, once,ordered delivered with wrong item and unable to contact or raise an issue, on another order cancelled by blinkit did not refund the money. No way to contact with customer care personel. Options provided in chat section ofen remain mismatch with the problems faced.",2026-07-19T06:20:11.350Z,0,18.7.0,https://play.google.com/store/apps/details?id=com.grofers.customerapp&reviewId=e2bd0fea-6189-4cdc-bdd0-5a16a6a7740b
8ce97476-d705-44d2-a8d9-6062f41a791f,play_store,IN,Riaz Ahmad,5,,Best option for me bcoz m 69 years old senior citizen.god bless,2026-07-19T06:18:25.268Z,0,18.9.3,https://play.google.com/store/apps/details?id=com.grofers.customerapp&reviewId=8ce97476-d705-44d2-a8d9-6062f41a791f
1183bdde-8e7f-4ca6-985f-439dd75939e7,play_store,IN,Piyush Patil,5,,good sarvis by blinkit,2026-07-19T06:16:59.965Z,0,18.13.0,https://play.google.com/store/apps/details?id=com.grofers.customerapp&reviewId=1183bdde-8e7f-4ca6-985f-439dd75939e7
f6baa558-162f-46e5-9255-e5d7e99d3e16,play_store,IN,rajesh kothapalli,5,,best platform for daily essentials,2026-07-19T06:15:40.641Z,0,18.9.3,https://play.google.com/store/apps/details?id=com.grofers.customerapp&reviewId=f6baa558-162f-46e5-9255-e5d7e99d3e16
72df7375-539c-4f7b-acde-1c45421ee3d1,play_store,IN,Danish Mahmood,5,,Very economic with quality products. Timely delivery on door steps,2026-07-19T06:15:36.972Z,0,18.9.3,https://play.google.com/store/apps/details?id=com.grofers.customerapp&reviewId=72df7375-539c-4f7b-acde-1c45421ee3d1
f7342bd6-69a0-4c6c-8e7b-f8f49bc2f0b5,play_store,IN,Shantanu Bobate,3,,good experience with blinkit but more items blinkit have to lonch on.,2026-07-19T06:14:12.196Z,0,18.9.3,https://play.google.com/store/apps/details?id=com.grofers.customerapp&reviewId=f7342bd6-69a0-4c6c-8e7b-f8f49bc2f0b5
0dc58e0b-501a-45ac-bab4-c5a4b2972561,play_store,IN,Sarika Babu,1,,"Worst app ever, no option to complain the replaced items which is still dirty, Item was replaced for providing expiry and dirty product, replaced item was in worst condition than previous yet I had no option to complain about it.",2026-07-19T06:13:50.511Z,0,18.9.3,https://play.google.com/store/apps/details?id=com.grofers.customerapp&reviewId=0dc58e0b-501a-45ac-bab4-c5a4b2972561
18efbc0f-cde2-46e0-9067-645e22bfdf20,play_store,IN,Harshit raj Mishra,1,,Didn't receive the order but in your app showing delivered and no one is here to help.,2026-07-19T06:12:22.471Z,0,,https://play.google.com/store/apps/details?id=com.grofers.customerapp&reviewId=18efbc0f-cde2-46e0-9067-645e22bfdf20
408bbcae-aa87-454c-80fe-b829f41ad81c,play_store,IN,Rajesh C,1,,item not received despite paying prepared..also delivery boy was rude and fighting with top of his voice,2026-07-19T06:12:15.320Z,0,,https://play.google.com/store/apps/details?id=com.grofers.customerapp&reviewId=408bbcae-aa87-454c-80fe-b829f41ad81c
ea5d80f0-6ba4-4f4a-9210-53e5d977e354,play_store,IN,Dev Jain,5,,great all needs available,2026-07-19T06:11:54.125Z,0,18.9.3,https://play.google.com/store/apps/details?id=com.grofers.customerapp&reviewId=ea5d80f0-6ba4-4f4a-9210-53e5d977e354
a6a9c583-082f-4f0a-8a86-a2d18cd81a87,play_store,IN,Satyendra Singh,5,,बहुत अच्छा आपका काम है,2026-07-19T06:10:58.538Z,0,18.9.3,https://play.google.com/store/apps/details?id=com.grofers.customerapp&reviewId=a6a9c583-082f-4f0a-8a86-a2d18cd81a87
a9de54e7-dd63-4c74-86b5-d23ac7feebc0,play_store,IN,Tejas Kamble,1,,i mistakely orderd the item and now they tell me the order will not return such poor policy from blinkit i hate that,2026-07-19T06:09:11.325Z,0,18.9.3,https://play.google.com/store/apps/details?id=com.grofers.customerapp&reviewId=a9de54e7-dd63-4c74-86b5-d23ac7feebc0
2d079f3a-89f1-413c-adaf-b0fb2341af4e,play_store,IN,preet Chauhan,5,,this app is very nice i git order in just 9mintues,2026-07-19T06:09:07.360Z,0,18.9.3,https://play.google.com/store/apps/details?id=com.grofers.customerapp&reviewId=2d079f3a-89f1-413c-adaf-b0fb2341af4e
37cfd518-8ed8-4472-99cf-be193e487427,play_store,IN,Keshri Kulmate,5,,"very useful for anything, anytime anywhere just love it",2026-07-19T06:05:47.305Z,0,18.3.0,https://play.google.com/store/apps/details?id=com.grofers.customerapp&reviewId=37cfd518-8ed8-4472-99cf-be193e487427
759e0b21-ad6e-499f-bc49-9ce5d9eaede4,play_store,IN,Rafat,5,,india ka sabse acha delivery app,2026-07-19T06:05:37.330Z,0,18.9.3,https://play.google.com/store/apps/details?id=com.grofers.customerapp&reviewId=759e0b21-ad6e-499f-bc49-9ce5d9eaede4
b1227e9e-f5e4-4070-b753-89e2d7cb3726,play_store,IN,Shashikala Shirpayli,4,,you can add more things and variety in your aap but as well as ok,2026-07-19T06:03:30.551Z,0,18.9.3,https://play.google.com/store/apps/details?id=com.grofers.customerapp&reviewId=b1227e9e-f5e4-4070-b753-89e2d7cb3726
c1384605-9d34-4435-b73e-817933aff013,play_store,IN,Arun Kumar,1,,i ordered a remote car. there was no charging cable inside the box. when i was complaint to customer care they closed the chat. very bad experience don't order electronic devices,2026-07-19T06:01:41.817Z,0,18.13.0,https://play.google.com/store/apps/details?id=com.grofers.customerapp&reviewId=c1384605-9d34-4435-b73e-817933aff013
b1207e8c-71fa-4886-853b-899e6babef16,play_store,IN,Nitin Bhatia,5,,best service blinkit......,2026-07-19T06:00:49.998Z,0,18.9.3,https://play.google.com/store/apps/details?id=com.grofers.customerapp&reviewId=b1207e8c-71fa-4886-853b-899e6babef16
94cdb068-4234-4bb7-8cb4-cf7dcde9f8b2,play_store,IN,Gunjana sunwar mukhia Mukhia,4,,since I've using this app from last 2 years but I never got a single gift thank you 😭,2026-07-19T05:59:04.262Z,0,18.7.0,https://play.google.com/store/apps/details?id=com.grofers.customerapp&reviewId=94cdb068-4234-4bb7-8cb4-cf7dcde9f8b2
5ec1173a-4e9a-4176-b662-00ac54701c69,play_store,IN,Hetal Rathod,5,,Amazing. Very quick delivery i got. This is the fastest app i had ever seen in my life. The app is as faster as flash,2026-07-19T05:58:04.113Z,0,18.9.3,https://play.google.com/store/apps/details?id=com.grofers.customerapp&reviewId=5ec1173a-4e9a-4176-b662-00ac54701c69
e1f8a49f-ba69-4f51-8100-821b2008226d,play_store,IN,Samar Kumar,5,,best and good quality product,2026-07-19T05:54:53.849Z,0,18.9.3,https://play.google.com/store/apps/details?id=com.grofers.customerapp&reviewId=e1f8a49f-ba69-4f51-8100-821b2008226d
0ae57f83-1f2e-4307-a636-7b57b7c700aa,play_store,IN,RAHUL R,1,,VERY VERY BAD EXPERIENCE THE GROCERIES ITEMS WERE DELIVERED WITHOUT ANY PAKAGING,2026-07-19T05:54:40.523Z,0,18.7.0,https://play.google.com/store/apps/details?id=com.grofers.customerapp&reviewId=0ae57f83-1f2e-4307-a636-7b57b7c700aa
65971d86-abfd-494f-9128-518ec2476a23,play_store,IN,Raju Shakya,5,,wow this is very nice 👍🙂,2026-07-19T05:54:06.270Z,0,18.9.3,https://play.google.com/store/apps/details?id=com.grofers.customerapp&reviewId=65971d86-abfd-494f-9128-518ec2476a23
b1aac0ea-b279-49a4-8f54-c83d1162310b,play_store,IN,salim amaan,5,,very very nice and good I like it so much thanks,2026-07-19T05:54:01.302Z,0,18.7.0,https://play.google.com/store/apps/details?id=com.grofers.customerapp&reviewId=b1aac0ea-b279-49a4-8f54-c83d1162310b
9a67b9c1-5034-4a65-9fc1-41e6999d6423,play_store,IN,anushka singhal,5,,Always helpful for my last minute needs.,2026-07-19T05:52:35.326Z,0,18.9.3,https://play.google.com/store/apps/details?id=com.grofers.customerapp&reviewId=9a67b9c1-5034-4a65-9fc1-41e6999d6423
a7c2866c-67ac-496f-95ea-b01093e9831f,play_store,IN,T VINOD SINGH SINGH,5,,very helpful for peoples,2026-07-19T05:51:01.337Z,0,18.9.3,https://play.google.com/store/apps/details?id=com.grofers.customerapp&reviewId=a7c2866c-67ac-496f-95ea-b01093e9831f
11839230-09d2-498a-9bf7-5ef50a97669a,play_store,IN,Krishna Nath,5,,very good app to use,2026-07-19T05:50:02.457Z,0,18.9.3,https://play.google.com/store/apps/details?id=com.grofers.customerapp&reviewId=11839230-09d2-498a-9bf7-5ef50a97669a
69c90e68-7915-412d-95c5-481592a0ee19,play_store,IN,Chirag Sharma,1,,"worst app seen , it will block your cod if you cancelled one order , they will not see that the customer only cancelled one order but he used and ordered from it many times don't use this app use other applications . 1 day passed after this review , they mail me that they will provide solutions as soon as possible but no solution was provided, on playstore they replied my review , but did nothing don't use this application. worst",2026-07-19T05:49:32.601Z,0,18.13.0,https://play.google.com/store/apps/details?id=com.grofers.customerapp&reviewId=69c90e68-7915-412d-95c5-481592a0ee19
88164302-1a54-4a18-b709-a063ee4bd273,play_store,IN,Aaradhya Singh,5,,Amazing and very fast,2026-07-19T05:48:52.266Z,0,17.65.0,https://play.google.com/store/apps/details?id=com.grofers.customerapp&reviewId=88164302-1a54-4a18-b709-a063ee4bd273
ebf51ed1-36f5-4d54-9d89-775c59ecc539,play_store,IN,Shekhar Thakurathi,5,,"Very good experience when i need things instantly given to me, it comes with speed of light. Very happy with the service.",2026-07-19T05:47:36.973Z,0,18.9.3,https://play.google.com/store/apps/details?id=com.grofers.customerapp&reviewId=ebf51ed1-36f5-4d54-9d89-775c59ecc539
ce89ad86-fc22-4599-bda4-c98b7be56931,play_store,IN,Aryan Negi,5,,"⭐⭐⭐⭐⭐ Excellent quality blanket! It was delivered on time, exactly as promised. The material is soft, warm, and feels very premium. The stitching and overall finish are excellent, and it provides great comfort. I'm really happy with my purchase and the entire shopping experience. Fast delivery, great quality, and good value for money. Highly recommended!",2026-07-19T05:47:26.612Z,0,18.9.3,https://play.google.com/store/apps/details?id=com.grofers.customerapp&reviewId=ce89ad86-fc22-4599-bda4-c98b7be56931
406b6c74-11cc-411c-ae34-843fb9a2b3ea,play_store,IN,Abhisek Dhal,4,,Blink it should update its serviceable area pincode list.,2026-07-19T05:45:27.940Z,0,18.9.3,https://play.google.com/store/apps/details?id=com.grofers.customerapp&reviewId=406b6c74-11cc-411c-ae34-843fb9a2b3ea
c1c88744-4633-4120-a980-f28e24a4b943,play_store,IN,Shalu Rajak,5,,i m admitted to the hospital and got periods asked for paid no one listened from last 1 hour. then I used blinkit and it never disappointed me. in 12min I got paids and panty. happy to use your services ❣️,2026-07-19T05:44:57.271Z,0,18.9.3,https://play.google.com/store/apps/details?id=com.grofers.customerapp&reviewId=c1c88744-4633-4120-a980-f28e24a4b943
d8f3c452-1924-4449-bf39-c5fda5eed477,play_store,IN,Sana Birajdar,3,,some time the charges are more taken for delivery,2026-07-19T05:44:07.858Z,0,18.7.0,https://play.google.com/store/apps/details?id=com.grofers.customerapp&reviewId=d8f3c452-1924-4449-bf39-c5fda5eed477
3f92757a-c5b3-4936-8132-ccd6c5995f7b,play_store,IN,Ishika Rajput,5,,"last minute saver , love it",2026-07-19T05:43:16.640Z,0,18.9.3,https://play.google.com/store/apps/details?id=com.grofers.customerapp&reviewId=3f92757a-c5b3-4936-8132-ccd6c5995f7b
5fb480f7-6147-4dc1-af3b-defae2e5f296,play_store,IN,Vaishali Chanaliya,1,,ridiculous...not giving any response or resolution ....not any replacement...do hell with this app....I will uninstall this useless thing,2026-07-19T05:42:58.615Z,0,18.9.3,https://play.google.com/store/apps/details?id=com.grofers.customerapp&reviewId=5fb480f7-6147-4dc1-af3b-defae2e5f296
4c54537c-99db-4013-bd39-401ab8db8454,play_store,IN,Sonu Baghel,1,,last time delivery guy so rude,2026-07-19T05:42:37.860Z,0,18.9.3,https://play.google.com/store/apps/details?id=com.grofers.customerapp&reviewId=4c54537c-99db-4013-bd39-401ab8db8454
5bf80cbf-6892-4a0d-9932-b47022cb9136,play_store,IN,ramya Suverna,5,,veryyy quick and efficient. makes life sooo much easier. you name it and you have it in 10mins,2026-07-19T05:37:39.957Z,0,18.9.3,https://play.google.com/store/apps/details?id=com.grofers.customerapp&reviewId=5bf80cbf-6892-4a0d-9932-b47022cb9136
90239cdd-911e-4b1d-b21e-d777802606ae,play_store,IN,G Prabhakaran,1,,Customer care chat not solving reported problem,2026-07-19T05:37:13.156Z,0,18.9.3,https://play.google.com/store/apps/details?id=com.grofers.customerapp&reviewId=90239cdd-911e-4b1d-b21e-d777802606ae
c3fb7296-6b57-458b-af69-08c5309b4a41,play_store,IN,Mitushi Agrawal,1,,"I am not able to open my need help section and complain about the rotten, expired or damaged products.. I have complained about this so many times on their registered mail I'd, X, Instagram and Facebook.. But to no avail.. Nobody has called me and nothing is dibsy about it...Due to vich I loose money every time I order b coz mostly something or the other is coming faulty.. My acct is restricted since one month now... Watz happening..?.. Done expect such unprofessional and non caring attitude..",2026-07-19T05:37:11.432Z,0,,https://play.google.com/store/apps/details?id=com.grofers.customerapp&reviewId=c3fb7296-6b57-458b-af69-08c5309b4a41
8690df58-af8c-4bc3-943a-fe4bd39d8e83,play_store,IN,Ansh gamer,5,,acha hi pr bahut mahnga deta hu saman,2026-07-19T05:32:08.350Z,0,18.7.0,https://play.google.com/store/apps/details?id=com.grofers.customerapp&reviewId=8690df58-af8c-4bc3-943a-fe4bd39d8e83
7cb9558d-f9f0-4394-8f8a-cf6457fb4016,play_store,IN,Rakesh Kumar,5,,"Superfast, always on time, good quality..what else you need...",2026-07-19T05:29:43.341Z,0,18.7.0,https://play.google.com/store/apps/details?id=com.grofers.customerapp&reviewId=7cb9558d-f9f0-4394-8f8a-cf6457fb4016
665806e1-9341-4b88-9114-727ccd4ef176,play_store,IN,Nisha Goyal,5,,i love this app its so convenient and perfect.,2026-07-19T05:29:20.592Z,0,,https://play.google.com/store/apps/details?id=com.grofers.customerapp&reviewId=665806e1-9341-4b88-9114-727ccd4ef176
5c1d6209-a2e3-4cb2-a1d7-54d9fd2eee54,play_store,IN,om kulkarni,5,,c'mon everybody knows it is cool,2026-07-19T05:28:00.333Z,0,,https://play.google.com/store/apps/details?id=com.grofers.customerapp&reviewId=5c1d6209-a2e3-4cb2-a1d7-54d9fd2eee54
56ac3ba9-f973-4aad-ad8b-adb930b1a04b,play_store,IN,Rohit Meena,5,,best online shopping app I have ever seen,2026-07-19T05:27:32.832Z,0,18.9.3,https://play.google.com/store/apps/details?id=com.grofers.customerapp&reviewId=56ac3ba9-f973-4aad-ad8b-adb930b1a04b
879ab0c8-3292-470a-b814-a81aa5aebeea,play_store,IN,Meraj Hasan,5,,"Fabulous , excellence in efficiency.",2026-07-19T05:26:49.604Z,0,,https://play.google.com/store/apps/details?id=com.grofers.customerapp&reviewId=879ab0c8-3292-470a-b814-a81aa5aebeea
e73d6c94-a32e-4a89-a023-9a35f7f6b55c,play_store,IN,Elizabeth kurian,5,,"excellent service, very helpful",2026-07-19T05:26:20.402Z,0,18.9.3,https://play.google.com/store/apps/details?id=com.grofers.customerapp&reviewId=e73d6c94-a32e-4a89-a023-9a35f7f6b55c
2edfc608-ee2a-44b0-8d16-19ab29b102b0,play_store,IN,Alok Chandra,5,,My earlier issue was promptly resolved by Blinkit. Customer Care is very responsive and takes quick decisions in solving the issue. I am using Blinkit on a regular basis and fully satisfied.,2026-07-19T05:25:15.504Z,0,,https://play.google.com/store/apps/details?id=com.grofers.customerapp&reviewId=2edfc608-ee2a-44b0-8d16-19ab29b102b0
f086a189-dc28-4310-89c2-35a8889ddb17,play_store,IN,Aman Saw,5,,100 rs bhi kae do re baba 150 rs nai thae mera pass,2026-07-19T05:24:03.374Z,0,,https://play.google.com/store/apps/details?id=com.grofers.customerapp&reviewId=f086a189-dc28-4310-89c2-35a8889ddb17
ce465435-0883-489d-802d-bac2b61a54d0,play_store,IN,arunima malik,5,,One of the most important and useful app,2026-07-19T05:23:28.660Z,0,18.9.3,https://play.google.com/store/apps/details?id=com.grofers.customerapp&reviewId=ce465435-0883-489d-802d-bac2b61a54d0
9fe2b028-2bab-4942-bd22-1e14a7b95724,play_store,IN,Shekhar Singh,1,,deliveries are very late time showing 12-13 min after product packed but reached me at 30 minutes very irresponsible,2026-07-19T05:23:01.340Z,0,18.9.3,https://play.google.com/store/apps/details?id=com.grofers.customerapp&reviewId=9fe2b028-2bab-4942-bd22-1e14a7b95724
4e3b34cc-fee8-44a1-b284-64a34100a7c0,play_store,IN,Omitta,5,,Blinkit Is Amazing 👍,2026-07-19T05:19:15.146Z,0,18.9.3,https://play.google.com/store/apps/details?id=com.grofers.customerapp&reviewId=4e3b34cc-fee8-44a1-b284-64a34100a7c0
a17c57e2-52e7-462f-8b47-84bbe73113d2,play_store,IN,Bharti Ahirwar,5,,"""Excellent app! Fast delivery, good product quality, and easy-to-use interface. Delivery partners are polite, and customer support is helpful. Highly recommended!""",2026-07-19T05:17:34.680Z,0,18.7.0,https://play.google.com/store/apps/details?id=com.grofers.customerapp&reviewId=a17c57e2-52e7-462f-8b47-84bbe73113d2
00bac2ad-af09-400c-9482-8748cd4738fd,play_store,IN,Subhash Subramanyam,5,,Blinkit promises fast delivery of orders. Shipper folks are mostly friendly.,2026-07-19T05:15:04.203Z,0,18.9.3,https://play.google.com/store/apps/details?id=com.grofers.customerapp&reviewId=00bac2ad-af09-400c-9482-8748cd4738fd
feb01980-4643-4264-b530-09608bf82c4c,play_store,IN,Varun Dharwal,5,,good service & great app,2026-07-19T05:14:59.855Z,0,18.9.3,https://play.google.com/store/apps/details?id=com.grofers.customerapp&reviewId=feb01980-4643-4264-b530-09608bf82c4c
b21db687-bb81-4b4e-8098-ad2ab721525d,play_store,IN,Nalini priya,5,,it's very convenient for us,2026-07-19T05:14:27.346Z,0,18.9.3,https://play.google.com/store/apps/details?id=com.grofers.customerapp&reviewId=b21db687-bb81-4b4e-8098-ad2ab721525d
b0828b26-6e65-48ae-a028-5832758e00de,play_store,IN,MAHESH GOSWAMI,5,,Blinkit helps old person who are staying alone needs some urgently .Must some discount should ne given person above 60,2026-07-19T05:09:36.837Z,0,18.9.3,https://play.google.com/store/apps/details?id=com.grofers.customerapp&reviewId=b0828b26-6e65-48ae-a028-5832758e00de
b3539630-4058-4895-bfac-f42bd561e9df,play_store,IN,Nagaratna Gunjal,5,,Nice!. Great service!..,2026-07-19T05:07:36.140Z,0,18.9.3,https://play.google.com/store/apps/details?id=com.grofers.customerapp&reviewId=b3539630-4058-4895-bfac-f42bd561e9df
299e013c-1961-4ce4-b9bd-3e491998cff5,play_store,IN,Laxmi Devi,1,,cancellation option nahin hota,2026-07-19T05:05:20.578Z,0,18.9.3,https://play.google.com/store/apps/details?id=com.grofers.customerapp&reviewId=299e013c-1961-4ce4-b9bd-3e491998cff5
53496e16-6e28-4d28-86c1-504a1e2e0c93,play_store,IN,Manoj Kumar Shaw,5,,all products is current date supply,2026-07-19T05:04:13.323Z,0,18.9.3,https://play.google.com/store/apps/details?id=com.grofers.customerapp&reviewId=53496e16-6e28-4d28-86c1-504a1e2e0c93
68a6bdcf-519a-4e4a-9441-b14a8363dada,play_store,IN,Narumugai Yaline,5,,best experience...receiving the products on time...,2026-07-19T05:03:37.101Z,0,18.9.3,https://play.google.com/store/apps/details?id=com.grofers.customerapp&reviewId=68a6bdcf-519a-4e4a-9441-b14a8363dada
3056d398-7ea3-4b73-aab9-c9874e874953,play_store,IN,bhawna kashyap,4,,Everything is Great but sometimes it becomes too expensive 🫰🏼 rest it's perfect for gifting 💕.,2026-07-19T05:02:06.546Z,0,18.9.3,https://play.google.com/store/apps/details?id=com.grofers.customerapp&reviewId=3056d398-7ea3-4b73-aab9-c9874e874953
26795c79-a348-42d0-83d7-0952654526ae,play_store,IN,Sumit Kumar,5,,"wah, jab tak aap bazar jane ki liye taiyar hote hai, ye log delivery kar dete hai ghar tak. aur kya chaiye. fruits and vegetables ka price high rahata hai. rest all ok.",2026-07-19T05:00:14.474Z,0,18.9.3,https://play.google.com/store/apps/details?id=com.grofers.customerapp&reviewId=26795c79-a348-42d0-83d7-0952654526ae
7c35009f-d26f-46f0-ab8f-1e8bbf87f296,play_store,IN,Nandini Bujji,5,,i am happy with this app because it makes my problem hassle free wherever in india I go thank you blink it for creating wonderful helpful app,2026-07-19T04:58:36.791Z,0,18.9.3,https://play.google.com/store/apps/details?id=com.grofers.customerapp&reviewId=7c35009f-d26f-46f0-ab8f-1e8bbf87f296
3c239b1a-e6a3-4ecc-8950-1161c5ae243e,play_store,IN,Namita Dixit Bajpai,4,,GREAT !! but need to improve the return facility,2026-07-19T04:58:26.781Z,0,18.9.3,https://play.google.com/store/apps/details?id=com.grofers.customerapp&reviewId=3c239b1a-e6a3-4ecc-8950-1161c5ae243e
149c43a1-1046-45bb-8afe-588ac73f0180,play_store,IN,Pruthviraj Kalunge,5,,Quick. Y Unexpectedly fast,2026-07-19T04:57:29.166Z,0,18.9.3,https://play.google.com/store/apps/details?id=com.grofers.customerapp&reviewId=149c43a1-1046-45bb-8afe-588ac73f0180
eda3ece9-ffa6-4e2c-91bd-38e386bec1c7,play_store,IN,Sharmila Sinha,5,,very useful and very fast delivery,2026-07-19T04:57:23.634Z,0,18.9.3,https://play.google.com/store/apps/details?id=com.grofers.customerapp&reviewId=eda3ece9-ffa6-4e2c-91bd-38e386bec1c7
3341c7b2-536e-4b6b-9c52-fb11a6c52fa3,play_store,IN,Sanjeev Kumar,5,,bhaiyon yah app bahut badhiya hai Maine pahli bar istemal kara is app ka tum mujhe badhiya result dekhne Ko Mila,2026-07-19T04:55:49.740Z,0,18.9.3,https://play.google.com/store/apps/details?id=com.grofers.customerapp&reviewId=3341c7b2-536e-4b6b-9c52-fb11a6c52fa3
3cda1d13-9046-4986-912f-7ba9bee6522a,play_store,IN,Akanksha Sharma,5,,Delivery boy behaviour is rude sometimes,2026-07-19T04:55:27.218Z,0,18.9.3,https://play.google.com/store/apps/details?id=com.grofers.customerapp&reviewId=3cda1d13-9046-4986-912f-7ba9bee6522a
00f4a8e4-1ca9-4590-83a0-c5a9ed56d7d7,play_store,IN,Soumya M,4,,super times cover and i give 4 star because the first oder 'so,2026-07-19T04:54:45.337Z,0,18.9.3,https://play.google.com/store/apps/details?id=com.grofers.customerapp&reviewId=00f4a8e4-1ca9-4590-83a0-c5a9ed56d7d7
c4f701e9-c955-4b90-8c61-4228174d1592,play_store,IN,Divyanshu Kumar,4,,delivery is on time but some time delivery partner was not having change,2026-07-19T04:53:03.775Z,0,18.9.3,https://play.google.com/store/apps/details?id=com.grofers.customerapp&reviewId=c4f701e9-c955-4b90-8c61-4228174d1592
07784005-e950-44bb-9fca-00a083f7d1ab,play_store,IN,Puja Kumari,1,,very bad not return the any item,2026-07-19T04:52:58.370Z,0,18.9.3,https://play.google.com/store/apps/details?id=com.grofers.customerapp&reviewId=07784005-e950-44bb-9fca-00a083f7d1ab
9c2cc485-2790-41c7-be84-53805e596971,play_store,IN,Simran Sinha,5,,pr todha discount hona chiye,2026-07-19T04:49:44.479Z,0,,https://play.google.com/store/apps/details?id=com.grofers.customerapp&reviewId=9c2cc485-2790-41c7-be84-53805e596971
0a5bdfd9-c0f0-4a1a-9953-ab2d2e9f126e,play_store,IN,Nazia Fatima,5,,good it is a good service,2026-07-19T04:48:37.153Z,0,17.71.2,https://play.google.com/store/apps/details?id=com.grofers.customerapp&reviewId=0a5bdfd9-c0f0-4a1a-9953-ab2d2e9f126e
0be0f54b-cad6-4985-a17f-aaed32532a2c,play_store,IN,Karl,4,,"please improve the delivery experience despite exact house location on map the guy goes somewhere else , calls me 10 times and ask the location, wrong delivery twice a month but the rest is 10/10 definitely a blink and it's on your door step within 10min love that support team are quick too",2026-07-19T04:47:13.744Z,0,18.9.3,https://play.google.com/store/apps/details?id=com.grofers.customerapp&reviewId=0be0f54b-cad6-4985-a17f-aaed32532a2c
2fc2aefa-ed7e-489c-87a0-bffbdd7d2d26,play_store,IN,Rahulrajput,5,,best delivery in home,2026-07-19T04:45:13.498Z,0,18.7.0,https://play.google.com/store/apps/details?id=com.grofers.customerapp&reviewId=2fc2aefa-ed7e-489c-87a0-bffbdd7d2d26
45244a46-e4fc-4090-9f10-f99b7b282035,play_store,IN,Aratrika Sah,5,,very gud app 💕💔✌🏻,2026-07-19T04:45:12.740Z,0,18.9.3,https://play.google.com/store/apps/details?id=com.grofers.customerapp&reviewId=45244a46-e4fc-4090-9f10-f99b7b282035
ee7f8d72-3546-4265-bf46-749e00abe16c,play_store,IN,Prarthi Modi,3,,easy to order but vegetable quality very poor,2026-07-19T04:42:39.869Z,1,18.9.3,https://play.google.com/store/apps/details?id=com.grofers.customerapp&reviewId=ee7f8d72-3546-4265-bf46-749e00abe16c
7142c93e-cfe5-4b7e-a752-10abcda12949,play_store,IN,SAPANA SINGH KARNADHAR,5,,excellent service . very fast delivery and in real price . 🥰🥰,2026-07-19T04:41:52.732Z,0,18.9.3,https://play.google.com/store/apps/details?id=com.grofers.customerapp&reviewId=7142c93e-cfe5-4b7e-a752-10abcda12949
79916953-7a45-4ce5-b3fc-c08efdc9f485,play_store,IN,Debasmita Banerjee,3,,"everything is fine but the delivery charge. I reside just behind the blinkit warehouse at Jagacha, Howrah. Still I have to pay the delivery charge. the person comes to my house within just 5 minutes by walking. the delivery charge should be applied regarding the distance. I posted this earlier. The issue remains the same. Very disappointed.",2026-07-19T04:40:02.140Z,1,18.9.3,https://play.google.com/store/apps/details?id=com.grofers.customerapp&reviewId=79916953-7a45-4ce5-b3fc-c08efdc9f485
e01d4e22-8dac-4201-950d-ad385cc8432d,play_store,IN,Antim Sisodiya,4,,provide more options,2026-07-19T04:37:37.198Z,0,18.9.3,https://play.google.com/store/apps/details?id=com.grofers.customerapp&reviewId=e01d4e22-8dac-4201-950d-ad385cc8432d
e7e1ee1d-f1ed-4f68-b858-faeeefc18e7f,play_store,IN,Sahil Narang,1,,"downgrade, better alternative available now",2026-07-19T04:35:39.586Z,0,18.9.3,https://play.google.com/store/apps/details?id=com.grofers.customerapp&reviewId=e7e1ee1d-f1ed-4f68-b858-faeeefc18e7f
a1e8171b-82fb-41c9-a150-61515be5e3b5,play_store,IN,Kasi Viswanathan,5,,fast delivery fresh products we get offer things thank you,2026-07-19T04:33:53.557Z,0,18.7.0,https://play.google.com/store/apps/details?id=com.grofers.customerapp&reviewId=a1e8171b-82fb-41c9-a150-61515be5e3b5
d9784f40-711e-4782-b421-e2c831e29454,play_store,IN,Shambhu kumar Roy,2,,showing 28 minutes to deliver after getting payment.,2026-07-19T04:33:40.550Z,0,18.7.0,https://play.google.com/store/apps/details?id=com.grofers.customerapp&reviewId=d9784f40-711e-4782-b421-e2c831e29454
9c6dd9a4-d447-45c7-a036-6bff4426561c,play_store,IN,Priya Singh,5,,Too Good this app for single family,2026-07-19T04:32:26.509Z,0,,https://play.google.com/store/apps/details?id=com.grofers.customerapp&reviewId=9c6dd9a4-d447-45c7-a036-6bff4426561c
00662076-70d5-4061-bce0-b92ec2acf757,play_store,IN,Ubaid Ahmad,5,,QUICK AND EASY. VARIETIES OF CHOICE,2026-07-19T04:31:56.281Z,0,18.9.3,https://play.google.com/store/apps/details?id=com.grofers.customerapp&reviewId=00662076-70d5-4061-bce0-b92ec2acf757
585ad7d0-f727-4670-afc5-e9b90dc66fcc,play_store,IN,Subhabati Pathak,5,,ham log ke liye 10 minut mein bahut kuchh ho jata hai,2026-07-19T04:31:00.400Z,0,18.9.3,https://play.google.com/store/apps/details?id=com.grofers.customerapp&reviewId=585ad7d0-f727-4670-afc5-e9b90dc66fcc
4117b5bc-83eb-49a6-91f6-a6246dfa6ebc,play_store,IN,Siddiq Ahmed,4,,I will decide after it will come,2026-07-19T04:26:14.639Z,0,18.9.3,https://play.google.com/store/apps/details?id=com.grofers.customerapp&reviewId=4117b5bc-83eb-49a6-91f6-a6246dfa6ebc
9d2940f9-e580-48bb-9cbf-3b43c25cbd84,play_store,IN,Akil Khan,5,,very fast delivery so good 😘🥰,2026-07-19T04:25:44.773Z,0,18.9.3,https://play.google.com/store/apps/details?id=com.grofers.customerapp&reviewId=9d2940f9-e580-48bb-9cbf-3b43c25cbd84
ac5b8e33-e9e2-4a1a-b7cd-c13b13c4d598,play_store,IN,Kamini Prajapati,4,,good facility..in case of emergency your service is very useful for us ..thanks for,2026-07-19T04:24:39.508Z,0,18.13.0,https://play.google.com/store/apps/details?id=com.grofers.customerapp&reviewId=ac5b8e33-e9e2-4a1a-b7cd-c13b13c4d598
713c4cad-c0da-4017-86b8-5e69c0b7c3a7,play_store,IN,Gurdwara Sri Singh Sabha Sector 22,1,,you deliver a break item,2026-07-19T04:22:06.465Z,0,18.9.3,https://play.google.com/store/apps/details?id=com.grofers.customerapp&reviewId=713c4cad-c0da-4017-86b8-5e69c0b7c3a7
432c9e93-905e-4c99-9608-8f28e67b816a,play_store,IN,Neeta Saxena,5,,wow this app is amazing install this app they give parcels in 10 or 14 minutes,2026-07-19T04:17:29.916Z,0,,https://play.google.com/store/apps/details?id=com.grofers.customerapp&reviewId=432c9e93-905e-4c99-9608-8f28e67b816a
ff84e567-07a9-423f-b876-6a163e4f662c,play_store,IN,Ayush Sahare,5,,Best app for last minute,2026-07-19T04:16:21.704Z,0,18.9.3,https://play.google.com/store/apps/details?id=com.grofers.customerapp&reviewId=ff84e567-07a9-423f-b876-6a163e4f662c
859532a2-fc31-400e-a469-aabdeef8b8b0,play_store,IN,Kavita Sharma,5,,Thank you for giving this opportunity to get our product in a few minutes,2026-07-19T04:15:34.240Z,0,18.7.0,https://play.google.com/store/apps/details?id=com.grofers.customerapp&reviewId=859532a2-fc31-400e-a469-aabdeef8b8b0
55b6ae08-b628-46a5-b474-aa566d7b0f7f,play_store,IN,Raj Bele,5,,Good service and Good quality of products on time deveivery,2026-07-19T04:14:54.369Z,0,,https://play.google.com/store/apps/details?id=com.grofers.customerapp&reviewId=55b6ae08-b628-46a5-b474-aa566d7b0f7f
61e1dbc9-87d0-4ae6-9afd-1fc2c30da0d2,play_store,IN,Chandru Kr,1,,A lot of prices variation between zepto and blink it... zepto is better than blink it,2026-07-19T04:14:45.792Z,0,,https://play.google.com/store/apps/details?id=com.grofers.customerapp&reviewId=61e1dbc9-87d0-4ae6-9afd-1fc2c30da0d2
e778ca0b-7873-4061-9900-ea0be70dc9c1,play_store,IN,Ritu gupta,5,,tooooooooo fast delivery,2026-07-19T04:14:30.800Z,0,,https://play.google.com/store/apps/details?id=com.grofers.customerapp&reviewId=e778ca0b-7873-4061-9900-ea0be70dc9c1
647d43e3-1eda-4e01-aa0e-ccf32ed1f72b,play_store,IN,Prince Guray,1,,"This is a very bad app and it is fake. Firstly they give bad information and on top of that they are not even exchanging. I had a very bad experience, it was my first time.",2026-07-19T04:12:51.462Z,0,18.9.3,https://play.google.com/store/apps/details?id=com.grofers.customerapp&reviewId=647d43e3-1eda-4e01-aa0e-ccf32ed1f72b
710d65eb-8abe-429c-b8c5-2c86405d1758,play_store,IN,Devika Durga,5,,super for fast delivery,2026-07-19T04:12:17.656Z,0,18.9.3,https://play.google.com/store/apps/details?id=com.grofers.customerapp&reviewId=710d65eb-8abe-429c-b8c5-2c86405d1758
6c899512-37fa-4476-a702-ba06a2d7647c,play_store,IN,Urooz Rao,4,,good App and best prices 👌,2026-07-19T04:05:30.260Z,0,18.9.3,https://play.google.com/store/apps/details?id=com.grofers.customerapp&reviewId=6c899512-37fa-4476-a702-ba06a2d7647c
b3e6add2-6d6d-4995-9f11-b1e22597b1d8,play_store,IN,Darshana Patel,5,,please add uluva chira ( methi leaves) in your stock.,2026-07-19T04:04:45.800Z,0,18.9.3,https://play.google.com/store/apps/details?id=com.grofers.customerapp&reviewId=b3e6add2-6d6d-4995-9f11-b1e22597b1d8
8b7229b6-7cfb-4687-8f72-4d321b15fe69,play_store,IN,atish kumar,1,,I order one product and it was faulty,2026-07-19T04:03:27.655Z,1,,https://play.google.com/store/apps/details?id=com.grofers.customerapp&reviewId=8b7229b6-7cfb-4687-8f72-4d321b15fe69
fa4f9c12-c526-431c-8198-2880fc957c99,play_store,IN,bibhor singh,3,,very bad delivery partners you people are keeping with you this needs to be verified before confirming.,2026-07-19T04:03:09.640Z,0,17.71.2,https://play.google.com/store/apps/details?id=com.grofers.customerapp&reviewId=fa4f9c12-c526-431c-8198-2880fc957c99
f5f253d0-67a3-44fe-be17-7d824f164947,play_store,IN,Shiva Kumar,1,,worst app customer care worst,2026-07-19T04:00:16.277Z,0,18.9.3,https://play.google.com/store/apps/details?id=com.grofers.customerapp&reviewId=f5f253d0-67a3-44fe-be17-7d824f164947
df6b8dfa-27cf-4436-92c9-494d3b8ae60f,play_store,IN,D.Banerjee XI C,5,,They have good delivery speed and almost everyone is polite. They have good support staff too,2026-07-19T03:57:46.465Z,0,18.9.3,https://play.google.com/store/apps/details?id=com.grofers.customerapp&reviewId=df6b8dfa-27cf-4436-92c9-494d3b8ae60f
3cd2eebf-4ff7-41a7-8875-194afda83fc7,play_store,IN,Mirza Saud beg,4,,good experience blinkit groceries on time delivery but not good offer plz give me good offer and mind bowling service to more incriese service and offer good luck.....all blinkit team...,2026-07-19T03:55:28.560Z,0,,https://play.google.com/store/apps/details?id=com.grofers.customerapp&reviewId=3cd2eebf-4ff7-41a7-8875-194afda83fc7
cf559743-e560-40c7-858a-15646936d6cc,play_store,IN,Amit kumar,5,,One of the best app out there,2026-07-19T03:55:18.112Z,0,18.9.3,https://play.google.com/store/apps/details?id=com.grofers.customerapp&reviewId=cf559743-e560-40c7-858a-15646936d6cc
350db05f-f295-4ab2-b059-9f85434410a6,play_store,IN,Arif Rashid,5,,very helpful for working families and at good rates.,2026-07-19T03:54:29.376Z,0,18.9.3,https://play.google.com/store/apps/details?id=com.grofers.customerapp&reviewId=350db05f-f295-4ab2-b059-9f85434410a6
8f1afa3a-3e5b-4d6a-9937-421f0048d0b4,play_store,IN,Rani Singh,5,,everything is perfect 👍☺️,2026-07-19T03:52:33.302Z,1,18.9.3,https://play.google.com/store/apps/details?id=com.grofers.customerapp&reviewId=8f1afa3a-3e5b-4d6a-9937-421f0048d0b4
46eaf192-35bb-459e-b697-ad53b48d72bf,play_store,IN,Vaishnavi Chute,5,,thank you so much your are a blessed banquet,2026-07-19T03:51:00.496Z,0,18.9.3,https://play.google.com/store/apps/details?id=com.grofers.customerapp&reviewId=46eaf192-35bb-459e-b697-ad53b48d72bf
2091ebc7-221a-4835-8f18-d812d0da7aba,play_store,IN,Navin Tandon,5,,very responsive and quick,2026-07-19T03:50:16.170Z,0,18.9.3,https://play.google.com/store/apps/details?id=com.grofers.customerapp&reviewId=2091ebc7-221a-4835-8f18-d812d0da7aba
9b074a92-e320-4ff5-80d9-22e54dc94b6c,play_store,IN,Nirmal Rawat,1,,"delivery boy smashed the door so hard, no manners at all. very arrogant.",2026-07-19T03:47:28.363Z,0,18.9.3,https://play.google.com/store/apps/details?id=com.grofers.customerapp&reviewId=9b074a92-e320-4ff5-80d9-22e54dc94b6c
5d899745-e7c6-4918-863f-870b15f4d6ef,play_store,IN,R P Singh,5,,nice rate should be as per market,2026-07-19T03:46:33.400Z,0,18.9.3,https://play.google.com/store/apps/details?id=com.grofers.customerapp&reviewId=5d899745-e7c6-4918-863f-870b15f4d6ef
a53a5504-0e44-458d-8131-20cb924665b2,play_store,IN,Prem Kumar,4,,"No great discount given, Can be given for repeated user with some points just an suggestion",2026-07-19T03:45:49.227Z,0,18.7.0,https://play.google.com/store/apps/details?id=com.grofers.customerapp&reviewId=a53a5504-0e44-458d-8131-20cb924665b2
3b55e9d4-8c9d-4659-80d9-bc22320546c5,play_store,IN,Iqra Khan,5,,very helpful and nice service 👍,2026-07-19T03:44:55.285Z,0,18.7.0,https://play.google.com/store/apps/details?id=com.grofers.customerapp&reviewId=3b55e9d4-8c9d-4659-80d9-bc22320546c5
3d3254bc-5e87-419b-8985-f459341f4b1f,play_store,IN,Yogesh Bandhu,4,,"it's good for instant needs, prices are not competitive, you may get better price on other websites. Return policy is worst.",2026-07-19T03:44:30.473Z,0,18.7.0,https://play.google.com/store/apps/details?id=com.grofers.customerapp&reviewId=3d3254bc-5e87-419b-8985-f459341f4b1f
fb9e36a0-a32a-40eb-b6c6-087870e65e1d,play_store,IN,Bhaskar Da,5,,Prompt delivery.Very convenient when compared with the competitor apps.Almost get anything under 10minutes!!!,2026-07-19T03:43:43.419Z,1,,https://play.google.com/store/apps/details?id=com.grofers.customerapp&reviewId=fb9e36a0-a32a-40eb-b6c6-087870e65e1d
a53f399a-7fe0-4c0a-b181-ec66e3efc7f7,play_store,IN,SUNIL BHANOT,3,,I have stopped using blinkit because even for small value orders they charge Rs 12 as delivery fee + Rs 9 as handling charges. so addon charges Rs21 is too high for small value orders.,2026-07-19T03:40:15.982Z,0,18.9.3,https://play.google.com/store/apps/details?id=com.grofers.customerapp&reviewId=a53f399a-7fe0-4c0a-b181-ec66e3efc7f7
e6a8ab6c-9fa8-4100-b537-ef07ecf2cff6,play_store,IN,sonu Jauhari,5,,it's so fast and helpful,2026-07-19T03:39:54.200Z,0,18.9.3,https://play.google.com/store/apps/details?id=com.grofers.customerapp&reviewId=e6a8ab6c-9fa8-4100-b537-ef07ecf2cff6
42c03235-e17b-4c9a-a80a-ddcc5d7a78d1,play_store,IN,Sivakumar V M,5,,Ordered items are delivered on time,2026-07-19T03:39:20.522Z,0,,https://play.google.com/store/apps/details?id=com.grofers.customerapp&reviewId=42c03235-e17b-4c9a-a80a-ddcc5d7a78d1
6062050a-b16c-4863-8ba6-a57cb185c5cc,play_store,IN,Asha Vinaykumar,4,,6 rupees extra for delivery charge why,2026-07-19T03:33:17.720Z,0,18.9.3,https://play.google.com/store/apps/details?id=com.grofers.customerapp&reviewId=6062050a-b16c-4863-8ba6-a57cb185c5cc
42d3e100-1b4c-4ae9-9946-1ee21bcad793,play_store,IN,Amit Goyal,1,,"due to minimum order , unnecessary have to purchase to reduce the delivery charges total wastage of resources",2026-07-19T03:31:47.529Z,0,18.9.3,https://play.google.com/store/apps/details?id=com.grofers.customerapp&reviewId=42d3e100-1b4c-4ae9-9946-1ee21bcad793
26bcfcc7-fd2b-446e-be05-d8c4969f655b,play_store,IN,Syed Ismail,5,,blinkit is very very fast I like it,2026-07-19T03:31:38.893Z,0,17.97.2,https://play.google.com/store/apps/details?id=com.grofers.customerapp&reviewId=26bcfcc7-fd2b-446e-be05-d8c4969f655b
fd0f8d05-7ee2-4955-8b04-ca046e6eca1c,play_store,IN,Bhumi,1,,the order is very late very very late so I don't like blanket discard it is they are giving very first mall to disgusting I don't like blink it I don't like blanket blanket blanket their salaries are in rs 500 it is not save and they are giving us very bad things so I don't like blink it so bad I don't like blink flute 🪈,2026-07-19T03:30:39.731Z,0,18.9.3,https://play.google.com/store/apps/details?id=com.grofers.customerapp&reviewId=fd0f8d05-7ee2-4955-8b04-ca046e6eca1c
6f40f008-0712-449e-bcea-0960cd0d2ee1,play_store,IN,SIVANANDA CHARITABLE HOSPITAL,5,,Thank you very much for your support & speedy delivery.,2026-07-19T03:28:20.615Z,0,18.9.3,https://play.google.com/store/apps/details?id=com.grofers.customerapp&reviewId=6f40f008-0712-449e-bcea-0960cd0d2ee1
f4912478-e85e-46e1-af45-0af7b37bfb46,play_store,IN,Vanshika Singh,5,,"blinkit is really good for shopping in 10 mins but I don't like that the person who comes to drop parcel doesn't find location usually that's too common when we have given full location then also , but the aap is so awesome i appreciate it continue and make delivery more nice with packing .",2026-07-19T03:27:43.233Z,1,18.13.0,https://play.google.com/store/apps/details?id=com.grofers.customerapp&reviewId=f4912478-e85e-46e1-af45-0af7b37bfb46
4755d652-4e2f-487e-a08b-0dafb7f5933a,play_store,IN,AS.BROTHER AS,5,,atleast it's available at allmost everywhere ...😊✌🏻,2026-07-19T03:27:07.571Z,0,18.9.3,https://play.google.com/store/apps/details?id=com.grofers.customerapp&reviewId=4755d652-4e2f-487e-a08b-0dafb7f5933a
6d38fb80-4624-49a4-9924-7585acc7530f,play_store,IN,Pradip Adhikary,5,,Too much satisfying. Very fast delivery and you all get here in market price and also you can get 1 rupee offer over 100 shopping.,2026-07-19T03:25:28.785Z,0,,https://play.google.com/store/apps/details?id=com.grofers.customerapp&reviewId=6d38fb80-4624-49a4-9924-7585acc7530f
1af9211a-5d84-45c5-9149-2d0eaef04039,play_store,IN,Sonali Giri,2,,The charges for us like student for this little thing is little high and I was not aware of the charge they 70 + charges for all the orders,2026-07-19T03:23:18.470Z,0,18.9.3,https://play.google.com/store/apps/details?id=com.grofers.customerapp&reviewId=1af9211a-5d84-45c5-9149-2d0eaef04039
8dbc1491-7d85-4886-ac4b-cda2f3f87194,play_store,IN,Sudha Medicare,5,,nice app and fastest service 👌,2026-07-19T03:23:06.513Z,0,18.9.3,https://play.google.com/store/apps/details?id=com.grofers.customerapp&reviewId=8dbc1491-7d85-4886-ac4b-cda2f3f87194
3a7b5067-6048-473f-badb-7e603bcac2ba,play_store,IN,madhava s,2,,Always place COD. These guys will keep on extending time. and you cant cancel it meantime.,2026-07-19T03:22:01.607Z,0,18.9.3,https://play.google.com/store/apps/details?id=com.grofers.customerapp&reviewId=3a7b5067-6048-473f-badb-7e603bcac2ba
f176f3f1-25b6-4b15-ad9d-8e95b86d4a97,play_store,IN,Pooja Narwariya,5,,good application for shopping 🛍️,2026-07-19T03:10:27.922Z,0,18.9.3,https://play.google.com/store/apps/details?id=com.grofers.customerapp&reviewId=f176f3f1-25b6-4b15-ad9d-8e95b86d4a97
245c34de-45d2-4c02-ad83-7d006a45a215,play_store,IN,Manoj Verma,5,,Very fast delivery. That's why I always order through BLlINKIT...,2026-07-19T03:03:54.367Z,0,18.9.3,https://play.google.com/store/apps/details?id=com.grofers.customerapp&reviewId=245c34de-45d2-4c02-ad83-7d006a45a215
3c3c38c2-1fae-4804-945b-718f888813a2,play_store,IN,Gaurav khaneja,1,,so much delivery charges,2026-07-19T03:02:34.775Z,0,18.9.3,https://play.google.com/store/apps/details?id=com.grofers.customerapp&reviewId=3c3c38c2-1fae-4804-945b-718f888813a2
720497c7-647d-4bec-9b68-4b4f6c2aa3ed,play_store,IN,Srikanth Manikyola,4,,good but some times showing excess demend not available please plan accordingly,2026-07-19T02:56:57.132Z,0,17.87.0,https://play.google.com/store/apps/details?id=com.grofers.customerapp&reviewId=720497c7-647d-4bec-9b68-4b4f6c2aa3ed
48fffb10-566c-4003-84f6-d45539177f3a,play_store,IN,Varinder Singh,5,,very good blinkit app,2026-07-19T02:55:27.608Z,0,18.9.3,https://play.google.com/store/apps/details?id=com.grofers.customerapp&reviewId=48fffb10-566c-4003-84f6-d45539177f3a
7e98f2a3-0d51-4088-8fbc-0e2a1595335a,play_store,IN,Debosmita Ghosh,1,,"They give incorrect orders, and don't give refund as well.",2026-07-19T02:51:37.637Z,0,18.9.3,https://play.google.com/store/apps/details?id=com.grofers.customerapp&reviewId=7e98f2a3-0d51-4088-8fbc-0e2a1595335a
4d5a8982-0dd7-4658-a006-537c1cf55fd6,play_store,IN,Sunny Rajora,5,,nice and helpful. app,2026-07-19T02:50:17.998Z,0,18.9.3,https://play.google.com/store/apps/details?id=com.grofers.customerapp&reviewId=4d5a8982-0dd7-4658-a006-537c1cf55fd6
d93436d6-dbd7-48e9-b8db-15de976f6382,play_store,IN,Jivesh,5,,very nice and beautiful app and coming in time,2026-07-19T02:47:46.830Z,0,18.7.0,https://play.google.com/store/apps/details?id=com.grofers.customerapp&reviewId=d93436d6-dbd7-48e9-b8db-15de976f6382
e32c331f-8b39-4c60-be46-317a5eabe7ce,play_store,IN,Sarita Pandey,2,,extra charge + expensive items,2026-07-19T02:47:08.900Z,0,18.9.3,https://play.google.com/store/apps/details?id=com.grofers.customerapp&reviewId=e32c331f-8b39-4c60-be46-317a5eabe7ce
e115971b-a265-458a-b83d-2a51207944b8,play_store,IN,Grace Priyanka,5,,awesome app for home delivery,2026-07-19T02:44:25.700Z,0,18.7.0,https://play.google.com/store/apps/details?id=com.grofers.customerapp&reviewId=e115971b-a265-458a-b83d-2a51207944b8
ad021c86-8636-4ddf-aa34-535de75c0036,play_store,IN,Md. Minsar Alam,5,,great app so beautiful,2026-07-19T02:44:05.528Z,0,18.13.0,https://play.google.com/store/apps/details?id=com.grofers.customerapp&reviewId=ad021c86-8636-4ddf-aa34-535de75c0036
1c9e80da-9f2b-41eb-a8be-c5a4d0fc38e2,play_store,IN,Vansh Kumar,5,,Blinkit is very fast delivery in any area this is my first order,2026-07-19T02:42:41.417Z,0,18.9.2,https://play.google.com/store/apps/details?id=com.grofers.customerapp&reviewId=1c9e80da-9f2b-41eb-a8be-c5a4d0fc38e2
651c4526-0303-4d94-82ee-0a035fe7cefc,play_store,IN,Shubham Garad,1,,froud blinkit 🤬😡 Maine jab product order Kiya tab 7 day's replacement dikhaya tha deliver hone ke baad maine turant return karna chaha kyuki mujhe vo value for money nahi laga lekin return ya replacement ka option hi nahi aya help me bhi maine try Kiya but koi action nahi mail bhi bheja fir bhi koi action nahi,2026-07-19T02:41:46.167Z,0,18.9.3,https://play.google.com/store/apps/details?id=com.grofers.customerapp&reviewId=651c4526-0303-4d94-82ee-0a035fe7cefc
0231d3e0-509f-4d54-ab99-70f22725e3da,play_store,IN,Dking shoes,5,,jio Mart somany offers but binkti not give offer and all u r charging beg not good place improve,2026-07-19T02:41:21.479Z,0,,https://play.google.com/store/apps/details?id=com.grofers.customerapp&reviewId=0231d3e0-509f-4d54-ab99-70f22725e3da
2ec6bbfb-eb9e-45ff-a7e6-b8711ef79da8,play_store,IN,Anshuman Sahoo,5,,"At least we need a button called ""nothing urgent"". In place of 5-6 min the delivery person can come in 20-30 min.",2026-07-19T02:36:53.354Z,0,18.9.3,https://play.google.com/store/apps/details?id=com.grofers.customerapp&reviewId=2ec6bbfb-eb9e-45ff-a7e6-b8711ef79da8
609f8e94-1a3a-43f4-9c57-7900ca56cc97,play_store,IN,Suryansh Singh,5,,very good and fast service,2026-07-19T02:34:10.688Z,0,18.9.3,https://play.google.com/store/apps/details?id=com.grofers.customerapp&reviewId=609f8e94-1a3a-43f4-9c57-7900ca56cc97
edc16768-4958-435d-965b-7cac76cd919a,play_store,IN,Dhivya Pandiyan,5,,i enjoy cupons follow this in all order😊 next time also i used this app,2026-07-19T02:29:58.906Z,0,18.9.3,https://play.google.com/store/apps/details?id=com.grofers.customerapp&reviewId=edc16768-4958-435d-965b-7cac76cd919a
bef8a185-46ef-449c-88ce-d8c28664d125,play_store,IN,Krishnadev Narwariya,5,,great shopping application,2026-07-19T02:28:11.128Z,0,18.9.3,https://play.google.com/store/apps/details?id=com.grofers.customerapp&reviewId=bef8a185-46ef-449c-88ce-d8c28664d125
c164f046-c2a8-4fe2-9d24-6e9c636802fa,play_store,IN,Bala Krishnan,4,,but product costs are two much,2026-07-19T02:26:10.195Z,0,18.9.3,https://play.google.com/store/apps/details?id=com.grofers.customerapp&reviewId=c164f046-c2a8-4fe2-9d24-6e9c636802fa
6b3b190a-1f77-4a91-9381-ff62c2ea6ddc,play_store,IN,Sanjay Sharma,5,,excellent customer service fast delivery,2026-07-19T02:25:38.748Z,0,18.9.3,https://play.google.com/store/apps/details?id=com.grofers.customerapp&reviewId=6b3b190a-1f77-4a91-9381-ff62c2ea6ddc
89d346d1-b42f-489f-b088-b7a6a04170cf,play_store,IN,Deepak S,5,,"exceptionally good, extremely convenient.",2026-07-19T02:25:27.622Z,0,18.9.3,https://play.google.com/store/apps/details?id=com.grofers.customerapp&reviewId=89d346d1-b42f-489f-b088-b7a6a04170cf
da905c26-906d-43d9-b65c-7ae3a6a13af9,play_store,IN,Tabassum shaikh Shaikh,5,,everything we can take quick 😉,2026-07-19T02:23:26.426Z,0,17.97.3,https://play.google.com/store/apps/details?id=com.grofers.customerapp&reviewId=da905c26-906d-43d9-b65c-7ae3a6a13af9
eea047c9-fa95-4010-80d8-dfe159bb836c,play_store,IN,Gurpreet Singh,5,,best app for everything that u want,2026-07-19T02:22:35.959Z,0,,https://play.google.com/store/apps/details?id=com.grofers.customerapp&reviewId=eea047c9-fa95-4010-80d8-dfe159bb836c
2357f71d-4885-4542-84c8-e37d706fa721,play_store,IN,Marmik Prasad,1,,Milk has expired no option of return,2026-07-19T02:19:06.111Z,0,18.9.3,https://play.google.com/store/apps/details?id=com.grofers.customerapp&reviewId=2357f71d-4885-4542-84c8-e37d706fa721
1dfe7df2-1bd5-4ff3-9fe3-6289fdc10784,play_store,IN,ismail Shaik,5,,it is best in the world 🌎🫧🤗,2026-07-19T02:15:59.519Z,0,18.9.3,https://play.google.com/store/apps/details?id=com.grofers.customerapp&reviewId=1dfe7df2-1bd5-4ff3-9fe3-6289fdc10784
0d6d21f8-99fd-4353-85c5-82d07c2fa3a0,play_store,IN,Sangeeta D,5,,"awesome,easy to use...daily needs available. love it",2026-07-19T02:15:39.927Z,0,,https://play.google.com/store/apps/details?id=com.grofers.customerapp&reviewId=0d6d21f8-99fd-4353-85c5-82d07c2fa3a0
afda0357-c7a4-4a3e-87a3-0974d5a4d651,play_store,IN,Jeevan Kumar Jeevan Kumar,1,,login nahi ho Raha hai,2026-07-19T02:13:34.482Z,0,,https://play.google.com/store/apps/details?id=com.grofers.customerapp&reviewId=afda0357-c7a4-4a3e-87a3-0974d5a4d651
7463f06a-0b98-4222-a5b0-32b89be9eeff,play_store,IN,RUBY BANO,5,,verryy good and efficient,2026-07-19T02:11:27.289Z,0,18.9.3,https://play.google.com/store/apps/details?id=com.grofers.customerapp&reviewId=7463f06a-0b98-4222-a5b0-32b89be9eeff
f5fedf5d-b634-4e33-a11c-43d7240f512a,play_store,IN,yash unakal,5,,order placed now need to check after receiving the material,2026-07-19T02:11:22.874Z,0,,https://play.google.com/store/apps/details?id=com.grofers.customerapp&reviewId=f5fedf5d-b634-4e33-a11c-43d7240f512a
e38e4b97-2070-43cb-83ae-8c1fe4c4e846,play_store,IN,Deepali Shinde,5,,easy to order delivery is very fast I like to order from blink it,2026-07-19T02:11:19.126Z,0,18.9.3,https://play.google.com/store/apps/details?id=com.grofers.customerapp&reviewId=e38e4b97-2070-43cb-83ae-8c1fe4c4e846
b7d48290-7047-4424-9e12-cda72034d459,play_store,IN,Mala Rani,5,,Very good app for everyone who needs things without any steps.,2026-07-19T02:10:32.622Z,0,18.9.3,https://play.google.com/store/apps/details?id=com.grofers.customerapp&reviewId=b7d48290-7047-4424-9e12-cda72034d459
87f876e7-a6c6-4fae-9998-e5e3b72dad47,play_store,IN,Uzma Syed,5,,nice service delivering as per time given in app,2026-07-19T02:05:47.248Z,0,,https://play.google.com/store/apps/details?id=com.grofers.customerapp&reviewId=87f876e7-a6c6-4fae-9998-e5e3b72dad47
664b6441-29a9-4ebf-bf8a-48af16fa3e84,play_store,IN,sribyraveshwara trading company,5,,It has to show my name only. not my company name,2026-07-19T02:03:08.329Z,0,18.9.3,https://play.google.com/store/apps/details?id=com.grofers.customerapp&reviewId=664b6441-29a9-4ebf-bf8a-48af16fa3e84
98ab4fbf-eada-4e08-b673-2a6374f5c099,play_store,IN,Raghav Kumar,1,,worst app I have order my grocery from this app it shows that it will deliver in 7 min but didn't deliver in 3 hrs and then it cancelled it worst service staff is very poor,2026-07-19T01:58:00.195Z,0,18.9.3,https://play.google.com/store/apps/details?id=com.grofers.customerapp&reviewId=98ab4fbf-eada-4e08-b673-2a6374f5c099
1f7a9f1a-7050-4ef3-a394-72bbe7b45808,play_store,IN,Konikiraj Raju,5,,it is a beautiful app we changes our life easily,2026-07-19T01:57:31.658Z,0,18.9.3,https://play.google.com/store/apps/details?id=com.grofers.customerapp&reviewId=1f7a9f1a-7050-4ef3-a394-72bbe7b45808
218f8337-6e4f-4f98-ae9f-b6af34f22fd1,play_store,IN,Manoj Gopalakrishnan,1,,please never trust this app. You can never expect a customer service satisfaction from these people.,2026-07-19T01:43:26.377Z,0,18.9.3,https://play.google.com/store/apps/details?id=com.grofers.customerapp&reviewId=218f8337-6e4f-4f98-ae9f-b6af34f22fd1
7fb35326-c3a9-4468-863d-0d3b896fe72e,play_store,IN,Ravi Kumar,4,,delievery with in 30 min,2026-07-19T01:25:24.535Z,0,18.9.3,https://play.google.com/store/apps/details?id=com.grofers.customerapp&reviewId=7fb35326-c3a9-4468-863d-0d3b896fe72e
d2d76647-75f0-476c-8071-ae72a189a92e,play_store,IN,Gangadhar Sharma,1,,address mang mang ke pareshan kar diya,2026-07-19T01:24:58.215Z,0,,https://play.google.com/store/apps/details?id=com.grofers.customerapp&reviewId=d2d76647-75f0-476c-8071-ae72a189a92e
95fe1672-8b2c-4e14-87c4-06b0b0175ff6,play_store,IN,Murugan k,5,,it's happy to have services in our area.,2026-07-19T01:10:15.724Z,0,18.9.3,https://play.google.com/store/apps/details?id=com.grofers.customerapp&reviewId=95fe1672-8b2c-4e14-87c4-06b0b0175ff6
ecde4a14-66cf-4875-a699-f80b44dde8e6,play_store,IN,PRAVALLIKA M,5,,good that it's available at tirupati,2026-07-19T00:50:35.716Z,0,18.7.0,https://play.google.com/store/apps/details?id=com.grofers.customerapp&reviewId=ecde4a14-66cf-4875-a699-f80b44dde8e6
5cb12e94-b044-4818-ad94-ef92a10b1cbf,play_store,IN,sayyed saad,5,,very nice aap for anything you need urgent,2026-07-19T00:45:19.150Z,0,18.9.3,https://play.google.com/store/apps/details?id=com.grofers.customerapp&reviewId=5cb12e94-b044-4818-ad94-ef92a10b1cbf
18235f23-362a-487a-b23c-fb0883395b39,play_store,IN,Sadajeet Kumar,5,,very good delivery app very fast but has ₹30 delivery charge but can be removed for orders above ₹149,2026-07-19T00:34:27.342Z,0,18.9.3,https://play.google.com/store/apps/details?id=com.grofers.customerapp&reviewId=18235f23-362a-487a-b23c-fb0883395b39
d03e2c9e-8340-41ab-b681-d3bc430a533f,play_store,IN,Ibad ur Rehman,5,,very good service and btw this is my first time in blinkit and my first experience in blinkit is very good,2026-07-19T00:08:09.566Z,0,18.13.0,https://play.google.com/store/apps/details?id=com.grofers.customerapp&reviewId=d03e2c9e-8340-41ab-b681-d3bc430a533f
cc2b046f-04a8-44b0-898a-3ba9822bc339,play_store,IN,Bibek Sah,1,,"I had issue with the item, the team did disrespectful, name is AZRA, the person was out of chat and avoiding chat for more than 10 min, he might have taken a nap while talking to me,,",2026-07-18T22:37:46.800Z,0,,https://play.google.com/store/apps/details?id=com.grofers.customerapp&reviewId=cc2b046f-04a8-44b0-898a-3ba9822bc339
794d8ce2-7030-49ea-bdae-68bbac458267,play_store,IN,Gaurav,5,,Best service in the entire grocery apps.,2026-07-18T22:29:28.154Z,0,,https://play.google.com/store/apps/details?id=com.grofers.customerapp&reviewId=794d8ce2-7030-49ea-bdae-68bbac458267
d1dc5d75-7759-4ddc-85f0-da11463efec5,play_store,IN,Devil Chandra,1,,very bad service blinkit,2026-07-18T21:59:25.279Z,0,17.97.3,https://play.google.com/store/apps/details?id=com.grofers.customerapp&reviewId=d1dc5d75-7759-4ddc-85f0-da11463efec5
8e8e3b40-c7ed-4d96-9f16-4d858b931612,play_store,IN,Anikesh Aditya,5,,Blinkit is a lifesaver. I haven't experienced anything bad to complain about,2026-07-18T21:53:43.122Z,0,18.7.0,https://play.google.com/store/apps/details?id=com.grofers.customerapp&reviewId=8e8e3b40-c7ed-4d96-9f16-4d858b931612
f1a62544-f689-417a-85e0-b2682b6f00a1,play_store,IN,Pawan Kumar,2,,lesser discount provided on blinkit but another app provides more discount,2026-07-18T21:20:21.715Z,0,18.9.3,https://play.google.com/store/apps/details?id=com.grofers.customerapp&reviewId=f1a62544-f689-417a-85e0-b2682b6f00a1
2b6c9a43-ee4a-4bfb-adc1-3f06b3333fc4,play_store,IN,Abhishek Chhokra,5,,your ambulance service is too good please keep it free ♥️,2026-07-18T21:11:29.270Z,0,18.9.3,https://play.google.com/store/apps/details?id=com.grofers.customerapp&reviewId=2b6c9a43-ee4a-4bfb-adc1-3f06b3333fc4
e72aa0d8-aaa9-4e46-b3c4-4f83a23d9174,play_store,IN,Anu pam,1,,"ordered 2 amul milk chocolates for gifting it to a child & they delivered expired ones. Kid's mother told me that chocolates are expired. It's not about the amount (that's not refunded & Customer care service is blaming the customer for it), it's about how Blinkit is ignoring warehouse incharge who packed expired chocolate to deliver didn't discard them, which is a part of their job. Rather than doing their duty, they are blaming customer for it. Poor service and awful customer care services.",2026-07-18T20:55:15.270Z,0,,https://play.google.com/store/apps/details?id=com.grofers.customerapp&reviewId=e72aa0d8-aaa9-4e46-b3c4-4f83a23d9174
35896bb1-2143-4042-aa0c-4b31dac8cd28,play_store,IN,Malay,5,,Very good Delivery in time but need to expand your inventory & add maximum variety of items,2026-07-18T20:06:29.628Z,0,18.9.3,https://play.google.com/store/apps/details?id=com.grofers.customerapp&reviewId=35896bb1-2143-4042-aa0c-4b31dac8cd28
74f91ace-5589-492d-b506-5273527b2392,play_store,IN,FuN WorLD,1,,take too much time to deliver,2026-07-18T19:56:20.480Z,0,,https://play.google.com/store/apps/details?id=com.grofers.customerapp&reviewId=74f91ace-5589-492d-b506-5273527b2392
8963afdc-ea85-4927-8f10-54a4ef9130c5,play_store,IN,Nayan Das,1,,"not sent Cigarette , payment cut the account, fake app",2026-07-18T19:39:51.240Z,0,18.9.3,https://play.google.com/store/apps/details?id=com.grofers.customerapp&reviewId=8963afdc-ea85-4927-8f10-54a4ef9130c5
394d84a9-2c4d-4358-a6e0-ac3fdef23e0b,play_store,IN,Pasia SYHLY,5,,good to use this app,2026-07-18T19:27:30.991Z,0,18.9.3,https://play.google.com/store/apps/details?id=com.grofers.customerapp&reviewId=394d84a9-2c4d-4358-a6e0-ac3fdef23e0b
6279b41e-b01d-42a1-b7fb-9fd16ed1e1fd,play_store,IN,Dipa Saha,5,,awesome its helps a lot company must be higher bigger always,2026-07-18T19:25:28.854Z,0,18.9.3,https://play.google.com/store/apps/details?id=com.grofers.customerapp&reviewId=6279b41e-b01d-42a1-b7fb-9fd16ed1e1fd
460777e4-67fd-45a2-a731-7d71cde37f4d,play_store,IN,alex ansley,5,,very good delivery at late night,2026-07-18T19:20:28.683Z,1,18.13.0,https://play.google.com/store/apps/details?id=com.grofers.customerapp&reviewId=460777e4-67fd-45a2-a731-7d71cde37f4d
90de2478-5aa4-4d4c-9323-3cf87d1e8bab,play_store,IN,Jyoti Gupta,1,,too high rates for average customers,2026-07-18T19:20:18.601Z,0,18.9.3,https://play.google.com/store/apps/details?id=com.grofers.customerapp&reviewId=90de2478-5aa4-4d4c-9323-3cf87d1e8bab
f510398f-8788-4c9a-9cbc-770fdd414218,play_store,IN,Nadeem Khan,5,,"Thank you blinkit. Whatever our needs, you deliver us to our homes.",2026-07-18T19:13:47.373Z,0,18.9.3,https://play.google.com/store/apps/details?id=com.grofers.customerapp&reviewId=f510398f-8788-4c9a-9cbc-770fdd414218
c815ade7-6a1b-492b-b51f-a3e0ba748d76,play_store,IN,Binder Dhariwal,1,,very poor customer service kai bar pic upload krke b bat bar pic ki demand kr rhye h,2026-07-18T19:09:09.430Z,0,,https://play.google.com/store/apps/details?id=com.grofers.customerapp&reviewId=c815ade7-6a1b-492b-b51f-a3e0ba748d76
48894b1c-b10b-437f-860a-a9c3a9d0a3bd,play_store,IN,Krishna Sharma,4,,"improve customer support please remove bot customer support, ui/ux is good, availability of items is nice",2026-07-18T19:06:56.486Z,0,18.9.3,https://play.google.com/store/apps/details?id=com.grofers.customerapp&reviewId=48894b1c-b10b-437f-860a-a9c3a9d0a3bd
0c37c840-7502-46ff-9130-a6fea7a56af7,play_store,IN,Jaya Baro,5,,very helpfull thank you blinkit,2026-07-18T19:04:46.835Z,1,18.9.3,https://play.google.com/store/apps/details?id=com.grofers.customerapp&reviewId=0c37c840-7502-46ff-9130-a6fea7a56af7
88175134-5375-4837-a441-a462865c8703,play_store,IN,Vodka Bunny!!!,1,,"slow delivery times at night, same items are more expensive than zepto. not worth ordering from here anymore",2026-07-18T18:55:59.337Z,0,18.9.3,https://play.google.com/store/apps/details?id=com.grofers.customerapp&reviewId=88175134-5375-4837-a441-a462865c8703
0a46f9e9-89bb-44c7-97f2-8124327194c1,play_store,IN,Anil kumar,1,,not for good service,2026-07-18T18:43:02.756Z,0,18.9.3,https://play.google.com/store/apps/details?id=com.grofers.customerapp&reviewId=0a46f9e9-89bb-44c7-97f2-8124327194c1
5a85fe24-c42d-46fb-b2e2-38c0a0d40e98,play_store,IN,Misti Ghosh,2,,Why a ten-minute delivery? Do you realize how risky that is? Show a little humanity.,2026-07-18T18:41:39.166Z,0,17.95.3,https://play.google.com/store/apps/details?id=com.grofers.customerapp&reviewId=5a85fe24-c42d-46fb-b2e2-38c0a0d40e98
4d933b9d-e2ab-42de-98b8-eb24bfb8cb51,play_store,IN,Shruti Gharat,1,,"Too bad services. They won't send the refund money tos original payment method, they give it as a promo code. All the services are bad.",2026-07-18T18:40:17.385Z,0,18.9.3,https://play.google.com/store/apps/details?id=com.grofers.customerapp&reviewId=4d933b9d-e2ab-42de-98b8-eb24bfb8cb51
a447609e-3c42-4fc9-b5ae-b52b04ca8ac0,play_store,IN,Daya BT,5,,delivery is fast and lower price,2026-07-18T18:39:31.586Z,0,18.9.3,https://play.google.com/store/apps/details?id=com.grofers.customerapp&reviewId=a447609e-3c42-4fc9-b5ae-b52b04ca8ac0
cbbe00a6-ba41-48eb-9def-6b6764255f62,play_store,IN,Amit Chauhan,1,,froud companyi hai order 2 item blinkit delivered 1 item & 2 show delivered but not given rider said order wrong address,2026-07-18T18:39:15.713Z,1,18.9.3,https://play.google.com/store/apps/details?id=com.grofers.customerapp&reviewId=cbbe00a6-ba41-48eb-9def-6b6764255f62
e3715ab0-5275-4167-9f23-2120ec1bc252,play_store,IN,Yashika Singgh Yaadav,1,,delivery person behaviour isn't good... denying to doorstep delivery,2026-07-18T18:38:06.521Z,0,,https://play.google.com/store/apps/details?id=com.grofers.customerapp&reviewId=e3715ab0-5275-4167-9f23-2120ec1bc252
ee9e2592-3b7e-47f7-b6c7-2f9605cf271c,play_store,IN,Raju Dh,1,,worst experience 👉👌,2026-07-18T18:34:10.580Z,0,17.89.1,https://play.google.com/store/apps/details?id=com.grofers.customerapp&reviewId=ee9e2592-3b7e-47f7-b6c7-2f9605cf271c
e6dc7be5-a0c9-4271-bba5-318fa587fb52,play_store,IN,Akhlaque Khan,1,,Resolution is very poor,2026-07-18T18:32:41.932Z,0,,https://play.google.com/store/apps/details?id=com.grofers.customerapp&reviewId=e6dc7be5-a0c9-4271-bba5-318fa587fb52
305a3017-87d0-4ec1-b08a-675755f3b864,play_store,IN,syam kumar pulimela,5,,"Delivery in on time,receiving cool,no fraud and no manuculated product,such as better than online market in blinkit",2026-07-18T18:27:45.335Z,0,18.9.3,https://play.google.com/store/apps/details?id=com.grofers.customerapp&reviewId=305a3017-87d0-4ec1-b08a-675755f3b864
f8807583-fec0-4801-967b-f92ce62127f1,play_store,IN,Mohini,5,,"perfect time, every item is good item",2026-07-18T18:26:39.907Z,0,18.9.3,https://play.google.com/store/apps/details?id=com.grofers.customerapp&reviewId=f8807583-fec0-4801-967b-f92ce62127f1
41601c65-d844-46d7-b31f-f9f2a9e91837,play_store,IN,Uttam Mishra,5,,satisfied experience,2026-07-18T18:26:00.978Z,0,18.9.3,https://play.google.com/store/apps/details?id=com.grofers.customerapp&reviewId=41601c65-d844-46d7-b31f-f9f2a9e91837
1025f35e-3d86-440b-84a1-4af2a0d74e43,play_store,IN,vishal patange,1,,don't download this app so many issues I faced today my wife angry pn me because of this app policy 😭,2026-07-18T18:20:03.100Z,0,18.9.3,https://play.google.com/store/apps/details?id=com.grofers.customerapp&reviewId=1025f35e-3d86-440b-84a1-4af2a0d74e43
e46fd45e-3c65-4bfb-b0d9-d76545f9373a,play_store,IN,manya gupta,1,,bohot he ghatiya store h tilak nagar m . wrong item nd delivery partner. apke floor par nhi ayenge . kabhi lo item pehle check kar lena mere sath aaj 3rd baar hua h milk nhi nikla. 30 min baad solution nikla . check kar lena . account m last 996212 h . mobile number . ghatiya store koi responsibility nhi h.,2026-07-18T18:17:15.206Z,0,18.9.3,https://play.google.com/store/apps/details?id=com.grofers.customerapp&reviewId=e46fd45e-3c65-4bfb-b0d9-d76545f9373a
6aa7a5da-27ad-4db6-90bd-88cccb320712,play_store,IN,SHUBHKARMAN KHURANA,1,,this app good but nowadays they are very slow please 🙏 fix this mistake please 🙏,2026-07-18T18:13:18.660Z,0,18.9.3,https://play.google.com/store/apps/details?id=com.grofers.customerapp&reviewId=6aa7a5da-27ad-4db6-90bd-88cccb320712
f849c531-8673-4db1-91b4-6cc29cad6fe9,play_store,IN,Jasleen Kaur,1,,you deliver expired products. few days back it was milk and now it's ice cream,2026-07-18T18:13:08.840Z,0,18.9.3,https://play.google.com/store/apps/details?id=com.grofers.customerapp&reviewId=f849c531-8673-4db1-91b4-6cc29cad6fe9
c039b5bf-90a0-4e46-bd4f-a23146e822df,play_store,IN,Aakash Bhargav,5,,most helpful app this world,2026-07-18T18:12:24.464Z,0,18.9.3,https://play.google.com/store/apps/details?id=com.grofers.customerapp&reviewId=c039b5bf-90a0-4e46-bd4f-a23146e822df
7c1fe052-4504-430c-95c4-85e38ae2d6d8,play_store,IN,Mahesh sunny,1,,this app has so many bugs and loop hole this worst app the customer care also worst,2026-07-18T18:08:16.876Z,0,,https://play.google.com/store/apps/details?id=com.grofers.customerapp&reviewId=7c1fe052-4504-430c-95c4-85e38ae2d6d8
8593f17a-ffde-4326-8325-494a61c12775,play_store,IN,Mukesh Bhagat,1,,very bad customer support 🤬,2026-07-18T18:05:03.130Z,0,18.7.0,https://play.google.com/store/apps/details?id=com.grofers.customerapp&reviewId=8593f17a-ffde-4326-8325-494a61c12775
ba09377f-8473-4d8b-b196-fb5a6d6ffa54,play_store,IN,Nilesh Kakade,1,,"there is no rain in my area, and you are asking for surge charges",2026-07-18T18:01:43.960Z,0,,https://play.google.com/store/apps/details?id=com.grofers.customerapp&reviewId=ba09377f-8473-4d8b-b196-fb5a6d6ffa54
5d162c50-94da-41e2-97dd-044764022dc2,play_store,IN,Shakir Ahmed,5,,you are very very lucky nice beautiful service Achcha hai Mujhe service ka order karao.,2026-07-18T17:58:55.900Z,0,18.9.3,https://play.google.com/store/apps/details?id=com.grofers.customerapp&reviewId=5d162c50-94da-41e2-97dd-044764022dc2
fc7a219d-805d-4d09-9781-3d87ace5e047,play_store,IN,Chirag SD,1,,"If there was a zero-star option, I would definitely push it. 1 star is too high. Traumatized App . Received a Swisse Vitamin D bottle caked in thick dirt, grime, and filth. Blinkit support replied here asking for details, but it is just a tactic to give false hope. I emailed their social support team and waited a whole week, only for them to deny my return request yet again. They are completely avoiding accountability for delivering a contaminated and unsafe health product. Absolute scam.",2026-07-18T17:54:17.775Z,0,18.9.3,https://play.google.com/store/apps/details?id=com.grofers.customerapp&reviewId=fc7a219d-805d-4d09-9781-3d87ace5e047
d11d3cbd-d08f-4ada-ab5d-b2ab80eedf5d,play_store,IN,PaRaG KUMaR,5,,My son vomiting at 11 PM. Placed order for vomikind. Dr called & approved. Very good service. Thanks,2026-07-18T17:48:19.560Z,0,18.9.3,https://play.google.com/store/apps/details?id=com.grofers.customerapp&reviewId=d11d3cbd-d08f-4ada-ab5d-b2ab80eedf5d
af377f3c-be41-462a-9998-c90a31c79d61,play_store,IN,pravin buddh,5,,nice and fast service,2026-07-18T17:45:50.650Z,0,18.9.3,https://play.google.com/store/apps/details?id=com.grofers.customerapp&reviewId=af377f3c-be41-462a-9998-c90a31c79d61
9835c260-f552-43b7-a2ee-aa6b7c0b29d0,play_store,IN,Dia Motiyani,1,,worst experience I can ever get. i have all the screenshot proofs. i recieved a damaged quality of product. the microphone is actually not working. and my money also got wasted. they are not at all helpful in resoluting the problem and refunding.,2026-07-18T17:45:44.513Z,0,18.9.3,https://play.google.com/store/apps/details?id=com.grofers.customerapp&reviewId=9835c260-f552-43b7-a2ee-aa6b7c0b29d0
c3790204-dbb9-4131-b1a4-b140a1f3d642,play_store,IN,Lalit Kumar,1,,I ordered a data cable and it showed 7 days return and when I reached out to return they didn't accept my return worst app choose zepto or something don't order from blinkit,2026-07-18T17:42:35.175Z,0,,https://play.google.com/store/apps/details?id=com.grofers.customerapp&reviewId=c3790204-dbb9-4131-b1a4-b140a1f3d642
f9ce31d4-438b-488e-af16-54d1a2a78d8f,play_store,IN,Yash Gautam,5,,Great Service but.... Do Something For Customer like... Offers ETC.,2026-07-18T17:38:17.589Z,0,18.7.0,https://play.google.com/store/apps/details?id=com.grofers.customerapp&reviewId=f9ce31d4-438b-488e-af16-54d1a2a78d8f
b0ff1f59-53a0-495b-a802-71c0ea8e0758,play_store,IN,Vinod Kumar,5,,blinkit is very good application rhis was so amazing literally i ordered my health issues table so blinkit Dr was call me for info what kind i used so he'll approved than received my tablet thanku,2026-07-18T17:37:14.881Z,0,18.9.3,https://play.google.com/store/apps/details?id=com.grofers.customerapp&reviewId=b0ff1f59-53a0-495b-a802-71c0ea8e0758
c1b191f4-1e47-4b3c-97ba-35a858a3fb1b,play_store,IN,Anubhav Awasthi,4,,product rate delivery and quality everything is too good I always use this app when I want something urgently. so I'm giving it 4 star rating why I'm not giving 5 star ? bcoz I don't like it's packing. they use paper bag for packing and when u order milk ice cream or something wet product The bag disintegrates. so they have to improve packing service,2026-07-18T17:35:41.891Z,0,,https://play.google.com/store/apps/details?id=com.grofers.customerapp&reviewId=c1b191f4-1e47-4b3c-97ba-35a858a3fb1b
c9a2908a-a342-4654-944c-b91efa7983ec,play_store,IN,Do pegg,1,,"This side Prakash, I would not recommend using this application. I was charged twice for a single order, and I received a message stating that the extra amount would be refunded within 3–4 working days. However, it has now been more than two weeks, and I still have not received my refund. At this point, the situation is starting to feel like a scam.",2026-07-18T17:33:42.740Z,0,17.53.1,https://play.google.com/store/apps/details?id=com.grofers.customerapp&reviewId=c9a2908a-a342-4654-944c-b91efa7983ec
5f3d4023-783c-43e6-9bb9-736a87a7effa,play_store,IN,Lokesh Lodhwal,1,,whenever I tried to order some it's out of stock It happened every time I log in maybe they exhaust all there resources not they selling what's left of it.,2026-07-18T17:31:29.473Z,0,,https://play.google.com/store/apps/details?id=com.grofers.customerapp&reviewId=5f3d4023-783c-43e6-9bb9-736a87a7effa
0e837d78-6642-4cbc-8f9c-71d33aaa6f82,play_store,IN,Shradha Mohite,5,,very fast & nice service,2026-07-18T17:30:30.154Z,0,18.7.0,https://play.google.com/store/apps/details?id=com.grofers.customerapp&reviewId=0e837d78-6642-4cbc-8f9c-71d33aaa6f82
1ec50826-5463-4831-9d74-ef96c6c83f3d,play_store,IN,Nayeem Khan,1,,I got problem with there product they are having 7days return policy but they didn't responded and solved my problem,2026-07-18T17:28:38.683Z,0,18.9.3,https://play.google.com/store/apps/details?id=com.grofers.customerapp&reviewId=1ec50826-5463-4831-9d74-ef96c6c83f3d
0319f4e3-ff04-453a-ad80-2c8a3db95494,play_store,IN,reyyan sayyed,1,,price to high no discount coupon like zepto give us,2026-07-18T17:24:30.324Z,0,18.9.3,https://play.google.com/store/apps/details?id=com.grofers.customerapp&reviewId=0319f4e3-ff04-453a-ad80-2c8a3db95494
3d71736b-c024-45af-a7d8-b7f3ec6efbe5,play_store,IN,RUDRA,3,,poor rating due to lack of change during money transactions....,2026-07-18T17:23:19.522Z,0,18.9.3,https://play.google.com/store/apps/details?id=com.grofers.customerapp&reviewId=3d71736b-c024-45af-a7d8-b7f3ec6efbe5
153393c4-adb6-4835-90e7-4dc1b57d3fc1,play_store,IN,soumyadip mandal,5,,Google pay not working here,2026-07-18T17:21:36.751Z,0,18.9.3,https://play.google.com/store/apps/details?id=com.grofers.customerapp&reviewId=153393c4-adb6-4835-90e7-4dc1b57d3fc1
6ec1338f-9712-4be3-9f49-b227cef574b4,play_store,IN,Niti Rathor,5,,nice muja hamesha discount den bilnkit love your,2026-07-18T17:20:30.692Z,0,18.9.3,https://play.google.com/store/apps/details?id=com.grofers.customerapp&reviewId=6ec1338f-9712-4be3-9f49-b227cef574b4
76906939-99e4-4125-b2b6-be67e7af2042,play_store,IN,Swarit Sharma,5,,This is the best last minute grocery store and delivery is very fast but just sometimes lack some items.,2026-07-18T17:19:17.110Z,0,18.9.3,https://play.google.com/store/apps/details?id=com.grofers.customerapp&reviewId=76906939-99e4-4125-b2b6-be67e7af2042
8c063063-c6fc-47dc-8f2b-79397fd53d72,play_store,IN,vijay kumar Tiwari,5,,delivery at the time,2026-07-18T17:17:59.349Z,0,18.9.3,https://play.google.com/store/apps/details?id=com.grofers.customerapp&reviewId=8c063063-c6fc-47dc-8f2b-79397fd53d72
bb5d2372-4c0e-4da2-8761-bd709a1bb25e,play_store,IN,Santhosh Santhosh,1,,very bad experience if any customer get problem customer support not available and the main thing is sending fault products earning money. customer support zero,2026-07-18T17:14:01.322Z,0,18.9.3,https://play.google.com/store/apps/details?id=com.grofers.customerapp&reviewId=bb5d2372-4c0e-4da2-8761-bd709a1bb25e
62a6d541-2eae-4d1c-8944-2b94bd167a1a,play_store,IN,Pramod Gupta,1,,add on just ordered for a amount of 540 but they have charged 840 and their is no customer support,2026-07-18T17:12:42.864Z,0,18.9.3,https://play.google.com/store/apps/details?id=com.grofers.customerapp&reviewId=62a6d541-2eae-4d1c-8944-2b94bd167a1a
7f566136-d2a5-4af8-a53e-a6704fedf84b,play_store,IN,Haider Abbas,5,,"Very useful, on time delivery, suddenly plan and most useful and surprise gift also we can based on blinkit delivery time",2026-07-18T17:12:11.342Z,0,18.13.0,https://play.google.com/store/apps/details?id=com.grofers.customerapp&reviewId=7f566136-d2a5-4af8-a53e-a6704fedf84b
b609483c-c5ff-403d-9e04-20ea8171c6e8,play_store,IN,Sifa Parvin Rocks,5,,good experience only 🥰,2026-07-18T17:11:57.481Z,0,18.9.3,https://play.google.com/store/apps/details?id=com.grofers.customerapp&reviewId=b609483c-c5ff-403d-9e04-20ea8171c6e8
31ff15de-f37d-4653-8cd5-4cd011ee8307,play_store,IN,Alka,5,,I liked this app as it helps in delivering order late nights and early mornings too 😉😁,2026-07-18T17:09:31.684Z,0,18.9.3,https://play.google.com/store/apps/details?id=com.grofers.customerapp&reviewId=31ff15de-f37d-4653-8cd5-4cd011ee8307
39d6f803-f491-43db-a727-7374f5f8e13c,play_store,IN,Naga Baba,4,,it is fast and cheap app i like it,2026-07-18T17:08:56.174Z,0,18.9.3,https://play.google.com/store/apps/details?id=com.grofers.customerapp&reviewId=39d6f803-f491-43db-a727-7374f5f8e13c
a7398328-ce23-439d-b2fa-f9dc1d721662,play_store,IN,Sonali Yadav,5,,very nice n fast delivery,2026-07-18T16:56:00.681Z,0,18.9.3,https://play.google.com/store/apps/details?id=com.grofers.customerapp&reviewId=a7398328-ce23-439d-b2fa-f9dc1d721662
79333561-09e9-40fd-97a4-1ba1b8221a70,play_store,IN,ANNU ARCHANA,1,,my first and worst experience 😞😞😞 hate this app,2026-07-18T16:55:16.880Z,0,18.9.3,https://play.google.com/store/apps/details?id=com.grofers.customerapp&reviewId=79333561-09e9-40fd-97a4-1ba1b8221a70
1c58ef5d-cee6-41e8-b962-cf3add0cca64,play_store,IN,Mohd Aziz,5,,very good thanks blink kit,2026-07-18T16:52:51.700Z,0,18.9.3,https://play.google.com/store/apps/details?id=com.grofers.customerapp&reviewId=1c58ef5d-cee6-41e8-b962-cf3add0cca64
714f550e-9b85-4d38-8fbf-2a5289893203,play_store,IN,Abhijit Chaudhari,5,,delivery is very fast one suggestion please try to give some discounts it will be more satisfying...,2026-07-18T16:51:53.430Z,0,18.7.0,https://play.google.com/store/apps/details?id=com.grofers.customerapp&reviewId=714f550e-9b85-4d38-8fbf-2a5289893203
3d4dd981-062a-476c-a47e-abbd452cebba,play_store,IN,Parmod Bishnoi,1,,total fake and fraud. order will be cancelled or shown as fake delivered when you need most.,2026-07-18T16:50:56.601Z,0,17.99.1,https://play.google.com/store/apps/details?id=com.grofers.customerapp&reviewId=3d4dd981-062a-476c-a47e-abbd452cebba
a7038ae2-4fac-4011-b022-7eec983e2d67,play_store,IN,Tabassum khan,4,,Really helpful application 👏,2026-07-18T16:50:38.637Z,0,18.7.0,https://play.google.com/store/apps/details?id=com.grofers.customerapp&reviewId=a7038ae2-4fac-4011-b022-7eec983e2d67
3231b041-063e-444c-851c-2a929f1ddaec,play_store,IN,Dhruv Tambakhe,5,,best place to order comes in time,2026-07-18T16:49:28.594Z,0,,https://play.google.com/store/apps/details?id=com.grofers.customerapp&reviewId=3231b041-063e-444c-851c-2a929f1ddaec
f63fe5cb-d2b8-4b79-a109-fb3dc8ca46c1,play_store,IN,Mehak Suri,1,,your delivery partners didn't deliver order of time,2026-07-18T16:49:14.560Z,0,18.9.3,https://play.google.com/store/apps/details?id=com.grofers.customerapp&reviewId=f63fe5cb-d2b8-4b79-a109-fb3dc8ca46c1
a715a93f-617d-4eb2-a0af-7bf4b7ac9818,play_store,IN,RAMUKA VENTURES,1,,delivery person reaching some other place and the customer support guy say to go there and collect. we can't cancel the order. on chat blinkit closes the chat without any solution,2026-07-18T16:48:12.481Z,0,,https://play.google.com/store/apps/details?id=com.grofers.customerapp&reviewId=a715a93f-617d-4eb2-a0af-7bf4b7ac9818
065ebcac-d2b6-4b80-b50a-4c69488c1f0e,play_store,IN,M Wajid Ali,1,,order booked but item not available,2026-07-18T16:45:23.109Z,0,,https://play.google.com/store/apps/details?id=com.grofers.customerapp&reviewId=065ebcac-d2b6-4b80-b50a-4c69488c1f0e
c0279c9e-4a45-4773-8d6f-351bf6bab023,play_store,IN,Mandira Ray,5,,Great experience for me 😃,2026-07-18T16:45:21.367Z,0,18.7.0,https://play.google.com/store/apps/details?id=com.grofers.customerapp&reviewId=c0279c9e-4a45-4773-8d6f-351bf6bab023
04f4061d-5c24-4137-bfda-2f0f08b4935c,play_store,IN,Ritu Sharma,5,,itis so good 💯💯 percent itni jaldi aaja ta haii ❤️,2026-07-18T16:43:04.301Z,0,18.9.3,https://play.google.com/store/apps/details?id=com.grofers.customerapp&reviewId=04f4061d-5c24-4137-bfda-2f0f08b4935c
f608c6d9-ff04-4402-b031-44565206613b,play_store,IN,Neha Khan,1,,delivery agent is not good behave badly,2026-07-18T16:42:15.804Z,0,18.9.3,https://play.google.com/store/apps/details?id=com.grofers.customerapp&reviewId=f608c6d9-ff04-4402-b031-44565206613b
022be0d3-8a63-4abe-ad92-fa4ad9a39869,play_store,IN,BABITA PAL,5,,I love Blinkit as it provides service within minutes. Till today I heard about super service of ambulance.. But i was feeling coughing and pain so I simply ordered anti-cough syrup... then A Doctor called me by Blinkit side and ask about all symptoms and then prescribed suitable one. Bhai... sach me super hai,2026-07-18T16:41:29.619Z,0,18.9.3,https://play.google.com/store/apps/details?id=com.grofers.customerapp&reviewId=022be0d3-8a63-4abe-ad92-fa4ad9a39869
72324fa5-1c25-43ae-b089-34b84514efce,play_store,IN,Pallavi Kambali,5,,extraordinary app..love this ❣️,2026-07-18T16:41:28.210Z,0,18.9.3,https://play.google.com/store/apps/details?id=com.grofers.customerapp&reviewId=72324fa5-1c25-43ae-b089-34b84514efce
005080c7-b949-4906-881e-ea2e2935e4d6,play_store,IN,Riyaba Vala,3,,please do fast delivery,2026-07-18T16:38:46.933Z,0,18.7.0,https://play.google.com/store/apps/details?id=com.grofers.customerapp&reviewId=005080c7-b949-4906-881e-ea2e2935e4d6
98303ce8-8080-4b22-92ff-16ff3bf17378,play_store,IN,Parth Ambawat,5,,very food app concept,2026-07-18T16:36:46.140Z,0,,https://play.google.com/store/apps/details?id=com.grofers.customerapp&reviewId=98303ce8-8080-4b22-92ff-16ff3bf17378
382f0ea0-746a-46d2-ac43-c0362d87d657,play_store,IN,Altamash Ansari,5,,it is better than any dilevery app,2026-07-18T16:34:54.850Z,0,18.9.3,https://play.google.com/store/apps/details?id=com.grofers.customerapp&reviewId=382f0ea0-746a-46d2-ac43-c0362d87d657
6913d47a-512d-40e8-b23e-4e31a5a1ed79,play_store,IN,GOPAL TRIVEDI (vaibhav),5,,"""Lightning-fast delivery and perfectly packed items. 5 stars for saving my day!"" ""Faster than my thoughts! Flawless service and communication."" ""Top-notch service! My groceries arrived in pristine condition, well before the estimated time."" ""Consistency at its best. Always a 5-star experience with Blinkit!""",2026-07-18T16:34:52.969Z,0,18.9.3,https://play.google.com/store/apps/details?id=com.grofers.customerapp&reviewId=6913d47a-512d-40e8-b23e-4e31a5a1ed79
1b1068c6-90ae-47ff-932a-a075e010d20e,play_store,IN,L E G E N D S GAMING,5,,the best to get things and product instant the service is really good,2026-07-18T16:34:48.374Z,0,18.9.3,https://play.google.com/store/apps/details?id=com.grofers.customerapp&reviewId=1b1068c6-90ae-47ff-932a-a075e010d20e
5e9fa138-820e-4218-b07f-dc40c5399506,play_store,IN,Gopal Krishna,5,,best excellent app👍👍👍👍,2026-07-18T16:34:04.998Z,0,18.9.3,https://play.google.com/store/apps/details?id=com.grofers.customerapp&reviewId=5e9fa138-820e-4218-b07f-dc40c5399506
58d0f88e-8fea-416c-8d28-dea105b03ac0,play_store,IN,Yadunandan Bhati,1,,fed up of small bags and rude delivery executive,2026-07-18T16:30:38.944Z,0,18.9.3,https://play.google.com/store/apps/details?id=com.grofers.customerapp&reviewId=58d0f88e-8fea-416c-8d28-dea105b03ac0
0e2b5da4-3c62-404f-9558-a73dddcdcf9d,play_store,IN,Rahul Yadav,4,,Delivery is very fast. Particularly Ice Cream is Delivered in perfect condition. Keep up the Good Work Team,2026-07-18T16:29:51.369Z,0,18.7.0,https://play.google.com/store/apps/details?id=com.grofers.customerapp&reviewId=0e2b5da4-3c62-404f-9558-a73dddcdcf9d
f394a082-60c0-4656-ab97-5007c46c7302,play_store,IN,Vishakha Sharma,1,,ap paper bag k 7 rupees charge kart ho jo kisi kaam ka nh hota hamr 7 rupees lgt hai jim s kbhi kbhi charge lgn k baad ap itmes k sath nh dty ho please ap ya to clothes bag lago kaam to ay .... kam s kam paper bag koi kaam k nh hoty hai,2026-07-18T16:29:48.460Z,0,17.97.3,https://play.google.com/store/apps/details?id=com.grofers.customerapp&reviewId=f394a082-60c0-4656-ab97-5007c46c7302
13b297b1-57f3-4cd9-a797-5259e161ad65,play_store,IN,Archana Gupta,1,,delivery boy batmeez h bhut jyda pehle blinkit inko manners sikhao ki customer ko kaise deal krte h,2026-07-18T16:23:13.324Z,0,18.9.3,https://play.google.com/store/apps/details?id=com.grofers.customerapp&reviewId=13b297b1-57f3-4cd9-a797-5259e161ad65
7fff8e04-54a4-43bd-a3fa-9028a490971a,play_store,IN,चौधरी जगदीप श्योराण,5,,Excellent & Prompt Services...,2026-07-18T16:22:42.560Z,0,18.9.3,https://play.google.com/store/apps/details?id=com.grofers.customerapp&reviewId=7fff8e04-54a4-43bd-a3fa-9028a490971a
f9946487-1d1b-49ca-87a8-2ad7b4f384dd,play_store,IN,shilpa kadam,4,,grt service during emergency,2026-07-18T16:21:24.435Z,0,18.9.3,https://play.google.com/store/apps/details?id=com.grofers.customerapp&reviewId=f9946487-1d1b-49ca-87a8-2ad7b4f384dd
4132175b-f956-4849-935b-508066bee819,play_store,IN,Mohammed Nabeel,5,,thanku very much for blinkit,2026-07-18T16:19:34.870Z,0,18.9.3,https://play.google.com/store/apps/details?id=com.grofers.customerapp&reviewId=4132175b-f956-4849-935b-508066bee819
f9bea329-723d-45e4-bd30-f02a87ebe932,play_store,IN,Sayed MD kaif,5,,"⭐⭐⭐⭐⭐ **Excellent Experience!** I had a great experience from start to finish. The service was professional, quick, and very helpful. The staff was friendly, responsive, and made the entire process smooth and hassle-free. l. I highly recommend their service to anyone looking for a reliable and excellent experience. Thank you for the outstanding service!",2026-07-18T16:18:06.215Z,0,18.9.3,https://play.google.com/store/apps/details?id=com.grofers.customerapp&reviewId=f9bea329-723d-45e4-bd30-f02a87ebe932
56cdc864-0fb2-4ec0-81c1-050e9f1a89ba,play_store,IN,Suhas Patil,1,,"got a defective product, can't contact anyone.paid more than 250 Esfor the product but they have initiated a refund of 62Rs only.",2026-07-18T16:16:54.104Z,0,18.9.3,https://play.google.com/store/apps/details?id=com.grofers.customerapp&reviewId=56cdc864-0fb2-4ec0-81c1-050e9f1a89ba
afc6a329-53d7-4a86-ba93-19c8d5f30ab1,play_store,IN,krishnanand dwivedi,5,,yes this aap is very useful to us,2026-07-18T16:15:58.203Z,0,18.9.3,https://play.google.com/store/apps/details?id=com.grofers.customerapp&reviewId=afc6a329-53d7-4a86-ba93-19c8d5f30ab1
a2231d96-8147-4b24-999c-545c55ecc15b,play_store,IN,Khushi,5,,fast order good dilevery,2026-07-18T16:10:37.592Z,0,17.71.2,https://play.google.com/store/apps/details?id=com.grofers.customerapp&reviewId=a2231d96-8147-4b24-999c-545c55ecc15b
c4d2fd06-e7e8-405e-9331-06373ca6132e,play_store,IN,BHAVISHYA RAO,5,,blinkit be like : kahin bhi kabhi bhi,2026-07-18T16:10:18.640Z,0,18.9.3,https://play.google.com/store/apps/details?id=com.grofers.customerapp&reviewId=c4d2fd06-e7e8-405e-9331-06373ca6132e
37b2d5c6-41f4-4597-a824-046bfb161b13,play_store,IN,Janmejay Kalwar,5,,it gives quick and convenient deliveries but takes too much handling charge and you cannot cancle your order also so blinker pls look after that also pls,2026-07-18T16:09:45.601Z,0,18.9.3,https://play.google.com/store/apps/details?id=com.grofers.customerapp&reviewId=37b2d5c6-41f4-4597-a824-046bfb161b13
acfdd911-267b-46af-85ba-c18f45b04aa2,play_store,IN,chetan p gowda,1,,"customer service is very bad, need help option is automated and finally will give u the option to send email, later no body replies to the email sent reporting issues of missing items. very disappointed with blink it app and service, I want to give even single star, blink it is running day time robbery.",2026-07-18T16:06:08.870Z,0,,https://play.google.com/store/apps/details?id=com.grofers.customerapp&reviewId=acfdd911-267b-46af-85ba-c18f45b04aa2
e80161a6-98f3-4d04-8a20-ff4490dd7eec,play_store,IN,Renuka Singh,5,,it is Faster than zepto,2026-07-18T16:04:06.161Z,0,18.9.3,https://play.google.com/store/apps/details?id=com.grofers.customerapp&reviewId=e80161a6-98f3-4d04-8a20-ff4490dd7eec
d0d4e839-e1aa-4123-8b92-9588ee4721cb,play_store,IN,Prathamesh Warghade,5,,i use blinkit daily😂😂,2026-07-18T15:59:37.190Z,0,18.9.3,https://play.google.com/store/apps/details?id=com.grofers.customerapp&reviewId=d0d4e839-e1aa-4123-8b92-9588ee4721cb
1f5891df-e261-461d-b3fe-c1dcebae31b6,play_store,IN,Rohan Karmakar,4,,"very good app for day to day item deliveries, fair prices for delivery, but a big improvement would be displaying the delivery charges as well with the products like (product MRP price) + (delivery charges) = total cost",2026-07-18T15:59:22.989Z,0,18.9.3,https://play.google.com/store/apps/details?id=com.grofers.customerapp&reviewId=1f5891df-e261-461d-b3fe-c1dcebae31b6
bcf7f572-8ca4-4505-a7b3-7401fda2fb20,play_store,IN,PRAKASH CHANDRA,1,,Blinkit don't have option to refund and replacement of item if you ordered. Amazon & Flipkart all have the return and refund policy . They r doing monopoly.,2026-07-18T15:58:42.380Z,0,18.7.0,https://play.google.com/store/apps/details?id=com.grofers.customerapp&reviewId=bcf7f572-8ca4-4505-a7b3-7401fda2fb20
a24a6702-3360-4c7e-968e-a84f5879cb21,play_store,IN,ravi teja Bhamidipati,5,,a great experience with this app.,2026-07-18T15:58:06.540Z,0,18.7.0,https://play.google.com/store/apps/details?id=com.grofers.customerapp&reviewId=a24a6702-3360-4c7e-968e-a84f5879cb21
9f2ff6a5-85da-443b-af66-a5f7f8e46050,play_store,IN,International Marketing IndiaIVF,3,,"most of the delivery person deny to come to door step, they want us to come and collect the order, we can better go to the shops ourselves.",2026-07-18T15:57:33.155Z,0,18.9.3,https://play.google.com/store/apps/details?id=com.grofers.customerapp&reviewId=9f2ff6a5-85da-443b-af66-a5f7f8e46050
ab20e394-190b-4104-bd4a-bea38ee6beb9,play_store,IN,arjun singh,1,,Delivered fake dettol bottle with seal broken and some other chemical mixed. This is absolute cheating either by delivery riders or store in charge persons.,2026-07-18T15:51:35.839Z,0,18.9.3,https://play.google.com/store/apps/details?id=com.grofers.customerapp&reviewId=ab20e394-190b-4104-bd4a-bea38ee6beb9
45947bb5-f861-4905-87ba-0a090735bbef,play_store,IN,Rajat Sharma,2,,taking so much time to deliver,2026-07-18T15:49:32.985Z,0,17.73.1,https://play.google.com/store/apps/details?id=com.grofers.customerapp&reviewId=45947bb5-f861-4905-87ba-0a090735bbef
d8bce222-e472-465b-ba3d-a8d409add1c0,play_store,IN,Aditya Saini,5,,Blinkit is truly a great delivery app; their delivery service is excellent.,2026-07-18T15:48:08.852Z,0,18.9.3,https://play.google.com/store/apps/details?id=com.grofers.customerapp&reviewId=d8bce222-e472-465b-ba3d-a8d409add1c0
894e8387-cc87-4096-bb32-65478e71ac05,play_store,IN,kuldeep verma,5,,"Excellent, हमारी सोच से भी कहीं तेजी से डिलीवरी कर देता है यह । पलक तो झपकने दिया करो यार",2026-07-18T15:44:47.575Z,0,18.9.3,https://play.google.com/store/apps/details?id=com.grofers.customerapp&reviewId=894e8387-cc87-4096-bb32-65478e71ac05
17b288e1-7b58-4a0e-95a5-3e4c5a7ffee6,play_store,IN,Maruti Restaurant,1,,"I am repeate customer, Support service is too bad..worst not satisfied",2026-07-18T15:43:58.185Z,0,18.9.3,https://play.google.com/store/apps/details?id=com.grofers.customerapp&reviewId=17b288e1-7b58-4a0e-95a5-3e4c5a7ffee6
afdfc489-de9a-46ba-925d-beea582b1cbe,play_store,IN,Abhishek Pratap singh,5,,Very fast delivery and product quality is excellent at affordable price,2026-07-18T15:43:21.514Z,0,,https://play.google.com/store/apps/details?id=com.grofers.customerapp&reviewId=afdfc489-de9a-46ba-925d-beea582b1cbe
9f689529-feef-459a-995a-d66c24881388,play_store,IN,Duggu Gupta,5,,Very good app with fast delivery 🚚. One of my favourite app 🍥,2026-07-18T15:43:19.369Z,0,,https://play.google.com/store/apps/details?id=com.grofers.customerapp&reviewId=9f689529-feef-459a-995a-d66c24881388
0d669ccc-fc4a-4512-9a11-5eeec5b38794,play_store,IN,Shreya Mondal,5,,best instant platform,2026-07-18T15:42:09.892Z,0,18.7.0,https://play.google.com/store/apps/details?id=com.grofers.customerapp&reviewId=0d669ccc-fc4a-4512-9a11-5eeec5b38794
6011fa10-809f-4ac4-b1f3-07461fdaa943,play_store,IN,Udaya Gaddala,5,,good product better timings excellent and patience riders,2026-07-18T15:41:29.415Z,0,18.7.0,https://play.google.com/store/apps/details?id=com.grofers.customerapp&reviewId=6011fa10-809f-4ac4-b1f3-07461fdaa943
dad409f0-3d2d-4e0b-9eec-975bc1d098e9,play_store,IN,Gaurav Bhardwaj,3,,best option 😃 blinkit i love blinkit ❤️,2026-07-18T15:40:58.117Z,0,,https://play.google.com/store/apps/details?id=com.grofers.customerapp&reviewId=dad409f0-3d2d-4e0b-9eec-975bc1d098e9
0b0407d8-b08f-4e55-ac32-0bd6640d09c6,play_store,IN,appu kankipati,5,,good app help to customer and helpful for blinkit profit hope this will continue further and get good name for company,2026-07-18T15:39:02.230Z,0,18.9.3,https://play.google.com/store/apps/details?id=com.grofers.customerapp&reviewId=0b0407d8-b08f-4e55-ac32-0bd6640d09c6
d3b46857-eb9f-4426-98af-c0fec19eb77b,play_store,IN,Lianah Louise,1,,probably the worst app and worst experience I've ever had. refunds are not processed sooner.. for that matter they are not processed at all. my money is not being refund since the last two weeks. and every time I start a chat in their customer help they do not provide a resolution in state they just keep on extending the time frame. if you want an app which gives you were the product.. please do not go for blinkit at all because this app is a fraud and probably has the worst customer experience.,2026-07-18T15:36:52.903Z,0,18.9.3,https://play.google.com/store/apps/details?id=com.grofers.customerapp&reviewId=d3b46857-eb9f-4426-98af-c0fec19eb77b
f989608a-5f3c-4125-ad09-0e263fe3edbe,play_store,IN,Bhavna Vaghela,2,,please give carry bags with items,2026-07-18T15:35:23.207Z,0,18.9.3,https://play.google.com/store/apps/details?id=com.grofers.customerapp&reviewId=f989608a-5f3c-4125-ad09-0e263fe3edbe
bbd17f25-ee8a-457c-b605-7d29cc5f41ca,play_store,IN,Vaibhav Dwivedu,3,,sometimes order experiences are not good,2026-07-18T15:34:20.175Z,0,18.9.3,https://play.google.com/store/apps/details?id=com.grofers.customerapp&reviewId=bbd17f25-ee8a-457c-b605-7d29cc5f41ca
dbcfa846-8d64-4ea7-af76-cb288d0891fe,play_store,IN,Rukhsaar Ahmed,2,,otp waiting time is very short,2026-07-18T15:29:49.810Z,0,18.9.3,https://play.google.com/store/apps/details?id=com.grofers.customerapp&reviewId=dbcfa846-8d64-4ea7-af76-cb288d0891fe
81725168-43df-45b4-91ce-45ae71d255ab,play_store,IN,Sakir Alam,5,,quik delivery service,2026-07-18T15:29:44.983Z,0,,https://play.google.com/store/apps/details?id=com.grofers.customerapp&reviewId=81725168-43df-45b4-91ce-45ae71d255ab
15f80782-4952-42a3-b266-038719c20b30,play_store,IN,Harleen Kaur,5,,all the orders were perfect and clean,2026-07-18T15:27:00.339Z,0,18.9.3,https://play.google.com/store/apps/details?id=com.grofers.customerapp&reviewId=15f80782-4952-42a3-b266-038719c20b30
43bc7351-5c09-4ce8-b43a-afd26e8b489f,play_store,IN,Vaishali Nigam,1,,worst handling of material and even worse customer service,2026-07-18T15:27:00.188Z,0,18.9.3,https://play.google.com/store/apps/details?id=com.grofers.customerapp&reviewId=43bc7351-5c09-4ce8-b43a-afd26e8b489f
f89f866e-6a44-4556-883e-6b780b50f071,play_store,IN,Harsh Wagh,5,,khatarr nakkkkk💥🔥💯💥🗿 it is a very good app for ordering your stuff quick too much goodddd loved ittt💖🔥🗿💥💥,2026-07-18T15:25:36.212Z,0,,https://play.google.com/store/apps/details?id=com.grofers.customerapp&reviewId=f89f866e-6a44-4556-883e-6b780b50f071
dfc0d499-c3e9-4b8f-ac70-68310b74d9d5,play_store,IN,inderpal kapoor,5,,excellent really delivery on time,2026-07-18T15:23:03.869Z,0,18.9.3,https://play.google.com/store/apps/details?id=com.grofers.customerapp&reviewId=dfc0d499-c3e9-4b8f-ac70-68310b74d9d5
33e1588b-b2fd-40d8-bb17-4c0ab179ce32,play_store,IN,Prathibhavishwanath Putti,4,,little bit price is high,2026-07-18T15:22:02.901Z,0,18.9.3,https://play.google.com/store/apps/details?id=com.grofers.customerapp&reviewId=33e1588b-b2fd-40d8-bb17-4c0ab179ce32
3ce6cecc-4e60-4bf5-8bab-137d9536988c,play_store,IN,Anuj Singh,4,,this very helpfull I am very happy blinkit app and delivery boys,2026-07-18T15:21:57.981Z,0,18.9.3,https://play.google.com/store/apps/details?id=com.grofers.customerapp&reviewId=3ce6cecc-4e60-4bf5-8bab-137d9536988c
5bb161b0-a082-49e6-b0cb-4bc22717c22b,play_store,IN,Yasmeen taj Taj,5,,easy way to buy something in less time,2026-07-18T15:19:30.195Z,0,18.9.3,https://play.google.com/store/apps/details?id=com.grofers.customerapp&reviewId=5bb161b0-a082-49e6-b0cb-4bc22717c22b
f3e5682b-e937-41f2-8cc6-2f08c3e80e93,play_store,IN,Neshal Patel,5,,"Very fast delivery, often within 10–20 minutes in supported areas. Wide selection of groceries, fruits, dairy, medicines, personal care items, and even electronics. 😎",2026-07-18T15:18:53.146Z,0,18.9.3,https://play.google.com/store/apps/details?id=com.grofers.customerapp&reviewId=f3e5682b-e937-41f2-8cc6-2f08c3e80e93
df6ffe9b-1e57-4917-b2f0-148323d06435,play_store,IN,Shreya Mishra,1,,"Be aware with the store ,they misled the customer about the availability of the items . I had a horrific experience with Blinkit If you don't know how to run apps don't take orders Would urge everyone to be very vigilant.",2026-07-18T15:17:16.989Z,0,18.9.3,https://play.google.com/store/apps/details?id=com.grofers.customerapp&reviewId=df6ffe9b-1e57-4917-b2f0-148323d06435
fa8e6135-5231-4d0d-a975-438762c7edc8,play_store,IN,Anil Jain,1,,the staff does not pick up the call,2026-07-18T15:13:39.791Z,0,18.9.3,https://play.google.com/store/apps/details?id=com.grofers.customerapp&reviewId=fa8e6135-5231-4d0d-a975-438762c7edc8
413dcd7f-91a5-4f7f-a58d-6850363ed3c2,play_store,IN,Mir Ashraf Ali,1,,every time what I ordered the items there is a problem in one of the items and I have to return it back .. I request the blinkit team to go through it and I request Blinkit team to take a servey of the store so the we won't have much trouble after,2026-07-18T15:12:00.197Z,0,18.9.3,https://play.google.com/store/apps/details?id=com.grofers.customerapp&reviewId=413dcd7f-91a5-4f7f-a58d-6850363ed3c2
fc661fe4-c3a3-4b79-b800-5c388f65176c,play_store,IN,ZAIN,5,,First Time using . Good experience,2026-07-18T15:11:12.564Z,0,18.13.0,https://play.google.com/store/apps/details?id=com.grofers.customerapp&reviewId=fc661fe4-c3a3-4b79-b800-5c388f65176c
8390b57d-5c08-4fb8-8167-58aef719438c,play_store,IN,Gagan Rathore23,5,,nice and fast working,2026-07-18T15:10:37.249Z,0,18.9.3,https://play.google.com/store/apps/details?id=com.grofers.customerapp&reviewId=8390b57d-5c08-4fb8-8167-58aef719438c
0cc79c85-ae9e-42cc-a1e0-cbd01c0426e6,play_store,IN,Krushna Bhura,1,,location and offers are not good,2026-07-18T15:08:14.313Z,0,18.9.3,https://play.google.com/store/apps/details?id=com.grofers.customerapp&reviewId=0cc79c85-ae9e-42cc-a1e0-cbd01c0426e6
2c4c8f4e-824d-4aba-9ae9-0277dfd46f88,play_store,IN,Akhilendra Pratap Singh,1,,Totally disappointed. delivery boy not able to deliver at the address whereas previous 5 to 6 orders were delivered successfully at the same address. The order was cancelled from Blinkit side then also cancellation charge was deducted from the refunded amount. Would not recommend Blinkit. Never.,2026-07-18T15:06:34.971Z,0,18.9.3,https://play.google.com/store/apps/details?id=com.grofers.customerapp&reviewId=2c4c8f4e-824d-4aba-9ae9-0277dfd46f88
176de704-ab6f-45b8-a76b-646f1fac9af5,play_store,IN,Saurabh Magan,3,,prices are higher. but definitely spoiled us.,2026-07-18T15:04:26.180Z,0,18.9.3,https://play.google.com/store/apps/details?id=com.grofers.customerapp&reviewId=176de704-ab6f-45b8-a76b-646f1fac9af5
07c1ff23-b4da-4091-99b4-f5a0aff2ce42,play_store,IN,Kunal Chhoker,1,,order not place problem,2026-07-18T15:01:46.990Z,0,18.9.3,https://play.google.com/store/apps/details?id=com.grofers.customerapp&reviewId=07c1ff23-b4da-4091-99b4-f5a0aff2ce42
a14caf44-c918-4065-891e-c04c4a086dff,play_store,IN,saurabh gupta,5,,very fast and smooth delivery all time on time,2026-07-18T15:01:43.229Z,0,,https://play.google.com/store/apps/details?id=com.grofers.customerapp&reviewId=a14caf44-c918-4065-891e-c04c4a086dff
d01c746e-6e24-406d-ab71-81c574cd4524,play_store,IN,Rakhi Khattar,5,,the best is i get My Cat food,2026-07-18T15:00:03.910Z,0,18.9.3,https://play.google.com/store/apps/details?id=com.grofers.customerapp&reviewId=d01c746e-6e24-406d-ab71-81c574cd4524
b63dff30-f457-4236-a4b0-4e92338bf89f,play_store,IN,A D,2,,they added so many extra charges,2026-07-18T14:58:49.957Z,0,18.7.0,https://play.google.com/store/apps/details?id=com.grofers.customerapp&reviewId=b63dff30-f457-4236-a4b0-4e92338bf89f
c89f7aa4-0cec-4796-8307-36f5e162b975,play_store,IN,Priyanka Todkar,1,,unsealed packets and not written expired date,2026-07-18T14:56:01.326Z,0,18.7.0,https://play.google.com/store/apps/details?id=com.grofers.customerapp&reviewId=c89f7aa4-0cec-4796-8307-36f5e162b975
0134b33a-0992-424c-ad79-e83cea7ae8a6,play_store,IN,Salman,5,,100/100 this app is just great,2026-07-18T14:55:12.601Z,0,18.9.3,https://play.google.com/store/apps/details?id=com.grofers.customerapp&reviewId=0134b33a-0992-424c-ad79-e83cea7ae8a6
d3675a85-430e-4121-a743-1d195b22550e,play_store,IN,rekha DewSoft,1,,Delivery partner is asking for tip Forcefully. Didn't expect from blinkit.,2026-07-18T14:50:23.417Z,0,18.9.3,https://play.google.com/store/apps/details?id=com.grofers.customerapp&reviewId=d3675a85-430e-4121-a743-1d195b22550e
3f4727c0-91d6-4eb6-ad92-f42f0a3cbd43,play_store,IN,Md Anish,1,,chhatisgarh nandini nagar me kyu nahi chalta batao 🥺🤔🤬🤬 plzz yaar yaha pe bhi chla do nandini me bhai aaj kal gao me bhi chal rha hai blinkit but ye to tabbhi town hai .,2026-07-18T14:47:41.710Z,0,18.9.3,https://play.google.com/store/apps/details?id=com.grofers.customerapp&reviewId=3f4727c0-91d6-4eb6-ad92-f42f0a3cbd43
1ada1306-dca5-4ab4-90fd-889e381cdc9c,play_store,IN,Swetha Pandiri,5,,but few product state was high,2026-07-18T14:47:04.940Z,0,18.9.3,https://play.google.com/store/apps/details?id=com.grofers.customerapp&reviewId=1ada1306-dca5-4ab4-90fd-889e381cdc9c
45e0212c-aa3b-45e9-bbde-cb0aa2b85593,play_store,IN,Deepa Khati,5,,it is best fast grocery delivery app,2026-07-18T14:45:43.216Z,0,,https://play.google.com/store/apps/details?id=com.grofers.customerapp&reviewId=45e0212c-aa3b-45e9-bbde-cb0aa2b85593
5e14b0f3-c522-4e58-9d8a-2052f9800d07,play_store,IN,Alfiya Shaikh,5,,fast and save delivery products packing also good,2026-07-18T14:45:03.534Z,0,,https://play.google.com/store/apps/details?id=com.grofers.customerapp&reviewId=5e14b0f3-c522-4e58-9d8a-2052f9800d07
a829990f-ca40-483b-9a79-3c5f5f443afd,play_store,IN,Ansh Kumar,5,,all products available,2026-07-18T14:38:55.815Z,0,18.9.3,https://play.google.com/store/apps/details?id=com.grofers.customerapp&reviewId=a829990f-ca40-483b-9a79-3c5f5f443afd
2e78d0c8-dc03-4e32-bc52-4b1dffb383d8,play_store,IN,ANIKET SONJE,5,,fast delivery and good quality all items,2026-07-18T14:36:09.132Z,0,,https://play.google.com/store/apps/details?id=com.grofers.customerapp&reviewId=2e78d0c8-dc03-4e32-bc52-4b1dffb383d8
c1fa95d9-47f6-4e57-8168-fd87d2d6286f,play_store,IN,punit chugh,5,,good it is very slow it waas giving me chicken caurry in 1 haur pls do fest delivery,2026-07-18T14:35:56.942Z,0,18.9.3,https://play.google.com/store/apps/details?id=com.grofers.customerapp&reviewId=c1fa95d9-47f6-4e57-8168-fd87d2d6286f
c7941034-9ec7-43eb-bdea-4afd3bb7aaf9,play_store,IN,Rabi Behera,5,,Delivery time is very perfect and all items are also fresh.,2026-07-18T14:34:09.784Z,0,18.9.3,https://play.google.com/store/apps/details?id=com.grofers.customerapp&reviewId=c7941034-9ec7-43eb-bdea-4afd3bb7aaf9
19d30ffa-39e0-4e2c-8eba-a1034227a452,play_store,IN,Sanju Chitragar,5,,Excellent for and easy mode of shopping. Quite helpful and handy too..,2026-07-18T14:33:52.261Z,0,17.25.4,https://play.google.com/store/apps/details?id=com.grofers.customerapp&reviewId=19d30ffa-39e0-4e2c-8eba-a1034227a452
9c131410-fb5d-470d-aa71-47f31feb6a33,play_store,IN,Ravi. P.singh,5,,"First experience is best , lekin thoda middle class town me bhi service expand hona chahiye Best service for busy professional, Old age persons.",2026-07-18T14:31:34.904Z,0,18.9.3,https://play.google.com/store/apps/details?id=com.grofers.customerapp&reviewId=9c131410-fb5d-470d-aa71-47f31feb6a33
c0dc7532-5db3-4d16-824f-bc12b063b37a,play_store,IN,Madhurima Mandal,1,,"they have shifted from being environment friendly with brown shopping paper bags to cheap plastic bags, this is making me shift completely from blinkit to other options",2026-07-18T14:29:12.564Z,0,18.9.3,https://play.google.com/store/apps/details?id=com.grofers.customerapp&reviewId=c0dc7532-5db3-4d16-824f-bc12b063b37a
4f4a11b5-835c-498d-a208-867e296b1b7b,play_store,IN,Ameen Kazi,5,,very good app better than zepto,2026-07-18T14:28:15.445Z,0,18.9.3,https://play.google.com/store/apps/details?id=com.grofers.customerapp&reviewId=4f4a11b5-835c-498d-a208-867e296b1b7b
10e44476-7da0-4dfc-a21f-e47842e5e5c1,play_store,IN,Abhishek Chourey,5,,fast delivery and service,2026-07-18T14:27:31.233Z,0,18.9.3,https://play.google.com/store/apps/details?id=com.grofers.customerapp&reviewId=10e44476-7da0-4dfc-a21f-e47842e5e5c1
88cd1d2b-159a-4f9f-828a-6bb820ead6ed,play_store,IN,Sabeer Asar,1,,I can't buy product from my blinkit money wallet,2026-07-18T14:26:52.259Z,0,18.9.3,https://play.google.com/store/apps/details?id=com.grofers.customerapp&reviewId=88cd1d2b-159a-4f9f-828a-6bb820ead6ed
adb15e2d-9833-47ad-8698-0cef804f31c6,play_store,IN,Ganesh Thakur,5,,all product nice app,2026-07-18T14:26:12.572Z,0,18.9.3,https://play.google.com/store/apps/details?id=com.grofers.customerapp&reviewId=adb15e2d-9833-47ad-8698-0cef804f31c6
99a3e380-05d7-4bb3-8e95-d73a22a4c95f,play_store,IN,Mandeep Kaur,1,,vegetables and fruits price very high range,2026-07-18T14:25:58.184Z,0,18.9.3,https://play.google.com/store/apps/details?id=com.grofers.customerapp&reviewId=99a3e380-05d7-4bb3-8e95-d73a22a4c95f
a5f26d18-0371-4014-96e6-0c55b91d0af9,play_store,IN,Shivam Shri,1,,"I have got promo code, but where to use is not mentioned in application, also no space to use it in Application",2026-07-18T14:22:41.883Z,0,18.9.3,https://play.google.com/store/apps/details?id=com.grofers.customerapp&reviewId=a5f26d18-0371-4014-96e6-0c55b91d0af9
fd9c194d-0f21-4a29-89be-b37f741597eb,play_store,IN,Mohammed Nazim,5,,let's wait for delivery,2026-07-18T14:22:24.998Z,0,18.9.3,https://play.google.com/store/apps/details?id=com.grofers.customerapp&reviewId=fd9c194d-0f21-4a29-89be-b37f741597eb
e876db93-01f7-4048-8607-8974142f12bc,play_store,IN,kalyana sundaram,5,,very good and speedy delivery.,2026-07-18T14:17:45.560Z,0,18.9.3,https://play.google.com/store/apps/details?id=com.grofers.customerapp&reviewId=e876db93-01f7-4048-8607-8974142f12bc
a59f18df-18f2-4ce8-a287-5d42f9143505,play_store,IN,Anita Sharma,1,,koi cheej proper nahi hoti na pekking hoti h packing bag bhi pehle 8 rupees ka tha ab 9 rupees ka h vo to chalo koi bat nahi par bad mea kam bhi ae koi bag bs ate ate ft jata h fir dustbin mea fenk di 9 rupees dustbin mea dog ke lie bon mngwai vo bhi loose peking mea pic mea koi or peking dikhai hui h,2026-07-18T14:17:26.310Z,0,18.9.3,https://play.google.com/store/apps/details?id=com.grofers.customerapp&reviewId=a59f18df-18f2-4ce8-a287-5d42f9143505
9ad1847d-5cd2-43e8-99c9-9761a5b1c5a6,play_store,IN,Jayshree Thoke,4,,I am very happy for the service . it made grocery shopping very easy .thank you blinkit,2026-07-18T14:15:12.905Z,0,18.9.3,https://play.google.com/store/apps/details?id=com.grofers.customerapp&reviewId=9ad1847d-5cd2-43e8-99c9-9761a5b1c5a6
72b73d98-0e07-461d-bf8c-838d8755ead5,play_store,IN,Alongkar Hazarika,5,,My favourite app so far..,2026-07-18T14:13:10.642Z,0,18.9.3,https://play.google.com/store/apps/details?id=com.grofers.customerapp&reviewId=72b73d98-0e07-461d-bf8c-838d8755ead5
79d71229-f3f9-4f0b-9420-3895fca572fc,play_store,IN,_miss p,5,,Swift delivery. Hassle Free.,2026-07-18T14:12:53.437Z,0,18.9.3,https://play.google.com/store/apps/details?id=com.grofers.customerapp&reviewId=79d71229-f3f9-4f0b-9420-3895fca572fc
3c988699-df12-4472-ab19-9031c596378f,play_store,IN,Kundan Kumar Jha,5,,Amazing Service Provided,2026-07-18T14:11:22.220Z,0,18.9.3,https://play.google.com/store/apps/details?id=com.grofers.customerapp&reviewId=3c988699-df12-4472-ab19-9031c596378f
885ead24-3bf1-4b5b-a866-6ddd572d452f,play_store,IN,Aarav Maheshwari,5,,Best app for shopping as it name states just like it work lots of things are available like all variety and quality,2026-07-18T14:10:48.885Z,0,18.9.3,https://play.google.com/store/apps/details?id=com.grofers.customerapp&reviewId=885ead24-3bf1-4b5b-a866-6ddd572d452f
58a282bc-78e0-4ff2-abed-8265834d7ebc,play_store,IN,Sushant Sakate,5,,good service agents are friendly blinkit trustworthy,2026-07-18T14:06:07.672Z,0,18.9.3,https://play.google.com/store/apps/details?id=com.grofers.customerapp&reviewId=58a282bc-78e0-4ff2-abed-8265834d7ebc
2b9b9133-6b03-43b7-9bcc-46347fb23e21,play_store,IN,Peace to the world,5,,quick & easy to shop..,2026-07-18T14:04:57.657Z,0,18.9.3,https://play.google.com/store/apps/details?id=com.grofers.customerapp&reviewId=2b9b9133-6b03-43b7-9bcc-46347fb23e21
7d68bea9-4a33-4dfe-a3ca-87df33d14e68,play_store,IN,anand iyer,5,,Excellent Platform and services,2026-07-18T14:00:57.987Z,0,18.9.3,https://play.google.com/store/apps/details?id=com.grofers.customerapp&reviewId=7d68bea9-4a33-4dfe-a3ca-87df33d14e68
3c506f8a-7893-4b1e-be6c-0e8cc6c5f9d0,play_store,IN,Arnav Pro,4,,"It is a good platform but it sometimes send dirty chips and takes a little high delivery charge though it is good for a old,specially abled etc.",2026-07-18T13:59:19.840Z,0,18.9.3,https://play.google.com/store/apps/details?id=com.grofers.customerapp&reviewId=3c506f8a-7893-4b1e-be6c-0e8cc6c5f9d0
325d8827-63d7-4ab0-be4d-05781ff125fe,play_store,IN,kritika sharma,5,,It's nice for emergency and you get advice of doc aswell when you order a medicine or smth related to it,2026-07-18T13:59:06.563Z,0,18.9.3,https://play.google.com/store/apps/details?id=com.grofers.customerapp&reviewId=325d8827-63d7-4ab0-be4d-05781ff125fe
04c5d7de-6d78-4cea-ab49-e9ee88d9f268,play_store,IN,Sourav Jha,1,,Always try to fool customer using dark patterns,2026-07-18T13:57:39.863Z,0,17.27.2,https://play.google.com/store/apps/details?id=com.grofers.customerapp&reviewId=04c5d7de-6d78-4cea-ab49-e9ee88d9f268
8be1d6ee-9b5f-4af6-b277-6bba24ce1b6d,play_store,IN,Wither Gaming,5,,i like this app and the delivery boy iss very discipline and cool,2026-07-18T13:56:41.683Z,0,,https://play.google.com/store/apps/details?id=com.grofers.customerapp&reviewId=8be1d6ee-9b5f-4af6-b277-6bba24ce1b6d
49d595da-f632-4752-a764-ef271394c02b,play_store,IN,B Tarun Kumar,5,,best app for any quick home remides,2026-07-18T13:53:19.585Z,0,,https://play.google.com/store/apps/details?id=com.grofers.customerapp&reviewId=49d595da-f632-4752-a764-ef271394c02b
6031ee08-2f22-459c-9a85-83ced2eefb7d,play_store,IN,Lakshya Yadav,5,,very good 👍 👏 👌 😀 ☺️ 🙌 👍 👏 👌 😀 ☺️ 🙌,2026-07-18T13:52:44.770Z,0,18.9.3,https://play.google.com/store/apps/details?id=com.grofers.customerapp&reviewId=6031ee08-2f22-459c-9a85-83ced2eefb7d
4fce1398-3449-4d74-b515-3196bdf76b8a,play_store,IN,Abhi Marar,1,,"ഊമ്പിയ ആപ്പ്, ഒരു മൈരും കിട്ടാത്ത കുണ്ണകളുടെ ആപ്പ്, പൂറി മക്കൾ വെറുതെ നമ്മൾ മലയാളികളെ പറ്റിക്കാൻ",2026-07-18T13:49:37.640Z,0,18.9.3,https://play.google.com/store/apps/details?id=com.grofers.customerapp&reviewId=4fce1398-3449-4d74-b515-3196bdf76b8a
0b28bd4b-9b9b-4966-8a24-45a4385ef1a0,play_store,IN,mahesh chand,1,,Bisleri bottles 10 litres I am being supplied are not found sealed on top cover/lid.How may I be assured about adulteration.,2026-07-18T13:48:30.663Z,1,18.9.3,https://play.google.com/store/apps/details?id=com.grofers.customerapp&reviewId=0b28bd4b-9b9b-4966-8a24-45a4385ef1a0
f3041b45-3dd6-4829-a027-73dc7d1f46b1,play_store,IN,Xylroz,5,,best aap for earlier delevery 🧿,2026-07-18T13:46:28.872Z,0,,https://play.google.com/store/apps/details?id=com.grofers.customerapp&reviewId=f3041b45-3dd6-4829-a027-73dc7d1f46b1
f187c40b-15be-4462-b13b-edea7e6cbb20,play_store,IN,Ranjitsinh Khant,2,,parcel 📦 bag is not good for rain paper bag packing in rain is bad,2026-07-18T13:45:42.323Z,0,18.9.3,https://play.google.com/store/apps/details?id=com.grofers.customerapp&reviewId=f187c40b-15be-4462-b13b-edea7e6cbb20
3bfc2761-3397-4353-bd8f-b16c6f9c48a4,play_store,IN,Akash Kuamr,1,,very bad platform don't order this platform 😔😔,2026-07-18T13:44:11.587Z,0,18.9.3,https://play.google.com/store/apps/details?id=com.grofers.customerapp&reviewId=3bfc2761-3397-4353-bd8f-b16c6f9c48a4
5bb38872-3764-4515-9625-6d36d99da3d8,play_store,IN,Ritu Raj Singh,5,,it's making our lives easy!! Amazing🤍,2026-07-18T13:43:12.688Z,0,,https://play.google.com/store/apps/details?id=com.grofers.customerapp&reviewId=5bb38872-3764-4515-9625-6d36d99da3d8
7c67df28-2050-493b-a6a9-b71d27ee36d4,play_store,IN,sunil bansal,5,,I am very happy with delivery on time.,2026-07-18T13:42:38.253Z,0,15.55.2,https://play.google.com/store/apps/details?id=com.grofers.customerapp&reviewId=7c67df28-2050-493b-a6a9-b71d27ee36d4
4291e064-8d2a-4629-bb06-d6af04c4479c,play_store,IN,PAGAL,1,,to much expensive 😔,2026-07-18T13:41:42.149Z,0,18.9.3,https://play.google.com/store/apps/details?id=com.grofers.customerapp&reviewId=4291e064-8d2a-4629-bb06-d6af04c4479c
659113fc-3ceb-4b83-ba43-c76442088d7b,play_store,IN,Kunal Kashyap,5,,please fast received my order,2026-07-18T13:40:17.925Z,0,18.9.3,https://play.google.com/store/apps/details?id=com.grofers.customerapp&reviewId=659113fc-3ceb-4b83-ba43-c76442088d7b
fc6635e3-9b20-4af1-9195-623242ee707d,play_store,IN,Araa,3,,improper response from customer care. which is undeniable I pay for what I receive and if the organisation is not gonna accept it's mistake then it's gonna fall to ground soon.. so let it learn soon or blinkit will be it so soon. hope they understand,2026-07-18T13:39:30.732Z,0,18.9.3,https://play.google.com/store/apps/details?id=com.grofers.customerapp&reviewId=fc6635e3-9b20-4af1-9195-623242ee707d
607d0767-029a-49bb-9c39-deb45daed89f,play_store,IN,Ravinder raghav,4,,supply items must be in there proper conditions,2026-07-18T13:35:10.649Z,0,17.87.0,https://play.google.com/store/apps/details?id=com.grofers.customerapp&reviewId=607d0767-029a-49bb-9c39-deb45daed89f
33fcd7c2-5523-4b6e-bd2e-6dd51c6232aa,play_store,IN,Bhagya Bhagya,5,,this app is very useful,2026-07-18T13:33:56.400Z,0,17.99.1,https://play.google.com/store/apps/details?id=com.grofers.customerapp&reviewId=33fcd7c2-5523-4b6e-bd2e-6dd51c6232aa
7cd18dec-c8a1-4a62-b333-27bd8a4447ba,play_store,IN,Jasmine Shaikh,3,,I have observed that the free bees are not given in Hyderbad in the blinkit services as compared to Mumbai when it will show there as a free bee added it used to come along with the order but here it shows something else while ordering and receives something else or in many cases I have not received also....if dont want to provide the product what showing kindly do not display it in the cart.Thankyou.,2026-07-18T13:32:51.165Z,0,,https://play.google.com/store/apps/details?id=com.grofers.customerapp&reviewId=7cd18dec-c8a1-4a62-b333-27bd8a4447ba
4e5e1df8-2d06-43ee-8b78-ef55396a577c,play_store,IN,Samarth Patil,5,,life frist order in 10 minits.,2026-07-18T13:32:21.951Z,0,18.9.3,https://play.google.com/store/apps/details?id=com.grofers.customerapp&reviewId=4e5e1df8-2d06-43ee-8b78-ef55396a577c
94693efa-af68-40da-8037-3db2bf7cc168,play_store,IN,KESHAV FF MAX,2,,everytime when i order something the items come very dirty sometimw item got damaged and i don't get refund,2026-07-18T13:32:12.737Z,0,18.9.3,https://play.google.com/store/apps/details?id=com.grofers.customerapp&reviewId=94693efa-af68-40da-8037-3db2bf7cc168
a88364d0-c721-45ca-baab-94866f52516e,play_store,IN,Zoya Queen447,5,,fastest delivery experience 👍🏻,2026-07-18T13:30:04.688Z,0,18.9.3,https://play.google.com/store/apps/details?id=com.grofers.customerapp&reviewId=a88364d0-c721-45ca-baab-94866f52516e
a82cb419-90d4-4771-8216-06311de6b8f3,play_store,IN,Asad Malik,5,,bahut achcha hai yaar matlab ki Main shop per hun mujhe fir bhi Ghar baithe baithe dudh Mil Gaya Hai,2026-07-18T13:27:22.121Z,0,18.9.3,https://play.google.com/store/apps/details?id=com.grofers.customerapp&reviewId=a82cb419-90d4-4771-8216-06311de6b8f3
036161af-dec8-452f-aec0-cc597971b5ee,play_store,IN,purva prakash,5,,Delivers damaged products and customer care denies any request of course doesn't want to exchange or return money and just keeps asking for reviews...what a joke this app has always been and just keeps apologizing without any resolution.. mediocre service,2026-07-18T13:26:44.725Z,0,18.9.3,https://play.google.com/store/apps/details?id=com.grofers.customerapp&reviewId=036161af-dec8-452f-aec0-cc597971b5ee
82c1509a-0893-49e9-8923-178906641657,play_store,IN,Prasuna T,5,,very fast delivery 🚚🚚🚚,2026-07-18T13:25:42.869Z,0,18.9.3,https://play.google.com/store/apps/details?id=com.grofers.customerapp&reviewId=82c1509a-0893-49e9-8923-178906641657
ff99f8ef-31b2-45cf-b8e7-24c544d948ca,play_store,IN,Nabhiya Quadri,3,,no offers n too expensive,2026-07-18T13:21:02.754Z,0,18.7.0,https://play.google.com/store/apps/details?id=com.grofers.customerapp&reviewId=ff99f8ef-31b2-45cf-b8e7-24c544d948ca
002e7e84-6160-4f40-b2a4-25cf149f8b25,play_store,IN,ramakrishnam raju,1,,"Extremely disappointed with Blinkit's customer service. My order had missing accessories, and the product delivered was also defective. I shared clear video evidence immediately after receiving the order, yet Blinkit simply relied on the store's version and closed my complaint without properly reviewing the proof I provided. Their investigation appears to be one-sided, where the customer's evidence is ignored and the store's statement is treated as",2026-07-18T13:19:41.770Z,0,17.57.0,https://play.google.com/store/apps/details?id=com.grofers.customerapp&reviewId=002e7e84-6160-4f40-b2a4-25cf149f8b25
50e859a4-8d25-4439-826b-2c98effbc7a2,play_store,IN,Xbit Takkennn,5,,they deliver an ambulance how amazing it is right 👍,2026-07-18T13:19:16.252Z,0,18.13.0,https://play.google.com/store/apps/details?id=com.grofers.customerapp&reviewId=50e859a4-8d25-4439-826b-2c98effbc7a2
acd72050-774c-4518-8950-ec92b66a43f2,play_store,IN,Santosh Ola,5,,It is a very good app it is so fast and easy to use and all things are available easily,2026-07-18T13:18:37.555Z,0,,https://play.google.com/store/apps/details?id=com.grofers.customerapp&reviewId=acd72050-774c-4518-8950-ec92b66a43f2
671a060e-f7ce-4f07-8bff-8509c1bd211d,play_store,IN,GUNVIR SINGH,5,,Very good but needs delivary in villages also,2026-07-18T13:18:32.467Z,0,18.9.3,https://play.google.com/store/apps/details?id=com.grofers.customerapp&reviewId=671a060e-f7ce-4f07-8bff-8509c1bd211d
7e439518-eba6-4e11-832a-98bd0f5885d8,play_store,IN,Ritu Kaushik,5,,best app for emergencies..must download!!,2026-07-18T13:18:09.314Z,0,18.9.3,https://play.google.com/store/apps/details?id=com.grofers.customerapp&reviewId=7e439518-eba6-4e11-832a-98bd0f5885d8
38c7949f-48bc-4ffb-8e8b-13180acb3f85,play_store,IN,Ayush Bari,5,,good and fastest service,2026-07-18T13:15:56.598Z,0,18.9.3,https://play.google.com/store/apps/details?id=com.grofers.customerapp&reviewId=38c7949f-48bc-4ffb-8e8b-13180acb3f85
64e1ffd0-dda6-48bc-b6dc-a0d7b8758d82,play_store,IN,Megha Shinde,2,,delivery charges is very very high and the that we want is very low means i will want dairy milk the option is very low and not 10 20 rs direct 40 50 rs,2026-07-18T13:13:48.129Z,0,18.9.3,https://play.google.com/store/apps/details?id=com.grofers.customerapp&reviewId=64e1ffd0-dda6-48bc-b6dc-a0d7b8758d82
aba124cf-7743-4625-86e0-39a79e871140,play_store,IN,Rashmi Yadav,5,,worst app supports violence,2026-07-18T13:13:40.486Z,0,18.3.0,https://play.google.com/store/apps/details?id=com.grofers.customerapp&reviewId=aba124cf-7743-4625-86e0-39a79e871140
64bd243e-7779-4c59-89a6-d437d9590b24,play_store,IN,APARNA BANERJEE,1,,"Horrible experience with charmwood bulbul market blinkit. All the time products coming dirty and messy.Biscuits and eggs broken, shampoo and oil leaked over all the food products. Happening most of the time...Total disgusted with this shop.Please close this shop.",2026-07-18T13:13:21.565Z,0,18.7.0,https://play.google.com/store/apps/details?id=com.grofers.customerapp&reviewId=64bd243e-7779-4c59-89a6-d437d9590b24
a5a4265a-da76-4c7b-baa7-92778abb508e,play_store,IN,Ashit Paul,5,,great app and very useful for people in urgency. love it,2026-07-18T13:10:16.303Z,0,,https://play.google.com/store/apps/details?id=com.grofers.customerapp&reviewId=a5a4265a-da76-4c7b-baa7-92778abb508e
5cedc922-f974-41c3-8a4e-9f3f2918214a,play_store,IN,Raj eshwari,1,,fruits delivered was not in a eatable condition it's very earlier stage it's packed it's not eatable,2026-07-18T13:09:53.361Z,0,18.7.0,https://play.google.com/store/apps/details?id=com.grofers.customerapp&reviewId=5cedc922-f974-41c3-8a4e-9f3f2918214a
234c2ef6-12fd-43b5-a93b-35884c116db1,play_store,IN,Rekha Jasrotia,5,,fast service at time,2026-07-18T13:09:34.186Z,0,18.9.3,https://play.google.com/store/apps/details?id=com.grofers.customerapp&reviewId=234c2ef6-12fd-43b5-a93b-35884c116db1
9b542cac-69ce-4189-b56f-7d41302476be,play_store,IN,Ushan Sadamal,5,,Superb Service. Fast delivery. Friendly delivery partners.,2026-07-18T13:07:34.888Z,0,18.9.3,https://play.google.com/store/apps/details?id=com.grofers.customerapp&reviewId=9b542cac-69ce-4189-b56f-7d41302476be
d66fbefd-5a7c-461f-9f7b-258e71aef408,play_store,IN,salim tamboli,2,,worst app always deducted amount and shows payment failed,2026-07-18T13:06:20.245Z,0,18.9.3,https://play.google.com/store/apps/details?id=com.grofers.customerapp&reviewId=d66fbefd-5a7c-461f-9f7b-258e71aef408
f56594db-3ae1-4672-8cd8-81d21fec72f4,play_store,IN,Asha Kumari,4,,your packing style is very poor,2026-07-18T13:00:10.416Z,0,18.9.3,https://play.google.com/store/apps/details?id=com.grofers.customerapp&reviewId=f56594db-3ae1-4672-8cd8-81d21fec72f4
8720538d-3630-404e-8c73-fdc9a2a50455,play_store,IN,harish bhandari,5,,nice app but location problem must be fixed,2026-07-18T12:56:41.464Z,0,18.9.3,https://play.google.com/store/apps/details?id=com.grofers.customerapp&reviewId=8720538d-3630-404e-8c73-fdc9a2a50455
884428b1-5851-4661-9035-96937f512137,play_store,IN,LearnChemistryEasy,5,,"nice app, movable super Market",2026-07-18T12:54:57.400Z,0,18.9.3,https://play.google.com/store/apps/details?id=com.grofers.customerapp&reviewId=884428b1-5851-4661-9035-96937f512137
7f185dc7-c68e-4f86-854e-5fca1a4dc7a4,play_store,IN,Yogesh Yaduvanshi,1,,items are too expensive as compare to flipkart and jio mart and collecting plateform fee is disgusting loot rahe hai ye log local shops are best,2026-07-18T12:52:25.470Z,0,,https://play.google.com/store/apps/details?id=com.grofers.customerapp&reviewId=7f185dc7-c68e-4f86-854e-5fca1a4dc7a4
c315e12f-02ae-4fd9-902b-b94d2e8ec3ed,play_store,IN,Jyoti Pandey,5,,very useful full app really but the thing r sexpence... soo but it is soo good for emergency 🦺,2026-07-18T12:51:00.224Z,0,,https://play.google.com/store/apps/details?id=com.grofers.customerapp&reviewId=c315e12f-02ae-4fd9-902b-b94d2e8ec3ed
6e9f6dd0-616d-4bf1-b553-87460c497c69,play_store,IN,Yonika Raj,1,,very bad experience.. delivery boy has no sense of talking.,2026-07-18T12:50:02.362Z,0,18.7.0,https://play.google.com/store/apps/details?id=com.grofers.customerapp&reviewId=6e9f6dd0-616d-4bf1-b553-87460c497c69
345d42bd-88a4-4fe6-b0b3-5f745d2b01c2,play_store,IN,Harsh Choudhary,1,,bht poor service operator behaviour is so disgusting. bht bekar platform h kbhi use mt krna order cancel khud hi krte h baad me pse bhi kaat lete h,2026-07-18T12:48:42.937Z,0,18.3.0,https://play.google.com/store/apps/details?id=com.grofers.customerapp&reviewId=345d42bd-88a4-4fe6-b0b3-5f745d2b01c2
4eebfa7b-d657-441f-a3d6-01e3692900b1,play_store,IN,Rajdeep Dwivedi,1,,"worst delivery app, all the time product received are damaged",2026-07-18T12:48:25.360Z,0,18.9.3,https://play.google.com/store/apps/details?id=com.grofers.customerapp&reviewId=4eebfa7b-d657-441f-a3d6-01e3692900b1
b891829c-b41d-4e59-90f4-edce8a97a5f6,play_store,IN,Sana Idrissi,5,,best i love blinkit service,2026-07-18T12:48:17.264Z,0,18.7.0,https://play.google.com/store/apps/details?id=com.grofers.customerapp&reviewId=b891829c-b41d-4e59-90f4-edce8a97a5f6
0a6edbc8-7076-4b85-b940-2c6520cb6b59,play_store,IN,Garv Panghal,1,,"I ordered at 4:52 in the evening and waited for almost 50 minutes before getting cancelled my order, during that i asked for the delivery executive safety, then when he was going in different direction and not answering the call, i asked them to reassign my order to someone else and keep trying to connect with him, and now they're not sending my money, stating it might take 4 to 7 days to return my money, Worst service",2026-07-18T12:44:26.511Z,0,18.9.3,https://play.google.com/store/apps/details?id=com.grofers.customerapp&reviewId=0a6edbc8-7076-4b85-b940-2c6520cb6b59
19901b3f-9663-4d37-8e4f-f45d3c0b3c31,play_store,IN,RISHY SIDDESH,5,,so helping app excellent 🫶🏻🫡,2026-07-18T12:42:01.800Z,0,18.9.3,https://play.google.com/store/apps/details?id=com.grofers.customerapp&reviewId=19901b3f-9663-4d37-8e4f-f45d3c0b3c31
7ec03508-bb46-49f2-8393-ae0ea0c086fd,play_store,IN,anisha younis,5,,Awesome product quality 👌,2026-07-18T12:40:54.220Z,0,18.9.3,https://play.google.com/store/apps/details?id=com.grofers.customerapp&reviewId=7ec03508-bb46-49f2-8393-ae0ea0c086fd
9d995c23-da95-4c24-980b-0c31bd859bbf,play_store,IN,Brunthaa Ramamoorthy,4,,please do bring more items,2026-07-18T12:38:13.351Z,0,17.23.0,https://play.google.com/store/apps/details?id=com.grofers.customerapp&reviewId=9d995c23-da95-4c24-980b-0c31bd859bbf
7637c9c8-827d-43d5-ad50-6c79c66ba24e,play_store,IN,Surendra Kumar,5,,odar aayega to ham checking karege tab ham batayege,2026-07-18T12:37:30.798Z,0,18.9.3,https://play.google.com/store/apps/details?id=com.grofers.customerapp&reviewId=7637c9c8-827d-43d5-ad50-6c79c66ba24e
0b184ed8-f59b-47a3-9c02-f8c2e928160a,play_store,IN,Amit Kumar,5,,first time experience is good,2026-07-18T12:35:46.540Z,0,18.9.3,https://play.google.com/store/apps/details?id=com.grofers.customerapp&reviewId=0b184ed8-f59b-47a3-9c02-f8c2e928160a
8c0aad04-51c8-4503-9cb8-56bb5c04daa9,play_store,IN,Dharmendra Pratap singh,5,,i.. I am too lot happy and satisfy with blinkit delivery service,2026-07-18T12:35:12.390Z,0,18.9.3,https://play.google.com/store/apps/details?id=com.grofers.customerapp&reviewId=8c0aad04-51c8-4503-9cb8-56bb5c04daa9
114d7d7b-0e65-4e5f-a63a-0cc26de837bd,play_store,IN,SRI VINAYAK STEEL INDUSTRIES,4,,I like blinkit.very fast delivery and good condition every itams.,2026-07-18T12:32:32.724Z,0,18.9.3,https://play.google.com/store/apps/details?id=com.grofers.customerapp&reviewId=114d7d7b-0e65-4e5f-a63a-0cc26de837bd
2021e750-c11d-4b07-9b46-4a558f6fff2f,play_store,IN,Brahmadath Smampazhassery,1,,the stupid app uses last ordered location and doesn't notify or remind user to change location if user is elsewhere. I accidentally ordered an item to an office address instead of apartment and the stupid app wouldn't allow me to cancel the order saying it was already on the way.,2026-07-18T12:26:47.758Z,0,18.9.3,https://play.google.com/store/apps/details?id=com.grofers.customerapp&reviewId=2021e750-c11d-4b07-9b46-4a558f6fff2f
80b93137-b2cc-4f9c-93b8-b5b660d319d3,play_store,IN,Priya123,1,,yah app chal hi nahin Raha Kisi bhi product ka image nahin a Raha es ap mai bohot jyda issues ho rhe hai mujhe,2026-07-18T12:26:20.989Z,0,18.9.3,https://play.google.com/store/apps/details?id=com.grofers.customerapp&reviewId=80b93137-b2cc-4f9c-93b8-b5b660d319d3
90c29c6f-743b-404a-a480-79c54a915005,play_store,IN,HONEY CHAWLA,4,,Overall great experience. Only problem is the high cost of ordering a small item. like if I order 20 rs item then the additional amount would add upto 50-60 in the final amount.,2026-07-18T12:23:52.640Z,0,18.9.3,https://play.google.com/store/apps/details?id=com.grofers.customerapp&reviewId=90c29c6f-743b-404a-a480-79c54a915005
315294ad-7587-4075-b5dc-40443086ccff,play_store,IN,Khushi Prajapati,4,,blinkit is a fabulous 🤩,2026-07-18T12:23:02.457Z,0,18.9.3,https://play.google.com/store/apps/details?id=com.grofers.customerapp&reviewId=315294ad-7587-4075-b5dc-40443086ccff
7f192a5f-df9a-40ba-838c-d5092b8eaeac,play_store,IN,G N S SriHarsha,5,,map is too small for view delivery partner,2026-07-18T12:19:51.816Z,0,18.9.3,https://play.google.com/store/apps/details?id=com.grofers.customerapp&reviewId=7f192a5f-df9a-40ba-838c-d5092b8eaeac
a87bacea-2a06-427f-9300-d10f41f9d2ff,play_store,IN,Mohd Ishu,5,,best app and time savings and product colite is good😊😊😊😊,2026-07-18T12:19:46.121Z,0,,https://play.google.com/store/apps/details?id=com.grofers.customerapp&reviewId=a87bacea-2a06-427f-9300-d10f41f9d2ff
78b1073b-6640-4a34-b17e-ea791b28ba16,play_store,IN,SUPRIYA GUPTA,5,,best app for buy all products,2026-07-18T12:16:26.640Z,0,18.9.3,https://play.google.com/store/apps/details?id=com.grofers.customerapp&reviewId=78b1073b-6640-4a34-b17e-ea791b28ba16
ca7cf4ca-2058-4418-84ce-2353111ffe10,play_store,IN,HEMANTH DESAI,5,,Please Do Fast service,2026-07-18T12:14:22.598Z,0,18.7.0,https://play.google.com/store/apps/details?id=com.grofers.customerapp&reviewId=ca7cf4ca-2058-4418-84ce-2353111ffe10
e4d94cf1-0990-471e-8087-701e900f944d,play_store,IN,Sneha Mondal,1,,bad very bad 😤😤😤😤😤😤😤😤😤😤😤😤😤😡😡😡😡😡😡😡😡😡🤬🤬🤬🤬🤬🤬🤬🤬🤬🤬🤬🤬🤬🤬🤬🤬🤬🤬,2026-07-18T12:12:47.105Z,0,18.9.3,https://play.google.com/store/apps/details?id=com.grofers.customerapp&reviewId=e4d94cf1-0990-471e-8087-701e900f944d
f30d7e72-4db6-4c3c-97b7-b8745431b64f,play_store,IN,Rahul Wagh,5,,"Best Service And Time Saving, No Traveling",2026-07-18T12:10:01.552Z,0,18.9.3,https://play.google.com/store/apps/details?id=com.grofers.customerapp&reviewId=f30d7e72-4db6-4c3c-97b7-b8745431b64f
fcde98af-83fb-442c-a9e5-986a790b157c,play_store,IN,Priyab Nayak,5,,urgent needs became easy,2026-07-18T12:06:11.851Z,0,18.9.3,https://play.google.com/store/apps/details?id=com.grofers.customerapp&reviewId=fcde98af-83fb-442c-a9e5-986a790b157c
8921ebb8-8571-4ef1-8d22-4b4aff35c58f,play_store,IN,Shubhan Miya,5,,Nice best product all time,2026-07-18T12:04:40.642Z,0,18.7.0,https://play.google.com/store/apps/details?id=com.grofers.customerapp&reviewId=8921ebb8-8571-4ef1-8d22-4b4aff35c58f
99aaa038-a19c-4f9e-b0b0-97eaf37b3815,play_store,IN,Neha Garg,3,,there is a problem with location tracking that leads to argument with delivery partner,2026-07-18T12:02:37.950Z,0,18.9.3,https://play.google.com/store/apps/details?id=com.grofers.customerapp&reviewId=99aaa038-a19c-4f9e-b0b0-97eaf37b3815
7e12bd9e-4ff7-416b-8fcf-92b04af33879,play_store,IN,Mitali Nandi,4,,available all the time,2026-07-18T11:56:09.558Z,0,18.9.3,https://play.google.com/store/apps/details?id=com.grofers.customerapp&reviewId=7e12bd9e-4ff7-416b-8fcf-92b04af33879
3295ea79-ebe3-4630-a73e-57340bd94996,play_store,IN,Renu Renu,5,,affordable price Blinkit,2026-07-18T11:54:28.726Z,0,18.9.3,https://play.google.com/store/apps/details?id=com.grofers.customerapp&reviewId=3295ea79-ebe3-4630-a73e-57340bd94996
16813ebe-7ed5-41a2-acaa-313cd7d4a65b,play_store,IN,Tanasree Bhowmick,5,,nice appppp🙃🙃🙃🙃😁😁😁,2026-07-18T11:52:56.307Z,0,,https://play.google.com/store/apps/details?id=com.grofers.customerapp&reviewId=16813ebe-7ed5-41a2-acaa-313cd7d4a65b
c4971187-7050-4485-a2ea-faba13edba36,play_store,IN,Prerana Gupta,3,,"not giving properly the coustomers product last time I ordered garlic,eggs, bread etc all things are damaged and delivered after 30 min very worst service",2026-07-18T11:50:31.371Z,0,18.9.3,https://play.google.com/store/apps/details?id=com.grofers.customerapp&reviewId=c4971187-7050-4485-a2ea-faba13edba36
c9fdfbe8-ea0f-44fd-b16a-eee6d3638f3c,play_store,IN,Bighnaraj Sarangi,3,,bro 150 min. rs thoda kam karo 100 karo yar jo cheese nehi mangana hai usko bhi magana padta hai so plz chage @blinkit and in ur poster 1st 10 delivery free for delivery charges but after 2 to 3 it was show why plz change yar people will be wrongly trust,2026-07-18T11:49:14.620Z,0,18.9.3,https://play.google.com/store/apps/details?id=com.grofers.customerapp&reviewId=c9fdfbe8-ea0f-44fd-b16a-eee6d3638f3c
4b01ffb2-4ff1-411a-a6f0-830186444fa5,play_store,IN,Inderjeet Kaur,1,,aap log kuch bhi offer nhi dete,2026-07-18T11:45:21.755Z,0,18.9.3,https://play.google.com/store/apps/details?id=com.grofers.customerapp&reviewId=4b01ffb2-4ff1-411a-a6f0-830186444fa5
6fa5bf93-9fa4-4996-98f0-d88c77f94299,play_store,IN,Dj MARKÜZ,1,,Getting worse day by day and a bunch of entitled delivery partners. pathetic service even after being charged a premium.,2026-07-18T11:44:28.839Z,0,18.9.3,https://play.google.com/store/apps/details?id=com.grofers.customerapp&reviewId=6fa5bf93-9fa4-4996-98f0-d88c77f94299
495cac21-0ef4-4352-9d89-9d02c0881539,play_store,IN,Shafaque Tanweer,3,,no useful coupon or discount,2026-07-18T11:44:24.847Z,0,17.79.0,https://play.google.com/store/apps/details?id=com.grofers.customerapp&reviewId=495cac21-0ef4-4352-9d89-9d02c0881539
a60a5d53-bf69-4435-abaf-696cd0214c98,play_store,IN,Annapurna Anu,1,,"Packing shows that how the products kept, while ordering along with my order it was mentioned rusk as a free gift, which I didn't receive Tried to complain, but no results, only bot replying, and nothing about the free gift, I sent a picture of the package, but ok thank you mentioned, no action",2026-07-18T11:43:21.503Z,0,18.9.3,https://play.google.com/store/apps/details?id=com.grofers.customerapp&reviewId=a60a5d53-bf69-4435-abaf-696cd0214c98
c308bb0e-127f-4d2e-bb5d-dc1eb23e09cc,play_store,IN,Hardik Tak,5,,i will give it five full,2026-07-18T11:38:39.560Z,0,18.9.3,https://play.google.com/store/apps/details?id=com.grofers.customerapp&reviewId=c308bb0e-127f-4d2e-bb5d-dc1eb23e09cc
39d07a20-9556-43f2-b9f8-51cdcfb557c2,play_store,IN,Joshua Kimmich,5,,"amazing experience, quick delivery, and almost everything u need in minutes✨",2026-07-18T11:37:52.579Z,0,,https://play.google.com/store/apps/details?id=com.grofers.customerapp&reviewId=39d07a20-9556-43f2-b9f8-51cdcfb557c2
2d4d61f4-e008-4195-817a-a13e7f9339df,play_store,IN,Suneeta Patidar,1,,High charges and some times dilevery boy steal items,2026-07-18T11:33:36.478Z,0,18.9.3,https://play.google.com/store/apps/details?id=com.grofers.customerapp&reviewId=2d4d61f4-e008-4195-817a-a13e7f9339df
46f6c44b-f0d5-4967-abde-dc47a4c2f9ca,play_store,IN,Sirimalla Suhasinionj,4,,but the price is too higher,2026-07-18T11:32:35.700Z,0,18.9.3,https://play.google.com/store/apps/details?id=com.grofers.customerapp&reviewId=46f6c44b-f0d5-4967-abde-dc47a4c2f9ca
ab648af0-feb1-41b3-a108-afc6894abce5,play_store,IN,Amit Prajapati,4,,bhai delivery hone ke bad 5 start,2026-07-18T11:25:57.776Z,0,18.9.3,https://play.google.com/store/apps/details?id=com.grofers.customerapp&reviewId=ab648af0-feb1-41b3-a108-afc6894abce5
e0affc14-b802-4e12-b6be-0cc57bf5c3a7,play_store,IN,Amit Sonkar,5,,very good and quick service,2026-07-18T11:25:10.120Z,0,17.99.1,https://play.google.com/store/apps/details?id=com.grofers.customerapp&reviewId=e0affc14-b802-4e12-b6be-0cc57bf5c3a7
e5e0c1ba-0e40-4202-85a9-176651aea082,play_store,IN,Sunil Kumar,5,,blinkit have option to slect something after the you confirmed order and they have cheap cosmetics and food item so I love blinkit,2026-07-18T11:23:34.728Z,0,18.7.0,https://play.google.com/store/apps/details?id=com.grofers.customerapp&reviewId=e5e0c1ba-0e40-4202-85a9-176651aea082
1d653fd7-09c5-4b67-90ed-7433310dec32,play_store,IN,Leekisha Agrawal,3,,The return system us very spoiled after receiving a opened and missing food item,2026-07-18T11:22:01.659Z,0,18.9.3,https://play.google.com/store/apps/details?id=com.grofers.customerapp&reviewId=1d653fd7-09c5-4b67-90ed-7433310dec32
ad42a67d-74c1-493a-90e2-3a899867efbb,play_store,IN,Jasmine Nerumilli,5,,it's very fast delivery app,2026-07-18T11:21:36.616Z,0,18.9.3,https://play.google.com/store/apps/details?id=com.grofers.customerapp&reviewId=ad42a67d-74c1-493a-90e2-3a899867efbb
81832209-9f36-43ea-a1b4-9be8eaf50e1e,play_store,IN,ADITYA KUMAR,3,,delivery service is not best,2026-07-18T11:20:28.840Z,1,18.13.0,https://play.google.com/store/apps/details?id=com.grofers.customerapp&reviewId=81832209-9f36-43ea-a1b4-9be8eaf50e1e
b44a1b70-7882-4a9f-a9dc-4f66c4bb05db,play_store,IN,Lucifer Edith,1,,"giving one star becauz cannot give lower than that....worst experience, damaged product, worst delivery services and delivery partner ask for more money for delivering, On cancellation they charge extra fees as well...also map and current location is not working properly.",2026-07-18T11:20:21.109Z,0,17.99.1,https://play.google.com/store/apps/details?id=com.grofers.customerapp&reviewId=b44a1b70-7882-4a9f-a9dc-4f66c4bb05db
eb26af88-8ac0-4186-9199-d70ad6c63aac,play_store,IN,Aarti Pandey,5,,blinkit has made my shopping too much easy..Thank you☺️,2026-07-18T11:16:55.715Z,0,18.3.0,https://play.google.com/store/apps/details?id=com.grofers.customerapp&reviewId=eb26af88-8ac0-4186-9199-d70ad6c63aac
cdeb996c-9a01-4fa8-a022-c68c7300349d,play_store,IN,Archita Hazarika,5,,Very Fast delivery 🚚. Awesome 😎 I like it ☺️ happy,2026-07-18T11:11:54.991Z,0,18.9.3,https://play.google.com/store/apps/details?id=com.grofers.customerapp&reviewId=cdeb996c-9a01-4fa8-a022-c68c7300349d
0ca9dd83-84dd-467b-ac9d-7ddee7e2042d,play_store,IN,Halima Vijapura,4,,I like this app so much is very affordable prices and the india best minute app,2026-07-18T11:08:37.103Z,0,18.9.3,https://play.google.com/store/apps/details?id=com.grofers.customerapp&reviewId=0ca9dd83-84dd-467b-ac9d-7ddee7e2042d
5e5ebdf2-ec95-4cd7-9fd6-3fcd3a1819b6,play_store,IN,pritee pandey,2,,payment mode UPI payment not supported,2026-07-18T11:06:41.809Z,0,18.9.2,https://play.google.com/store/apps/details?id=com.grofers.customerapp&reviewId=5e5ebdf2-ec95-4cd7-9fd6-3fcd3a1819b6
a2fbbe44-beb0-4e5a-ab3c-7a4f3a128ffb,play_store,IN,yamini sundar,1,,very worst app. giving old items. I facing very bad experience with the delivery partners they are not coming to the location and asking us to come to the place where thay are. even we are staying in the main road they are not coming to the proper location,2026-07-18T10:55:34.965Z,0,,https://play.google.com/store/apps/details?id=com.grofers.customerapp&reviewId=a2fbbe44-beb0-4e5a-ab3c-7a4f3a128ffb
b7d26a65-939f-4792-a8bc-b5886ceedf65,play_store,IN,Aditya Singh,5,,I've ordered countless times and faced 2-3 complaints which were solved by their customer care within the same day.True an app of convenience,2026-07-18T10:54:12.357Z,0,18.9.3,https://play.google.com/store/apps/details?id=com.grofers.customerapp&reviewId=b7d26a65-939f-4792-a8bc-b5886ceedf65
f8805aae-6351-43fa-ba3b-ef231f882e4e,play_store,IN,Tillotama Chavan,5,,"I have been using Blinkit for my groceries for a long time now, and I truly want to appreciate this amazing app. Blinkit has completely changed the way we shop for daily essentials. Earlier, going to the market for groceries meant spending so much time traveling, standing in long queues, and carrying heavy bags back home. But with Blinkit, everything has become so easy and convenient. Just a few taps on the phone and all our groceries are delivered to our doorstep. What Ito say your wow",2026-07-18T10:53:21.157Z,0,18.9.3,https://play.google.com/store/apps/details?id=com.grofers.customerapp&reviewId=f8805aae-6351-43fa-ba3b-ef231f882e4e
996a6b61-0c93-479c-9805-44c9027e345b,play_store,IN,Vijay Nikam,5,,service is the best i like it,2026-07-18T10:46:13.131Z,0,17.87.0,https://play.google.com/store/apps/details?id=com.grofers.customerapp&reviewId=996a6b61-0c93-479c-9805-44c9027e345b
e0bb3a2f-45fd-4ed2-bd98-c3f9bf269945,play_store,IN,Jaunita Johnson George Portor,3,,"biscuit packets were broken and other product packets were oily, greasy and looks old packaging. make sure not to send old any old packets, also bread should be of todays date, fresh and soft.",2026-07-18T10:43:20.336Z,0,18.9.3,https://play.google.com/store/apps/details?id=com.grofers.customerapp&reviewId=e0bb3a2f-45fd-4ed2-bd98-c3f9bf269945
c7be3a53-cb55-4bd0-9851-b4fa4e4de5eb,play_store,IN,Saurabh Lal,1,,"⚠️ Warning: Avoid buying electronic products from Blinkit. If you receive a defective item, don't expect Blinkit to help. They will simply ask you to visit the brand's service center instead of providing a replacement or refund. Extremely disappointing customer support and poor responsibility towards customers.",2026-07-18T10:37:38.945Z,0,18.9.3,https://play.google.com/store/apps/details?id=com.grofers.customerapp&reviewId=c7be3a53-cb55-4bd0-9851-b4fa4e4de5eb
0f285f45-3277-422f-b350-dcf514dc2a45,play_store,IN,Yusuf Hussain,4,,server is best but sometime drivers can't find the route,2026-07-18T10:34:50.390Z,0,,https://play.google.com/store/apps/details?id=com.grofers.customerapp&reviewId=0f285f45-3277-422f-b350-dcf514dc2a45
a33c5b13-8d2f-478f-a6b7-6f71be0a97cd,play_store,IN,Dileshwar Prasad Sahu,5,,Delivery in 5-7 minutes,2026-07-18T10:34:28.920Z,0,18.9.3,https://play.google.com/store/apps/details?id=com.grofers.customerapp&reviewId=a33c5b13-8d2f-478f-a6b7-6f71be0a97cd
55d91fe2-a948-4064-bbdb-73629aa1bbc2,play_store,IN,Sanju Lamboria,1,,mujhe jis location p saman cahiye tha waha nhi mila... mera beta hospital m admit h uske liye fruits mangwaye the lekin inhone mere location btane k bad bhi ghr p hi bhej diya.,2026-07-18T10:33:44.736Z,0,17.99.1,https://play.google.com/store/apps/details?id=com.grofers.customerapp&reviewId=55d91fe2-a948-4064-bbdb-73629aa1bbc2
7e9f52b5-e269-40ca-b380-15de92f0ccc4,play_store,IN,Suravi Barik,1,,not cancelled any order,2026-07-18T10:32:46.238Z,0,,https://play.google.com/store/apps/details?id=com.grofers.customerapp&reviewId=7e9f52b5-e269-40ca-b380-15de92f0ccc4
29098edb-2697-4d72-999b-8a5e79b1f6f4,play_store,IN,Chiku,5,,it is very useful don't think download 😌😌,2026-07-18T10:27:31.213Z,0,18.9.3,https://play.google.com/store/apps/details?id=com.grofers.customerapp&reviewId=29098edb-2697-4d72-999b-8a5e79b1f6f4
a033b2b7-fa9f-4a9d-b5e2-e2bd2184a72a,play_store,IN,shivshankar parit,1,,"Very bad experience with Blinkit. I received a damaged/poor-quality product. When I requested a return, they rejected it without any proper reason. Customer support was not helpful. Fast delivery is useless if you don't support customers after delivery. I will not order from Blinkit again. and THEY WILL NOT ACCEPT YOUR RETURN IN ANY SITUATION. I AM LIVING THE BLINKIT",2026-07-18T10:26:44.236Z,0,,https://play.google.com/store/apps/details?id=com.grofers.customerapp&reviewId=a033b2b7-fa9f-4a9d-b5e2-e2bd2184a72a
9c18733c-f2b7-476c-80e2-ecb74ba0a002,play_store,IN,MANISH CHATURVEDI,4,,this app was very useful for me... Whatever I needed just came in 12 mins and also the delivery partners are very polite and graceful with us! we liked it! THANKS BLINKIT 💖❤️.... one more thing I'd like t tell us please teach delivery partners some manner not all the delivery partners but 2 yash and one more. thanku a lot blinkit 💗🙏💐,2026-07-18T10:23:38.473Z,1,18.9.3,https://play.google.com/store/apps/details?id=com.grofers.customerapp&reviewId=9c18733c-f2b7-476c-80e2-ecb74ba0a002
aacdb44b-b577-4e2b-8890-170f6c841a29,play_store,IN,Ajit Singh Rohilla,1,,very bad Customer support,2026-07-18T10:21:30.407Z,0,18.9.3,https://play.google.com/store/apps/details?id=com.grofers.customerapp&reviewId=aacdb44b-b577-4e2b-8890-170f6c841a29
1bb64144-ddf9-4b2e-a4be-f8ce6ad48fb9,play_store,IN,Monikaa Arora,5,,best app ever the sales are amazing and and whenever i need something urgent it comes in minutes,2026-07-18T10:20:31.130Z,0,18.9.3,https://play.google.com/store/apps/details?id=com.grofers.customerapp&reviewId=1bb64144-ddf9-4b2e-a4be-f8ce6ad48fb9
9ae133d9-de9a-4878-bac5-d6407ae33e23,play_store,IN,Shakila Kumari Chaduvula,3,,"dissatisfied with product options like small quantity is not available and heavy price sangam standardised milk not showing in this app, can't we get it ??",2026-07-18T10:19:42.481Z,0,18.9.3,https://play.google.com/store/apps/details?id=com.grofers.customerapp&reviewId=9ae133d9-de9a-4878-bac5-d6407ae33e23
10417712-da02-488e-aa99-562dd4a501a7,play_store,IN,Sudha Kumari,5,,VERY NICE APP FOR FAST DELIVERY 🚚,2026-07-18T10:19:23.573Z,0,18.7.0,https://play.google.com/store/apps/details?id=com.grofers.customerapp&reviewId=10417712-da02-488e-aa99-562dd4a501a7
8296f7cb-8950-47fe-853c-5603efd053cf,play_store,IN,Sneha,5,,I am first order so discount price I am very happy so exallent blinkit app,2026-07-18T10:18:10.979Z,0,18.7.0,https://play.google.com/store/apps/details?id=com.grofers.customerapp&reviewId=8296f7cb-8950-47fe-853c-5603efd053cf
e06043dc-b00e-454c-94c9-3bb0cc39ca83,play_store,IN,noor mojassam,5,,loved your dedication of serving the people of india with your free service of ambulance ❤️,2026-07-18T10:16:19.865Z,0,18.7.0,https://play.google.com/store/apps/details?id=com.grofers.customerapp&reviewId=e06043dc-b00e-454c-94c9-3bb0cc39ca83
2b3bb41e-76be-4a03-8bd3-b1d3da4a1f3a,play_store,IN,Ramesh. Maratha,1,,almost fake rating hai logo ko paisa deta hai a app Ek aadami Ko 100 rupiece pay Karte Hai rating dene ke liye five star rating deta hai yah aap mein bahut kharab item Hota Hai aur Jyada rate all item price hi Hota Hai iske liye yah aapse mat khareed lo dusra aapse purchase karo thank u,2026-07-18T10:16:00.830Z,0,18.13.0,https://play.google.com/store/apps/details?id=com.grofers.customerapp&reviewId=2b3bb41e-76be-4a03-8bd3-b1d3da4a1f3a
ddccab81-8e59-4015-8cc9-95b13e8df118,play_store,IN,Usman Shaik,5,,bhtt acha h blinkit bhuttt zyda aram mila ghr baite ajate sab chiz 👍👍👍vry nice,2026-07-18T10:14:52.681Z,0,18.9.3,https://play.google.com/store/apps/details?id=com.grofers.customerapp&reviewId=ddccab81-8e59-4015-8cc9-95b13e8df118
88f6c058-2854-487e-8035-9686f6273466,play_store,IN,viren m soni,5,,great app with surprize freebies to grab,2026-07-18T10:14:06.874Z,0,18.9.3,https://play.google.com/store/apps/details?id=com.grofers.customerapp&reviewId=88f6c058-2854-487e-8035-9686f6273466
bef3eecc-4a37-4cac-9bae-25ac30191c17,play_store,IN,DARAKHSHA ANSARI,5,,it is very useful for me,2026-07-18T10:11:30.755Z,0,17.99.1,https://play.google.com/store/apps/details?id=com.grofers.customerapp&reviewId=bef3eecc-4a37-4cac-9bae-25ac30191c17
2b513bc6-0c39-4ad8-afb2-5694a18598ad,play_store,IN,Preethi Jayapathi,1,,Dishonest BOGO offer They use dark patterns with hidden T&Cs. And customer care refused a refund. CCPA should fine them for dishonest advertising.,2026-07-18T10:11:11.665Z,0,18.7.0,https://play.google.com/store/apps/details?id=com.grofers.customerapp&reviewId=2b513bc6-0c39-4ad8-afb2-5694a18598ad
3b625fa0-9375-4c81-aee5-06609a60fffc,play_store,IN,KHUSHBU BHARGAV,4,,best app and best service.,2026-07-18T10:09:43.443Z,0,,https://play.google.com/store/apps/details?id=com.grofers.customerapp&reviewId=3b625fa0-9375-4c81-aee5-06609a60fffc
a2dfec26-b143-416c-a7c5-3bf5795cbb85,play_store,IN,Vilamandiparti Rajkumar,5,,Best online groceries app,2026-07-18T10:09:33.982Z,0,18.9.3,https://play.google.com/store/apps/details?id=com.grofers.customerapp&reviewId=a2dfec26-b143-416c-a7c5-3bf5795cbb85
4475bd61-c767-432d-87e1-acc3e4fd812b,play_store,IN,Vishal Bharaj,1,,This app Delivers EXPIRED Products and try to fool their customers. When complained about some matters they try to give you piddly refunds and ask you to buzz off. DO NOT use this platform at all. Stay safe.,2026-07-18T10:06:14.490Z,0,,https://play.google.com/store/apps/details?id=com.grofers.customerapp&reviewId=4475bd61-c767-432d-87e1-acc3e4fd812b
7ebcaac2-e8ba-4484-874f-5a4e158d3297,play_store,IN,Krashika Sharma,5,,very nice and very fast,2026-07-18T10:05:05.796Z,0,18.7.0,https://play.google.com/store/apps/details?id=com.grofers.customerapp&reviewId=7ebcaac2-e8ba-4484-874f-5a4e158d3297
ffb76aad-e045-4c97-b202-cb08182bf401,play_store,IN,dalip kumar,5,,very good app for last minute emergencies,2026-07-18T10:03:52.760Z,0,18.9.3,https://play.google.com/store/apps/details?id=com.grofers.customerapp&reviewId=ffb76aad-e045-4c97-b202-cb08182bf401
872c0a72-4597-4883-8318-ff10c606e3e8,play_store,IN,Abhishek Raj,5,,Very great service in my village,2026-07-18T10:00:16.360Z,0,18.9.3,https://play.google.com/store/apps/details?id=com.grofers.customerapp&reviewId=872c0a72-4597-4883-8318-ff10c606e3e8
23043d40-efe7-4620-b2bc-cb35b7fa1613,play_store,IN,Rishita Roy,1,,Handling charge is high,2026-07-18T09:56:37.229Z,0,18.9.3,https://play.google.com/store/apps/details?id=com.grofers.customerapp&reviewId=23043d40-efe7-4620-b2bc-cb35b7fa1613
7bfcc293-4b23-4b14-a338-6f3172423fa8,play_store,IN,Dhunda,1,,"⚠️ Beware of Blinkit's ""Buy 1 Get 1 Free"" offers. The free product is not added to your cart automatically. You have to add it yourself. If you aren't aware of this or simply forget to add the free item, Blinkit will deliver only one product—even though the offer is advertised as ""Buy 1 Get 1 Free."" Double-check your cart before placing your order to make sure the free item has been added.",2026-07-18T09:54:11.787Z,0,18.9.3,https://play.google.com/store/apps/details?id=com.grofers.customerapp&reviewId=7bfcc293-4b23-4b14-a338-6f3172423fa8
ee84a345-8fa1-4fa6-a90b-4e3305794788,play_store,IN,Kritika Gumber,4,,too many extra charges for customer,2026-07-18T09:50:28.196Z,0,18.9.3,https://play.google.com/store/apps/details?id=com.grofers.customerapp&reviewId=ee84a345-8fa1-4fa6-a90b-4e3305794788
20545e79-4c42-4737-91a1-64674a677002,play_store,IN,Popy Partro,5,,very good quality app,2026-07-18T09:50:08.974Z,1,18.9.3,https://play.google.com/store/apps/details?id=com.grofers.customerapp&reviewId=20545e79-4c42-4737-91a1-64674a677002
0ab40400-f749-4e69-9be9-d03e0477586a,play_store,IN,Nitin Sehgal,1,,"zero rated, sjowing 20 min before ordering, delivered in 1 hour",2026-07-18T09:48:21.569Z,0,18.9.3,https://play.google.com/store/apps/details?id=com.grofers.customerapp&reviewId=0ab40400-f749-4e69-9be9-d03e0477586a
0d490cd7-f736-4ee5-914d-a8f5402947c9,play_store,IN,Hemani Thakur,5,,love blinkit all the time.,2026-07-18T09:43:53.595Z,0,18.9.3,https://play.google.com/store/apps/details?id=com.grofers.customerapp&reviewId=0d490cd7-f736-4ee5-914d-a8f5402947c9
41ab6301-20ba-40dc-8b09-2f3dd0c3f713,play_store,IN,Vinod Sharma,5,,best in delivery superb,2026-07-18T09:42:52.108Z,0,18.9.3,https://play.google.com/store/apps/details?id=com.grofers.customerapp&reviewId=41ab6301-20ba-40dc-8b09-2f3dd0c3f713
49726c4d-7d07-43af-b9ff-c0e586a93369,play_store,IN,A Google user,5,,best sarvice appp❤️👍,2026-07-18T09:40:25.404Z,0,18.9.3,https://play.google.com/store/apps/details?id=com.grofers.customerapp&reviewId=49726c4d-7d07-43af-b9ff-c0e586a93369
3a44efa3-ace9-4b6b-9ff6-a92ea4cb62f6,play_store,IN,Shital Kavatage,1,,"After placing an order, the time is shown as delivery in six minutes, but the order is delivered after half an hour. Are you misleading customers by saying that delivery will be done in six minutes after submitting the order?",2026-07-18T09:40:22.311Z,0,18.9.3,https://play.google.com/store/apps/details?id=com.grofers.customerapp&reviewId=3a44efa3-ace9-4b6b-9ff6-a92ea4cb62f6
8d64ba5d-4010-44ef-8c82-ce299b88a8bd,play_store,IN,Gaurav Mishra,1,,you didn't return money back on returned products,2026-07-18T09:38:26.282Z,0,18.7.0,https://play.google.com/store/apps/details?id=com.grofers.customerapp&reviewId=8d64ba5d-4010-44ef-8c82-ce299b88a8bd
bf8ae541-b5c3-43c1-a258-cd4127d4e965,play_store,IN,johirul Miya,4,,nice delivery partner,2026-07-18T09:27:10.428Z,0,18.7.0,https://play.google.com/store/apps/details?id=com.grofers.customerapp&reviewId=bf8ae541-b5c3-43c1-a258-cd4127d4e965
4519334b-12b7-40eb-ba14-9287b98cf55b,play_store,IN,Zuber Shaikh,1,,very very bad app don't purchase anything there customer care soo bad,2026-07-18T09:24:21.429Z,0,18.9.3,https://play.google.com/store/apps/details?id=com.grofers.customerapp&reviewId=4519334b-12b7-40eb-ba14-9287b98cf55b
848a7de8-a711-41c1-9f2b-eeda4bd382d7,play_store,IN,Vijayabarathi.V,5,,Give more discount and free delivery thank you,2026-07-18T09:22:22.550Z,0,18.9.3,https://play.google.com/store/apps/details?id=com.grofers.customerapp&reviewId=848a7de8-a711-41c1-9f2b-eeda4bd382d7
64e1d1b6-480f-4137-a595-16bf287e8e07,play_store,IN,Shekhar Thakre,1,,return policy not working,2026-07-18T09:19:17.270Z,0,18.9.3,https://play.google.com/store/apps/details?id=com.grofers.customerapp&reviewId=64e1d1b6-480f-4137-a595-16bf287e8e07
9d4509a2-cc7d-488f-9460-355db751c0eb,play_store,IN,Sofiya Jamadar,5,,good service and well behaved delivery boys,2026-07-18T09:18:32.296Z,0,18.9.3,https://play.google.com/store/apps/details?id=com.grofers.customerapp&reviewId=9d4509a2-cc7d-488f-9460-355db751c0eb
f169f767-681c-4ea4-8650-de07ed6e3934,play_store,IN,Suresh Nallu,5,,very nice 🙂 useful app,2026-07-18T09:17:47.574Z,0,18.9.3,https://play.google.com/store/apps/details?id=com.grofers.customerapp&reviewId=f169f767-681c-4ea4-8650-de07ed6e3934
d83f6e42-dc3c-4006-991b-1ea7284f4ee7,play_store,IN,DEEP FOREST,5,,best app for 10 minutes delivery,2026-07-18T09:14:57.405Z,0,18.9.3,https://play.google.com/store/apps/details?id=com.grofers.customerapp&reviewId=d83f6e42-dc3c-4006-991b-1ea7284f4ee7
7fa1ab64-2097-495d-9c56-d0b64493f152,play_store,IN,Ranjit Talukdar,1,,1 st order and delivery man did not return 30 rupees,2026-07-18T09:13:47.681Z,0,18.9.3,https://play.google.com/store/apps/details?id=com.grofers.customerapp&reviewId=7fa1ab64-2097-495d-9c56-d0b64493f152
a7bf4b88-fe5a-4d92-8d72-8c2e3398c28f,play_store,IN,Shourya Kain,4,,also add cash in delivery at our first order,2026-07-18T09:12:26.410Z,0,18.9.3,https://play.google.com/store/apps/details?id=com.grofers.customerapp&reviewId=a7bf4b88-fe5a-4d92-8d72-8c2e3398c28f
9a124d08-8182-4f65-8b34-225c638f8725,play_store,IN,Radha Chaturvedi,5,,"awesome app, I can't live without this app..it's services are superb",2026-07-18T09:12:01.276Z,0,18.9.3,https://play.google.com/store/apps/details?id=com.grofers.customerapp&reviewId=9a124d08-8182-4f65-8b34-225c638f8725
f92f5ff9-e946-4229-8094-2e9e017f4b0a,play_store,IN,Sapna Khandelwal,5,,i am a really forgetful person but with blinkit i can even order at night really useful and the quality us also super good of the products,2026-07-18T09:10:55.248Z,0,18.9.3,https://play.google.com/store/apps/details?id=com.grofers.customerapp&reviewId=f92f5ff9-e946-4229-8094-2e9e017f4b0a
09e75a71-931a-4131-9b22-a4af185359f3,play_store,IN,Kajal Gharu,5,,return cotton mop refill issue,2026-07-18T09:10:20.847Z,0,18.9.3,https://play.google.com/store/apps/details?id=com.grofers.customerapp&reviewId=09e75a71-931a-4131-9b22-a4af185359f3
9b2fe9f3-9b62-4413-be1f-8f166b209e86,play_store,IN,Aman Deep,5,,this is very good for groceries and it launch a ambulance service and I love it,2026-07-18T09:09:53.661Z,0,18.9.3,https://play.google.com/store/apps/details?id=com.grofers.customerapp&reviewId=9b2fe9f3-9b62-4413-be1f-8f166b209e86
a7335a86-4c32-4ae4-8d32-758df0efeee2,play_store,IN,Jaya Das,5,,blinkit ambulance 🚑 is best for saving a human life 🥹 Thanks Blinkit 🙏,2026-07-18T09:07:11.923Z,0,,https://play.google.com/store/apps/details?id=com.grofers.customerapp&reviewId=a7335a86-4c32-4ae4-8d32-758df0efeee2
68bf999d-606c-4476-88a6-bccbdaa04904,play_store,IN,Rahimatbi Pathan,5,,very good sevice and behavior also very good Rahul,2026-07-18T09:07:03.602Z,1,18.9.3,https://play.google.com/store/apps/details?id=com.grofers.customerapp&reviewId=68bf999d-606c-4476-88a6-bccbdaa04904
a763f028-c1c3-4dc4-8c76-cf4d553d399a,play_store,IN,Uma Uma,2,,reate kam bta ke duguna lete h,2026-07-18T09:05:11.832Z,0,18.9.3,https://play.google.com/store/apps/details?id=com.grofers.customerapp&reviewId=a763f028-c1c3-4dc4-8c76-cf4d553d399a
02967219-5e44-4701-911a-3129c2bc8c0b,play_store,IN,Shivangi S.,1,,Which dimbo thought that forcing an app download & account login was mandatory for tracking the order through the shared link. The whole point of sharing the link is that someone probably isn't a user and we ordered for them,2026-07-18T09:04:55.252Z,0,18.9.3,https://play.google.com/store/apps/details?id=com.grofers.customerapp&reviewId=02967219-5e44-4701-911a-3129c2bc8c0b
b6cfe38f-412e-41f5-b857-0dab42f00e2f,play_store,IN,Harshika,2,,"your app is good but the product especially perishable items like ghee, butter, milk, curd most likely from Amul was fake, I have got fake ghee mixed with wax, I have got fake butter again mixed with was, today I got amul dahi that was not dahi at all it was milk no smell no taste no cuddle like dahi. Pls do a quality check of the Products in your dark store",2026-07-18T09:04:39.246Z,0,18.9.3,https://play.google.com/store/apps/details?id=com.grofers.customerapp&reviewId=b6cfe38f-412e-41f5-b857-0dab42f00e2f
e264b3e9-7433-4bde-83ae-d7eae7576543,play_store,IN,Angel,5,,I like how if they by mistake give the wrong order they make sure that the right one is given and are very cooperative the service is very good :),2026-07-18T09:02:45.540Z,0,18.9.3,https://play.google.com/store/apps/details?id=com.grofers.customerapp&reviewId=e264b3e9-7433-4bde-83ae-d7eae7576543
c409b391-24ed-4a56-a82d-ababed72a09d,play_store,IN,asiya fatima,5,,very nice and helpful the deliveries are on time 🤌🏻✨😊,2026-07-18T08:59:31.642Z,0,,https://play.google.com/store/apps/details?id=com.grofers.customerapp&reviewId=c409b391-24ed-4a56-a82d-ababed72a09d
84376644-eace-4a5f-b921-8c12c7e6373e,play_store,IN,Pradeep Kumar,5,,Good service thanks blinkit☺️,2026-07-18T08:56:52.625Z,0,18.9.3,https://play.google.com/store/apps/details?id=com.grofers.customerapp&reviewId=84376644-eace-4a5f-b921-8c12c7e6373e
94267d1f-05e0-4ecb-8c2d-7ef1997c4408,play_store,IN,SIMESH NANDAN,1,,some products are damaged.,2026-07-18T08:55:52.938Z,0,18.9.3,https://play.google.com/store/apps/details?id=com.grofers.customerapp&reviewId=94267d1f-05e0-4ecb-8c2d-7ef1997c4408
bdaaf375-2c62-4c73-b744-29df18a52b3c,play_store,IN,kanchan soni,4,,All needs are completed in 1 platform as you say prove it.thanks blinkit,2026-07-18T08:53:27.428Z,0,18.9.3,https://play.google.com/store/apps/details?id=com.grofers.customerapp&reviewId=bdaaf375-2c62-4c73-b744-29df18a52b3c
877facd3-6b1c-4e15-b2a5-c2fb7de22a54,play_store,IN,danish Red,5,,very good. quick delivery,2026-07-18T08:52:39.894Z,0,18.9.3,https://play.google.com/store/apps/details?id=com.grofers.customerapp&reviewId=877facd3-6b1c-4e15-b2a5-c2fb7de22a54
f44e647a-04c8-42b1-8517-729234c18fb8,play_store,IN,Durdana begum Durdana,5,,thanks you my area available,2026-07-18T08:50:25.747Z,0,18.9.3,https://play.google.com/store/apps/details?id=com.grofers.customerapp&reviewId=f44e647a-04c8-42b1-8517-729234c18fb8
a2c3b180-a050-492a-bab7-65ba2ce2f1d9,play_store,IN,Tejaswini Saravanan,5,,really immediately deliver is very good option like us who wants a thing immediately...,2026-07-18T08:48:00.521Z,0,18.9.3,https://play.google.com/store/apps/details?id=com.grofers.customerapp&reviewId=a2c3b180-a050-492a-bab7-65ba2ce2f1d9
68e38879-42b4-4fe3-a44e-a01ecb1fc818,play_store,IN,Nirmal Agarwal,1,,"The delivery boy was a bastard. He continuously rang the bell 6-7 times and then left the order on the stairs outside the house and ran away, any other person could have taken the said order. should be rated in minus",2026-07-18T08:48:00.465Z,0,17.75.1,https://play.google.com/store/apps/details?id=com.grofers.customerapp&reviewId=68e38879-42b4-4fe3-a44e-a01ecb1fc818
ff8f1760-f5d0-488e-b3f3-e07a3a1dc924,play_store,IN,Mamta Sharma,1,,so bad experience for blinkit,2026-07-18T08:44:32.952Z,0,18.9.3,https://play.google.com/store/apps/details?id=com.grofers.customerapp&reviewId=ff8f1760-f5d0-488e-b3f3-e07a3a1dc924
bd4398cc-11a1-481f-9ddd-b1a0608b8230,play_store,IN,Manish Pal,4,,kuch staf ka behaviour thoda rud h,2026-07-18T08:43:20.388Z,0,18.3.0,https://play.google.com/store/apps/details?id=com.grofers.customerapp&reviewId=bd4398cc-11a1-481f-9ddd-b1a0608b8230
67864aeb-caad-4e13-9b25-7c958c9fc8dc,play_store,IN,Amos Lepcha Official,5,,even faster then pizza delivery,2026-07-18T08:37:37.700Z,0,18.9.3,https://play.google.com/store/apps/details?id=com.grofers.customerapp&reviewId=67864aeb-caad-4e13-9b25-7c958c9fc8dc
7f1905b5-2e04-46f1-968b-281c97abdb53,play_store,IN,Arav Sinha,5,,delivery is very fast,2026-07-18T08:35:56.256Z,0,18.9.3,https://play.google.com/store/apps/details?id=com.grofers.customerapp&reviewId=7f1905b5-2e04-46f1-968b-281c97abdb53
aced2100-6e35-4971-8198-9e4a362a1a40,play_store,IN,Neeraj Beniwal,2,,not work in rural areas,2026-07-18T08:35:07.244Z,0,18.9.3,https://play.google.com/store/apps/details?id=com.grofers.customerapp&reviewId=aced2100-6e35-4971-8198-9e4a362a1a40
1b7c181e-935c-4bcf-ab87-da2eb8a9f68a,play_store,IN,Gundimeda Vasantha lakshmi,5,,Good App for Groceries fast delivery,2026-07-18T08:33:41.590Z,0,18.9.3,https://play.google.com/store/apps/details?id=com.grofers.customerapp&reviewId=1b7c181e-935c-4bcf-ab87-da2eb8a9f68a
13ea5e4c-bd19-4f36-bd08-c64f4bb564b9,play_store,IN,Raj Pal,1,,sab se kharab aap hai yr Mera paise bhi blinkit wallet ma hai or oder bhi nhi ho rha hai or na hi customer support mil rha hai is se oder na kara blinkit ab tak ka sab se kharab hai,2026-07-18T08:31:36.551Z,0,18.9.3,https://play.google.com/store/apps/details?id=com.grofers.customerapp&reviewId=13ea5e4c-bd19-4f36-bd08-c64f4bb564b9
b010fe97-6d18-4634-8b80-5f58f8b0da17,play_store,IN,Hemant Shukla,5,,this is very respestfull aap and this give free delivery on first order when the order is 100 rupees,2026-07-18T08:30:40.584Z,0,18.9.3,https://play.google.com/store/apps/details?id=com.grofers.customerapp&reviewId=b010fe97-6d18-4634-8b80-5f58f8b0da17
74eea383-8e40-4c4c-807e-8637148fdc1b,play_store,IN,Saurav Kumer,1,,free main nhi milta kuchh 💔🥀,2026-07-18T08:30:32.724Z,0,18.9.3,https://play.google.com/store/apps/details?id=com.grofers.customerapp&reviewId=74eea383-8e40-4c4c-807e-8637148fdc1b
8cb76c35-c3c3-424d-aa91-7b4279f43e4b,play_store,IN,SpKarmakar,5,,this app is very good for shopping 🛍️,2026-07-18T08:29:25.201Z,0,,https://play.google.com/store/apps/details?id=com.grofers.customerapp&reviewId=8cb76c35-c3c3-424d-aa91-7b4279f43e4b
0fa2edd7-3ed8-4974-b711-968bf298a221,play_store,IN,Savita Dwivedi,5,,very good service good product,2026-07-18T08:27:35.458Z,0,18.9.3,https://play.google.com/store/apps/details?id=com.grofers.customerapp&reviewId=0fa2edd7-3ed8-4974-b711-968bf298a221
38e910f3-5690-4758-a007-7b8b6cf6b08d,play_store,IN,Rohitha N,1,,why can't u add virudhunagar. then how can we use blinkit. if we are not available in the option.,2026-07-18T08:24:04.882Z,0,18.9.3,https://play.google.com/store/apps/details?id=com.grofers.customerapp&reviewId=38e910f3-5690-4758-a007-7b8b6cf6b08d
c9c98a6e-9832-4efa-9dc7-9d20dc9c0a2e,play_store,IN,nitin bhandari,1,,not solve the problem and worst customer care experience.,2026-07-18T08:20:45.551Z,0,18.7.0,https://play.google.com/store/apps/details?id=com.grofers.customerapp&reviewId=c9c98a6e-9832-4efa-9dc7-9d20dc9c0a2e
836bb633-15c9-4d24-ab6f-624aa609020a,play_store,IN,nidhi umdekar,2,,"vegetables from here are always bad, neverrrrrrr ever order that from here.",2026-07-18T08:20:39.550Z,0,18.9.3,https://play.google.com/store/apps/details?id=com.grofers.customerapp&reviewId=836bb633-15c9-4d24-ab6f-624aa609020a
ac7f0343-4b26-457d-8d10-801431813a50,play_store,IN,Riya Roy,5,,blinkit good fast delivery 👍🏻,2026-07-18T08:19:08.396Z,0,,https://play.google.com/store/apps/details?id=com.grofers.customerapp&reviewId=ac7f0343-4b26-457d-8d10-801431813a50
7c4e65dd-5a7a-4529-a7e4-696229e9bc05,play_store,IN,Ajay Soni,5,,it's really good and gives the things u need quickly overall it's 9.9 out of a 10,2026-07-18T08:16:38.269Z,0,18.9.3,https://play.google.com/store/apps/details?id=com.grofers.customerapp&reviewId=7c4e65dd-5a7a-4529-a7e4-696229e9bc05
b92d9d66-ea9b-415c-9e3f-528a917997d7,play_store,IN,Veena Jawa,2,,payment is taken in advance. No response from blinkit even after informing the issues.,2026-07-18T08:11:45.433Z,0,18.9.3,https://play.google.com/store/apps/details?id=com.grofers.customerapp&reviewId=b92d9d66-ea9b-415c-9e3f-528a917997d7
ae2ee1ee-5d30-440e-8d2a-640feea158a4,play_store,IN,Dia Das,2,,price so high to much,2026-07-18T08:11:28.567Z,0,18.7.0,https://play.google.com/store/apps/details?id=com.grofers.customerapp&reviewId=ae2ee1ee-5d30-440e-8d2a-640feea158a4
76af5fb9-2d2d-473d-a984-beee06727d6f,play_store,IN,Adela,5,,loved this app 🤌🏻💛,2026-07-18T08:11:00.600Z,0,18.9.3,https://play.google.com/store/apps/details?id=com.grofers.customerapp&reviewId=76af5fb9-2d2d-473d-a984-beee06727d6f
823199a4-8bcc-4cea-829e-435d8ff210b1,play_store,IN,Raktaka Das,5,,very useful and excellent app👌🏻👌🏻,2026-07-18T08:10:47.243Z,0,18.9.3,https://play.google.com/store/apps/details?id=com.grofers.customerapp&reviewId=823199a4-8bcc-4cea-829e-435d8ff210b1
40891b68-e0e7-40bc-a1b5-73f68e16fb67,play_store,IN,Umar Mirza,5,,it resolve issues also,2026-07-18T08:10:33.414Z,0,18.9.3,https://play.google.com/store/apps/details?id=com.grofers.customerapp&reviewId=40891b68-e0e7-40bc-a1b5-73f68e16fb67
792ac0dc-1918-401b-9d0a-6f53e1b172a6,play_store,IN,Satish S,4,,"people sell your near expiry products in market ,I want to buy your near expiry products,how to contact",2026-07-18T08:09:29.136Z,0,17.71.2,https://play.google.com/store/apps/details?id=com.grofers.customerapp&reviewId=792ac0dc-1918-401b-9d0a-6f53e1b172a6
37f0be71-4476-447f-9420-4237bdafab89,play_store,IN,Akhtar Hussain,5,,The things I don't like in blinkit he take a payment online I love cash on delivery,2026-07-18T08:08:43.766Z,0,18.9.3,https://play.google.com/store/apps/details?id=com.grofers.customerapp&reviewId=37f0be71-4476-447f-9420-4237bdafab89
458bb461-7246-4771-b2f4-742dca3c6e68,play_store,IN,Shoaib Akhtar,1,,"There is no customer support ,very bad service, and I am not able to connect to the customer care",2026-07-18T08:08:14.157Z,0,,https://play.google.com/store/apps/details?id=com.grofers.customerapp&reviewId=458bb461-7246-4771-b2f4-742dca3c6e68
1e395883-1390-4ffd-a9fd-71f968d1ae14,play_store,IN,Ravi Mahodiya,5,,it's good and reasonable,2026-07-18T08:07:11.665Z,0,17.83.1,https://play.google.com/store/apps/details?id=com.grofers.customerapp&reviewId=1e395883-1390-4ffd-a9fd-71f968d1ae14
b50b455c-33ed-4fd6-9aa1-97e3ed52232b,play_store,IN,Rohini Gurung,1,,wet and dry goods were put in the same bag...that caused the bags to tear...and was pretty heavy for each of the bags to hold the items...should be more careful specially during monsoons...,2026-07-18T08:05:46.339Z,0,18.7.0,https://play.google.com/store/apps/details?id=com.grofers.customerapp&reviewId=b50b455c-33ed-4fd6-9aa1-97e3ed52232b
bcee3a01-79e6-43a3-a229-96b0aad686f2,play_store,IN,Daxesh Kumar,3,,installed app but open no services this msg see it please early Service start our area thank you,2026-07-18T08:04:35.457Z,1,18.9.3,https://play.google.com/store/apps/details?id=com.grofers.customerapp&reviewId=bcee3a01-79e6-43a3-a229-96b0aad686f2
78611978-9ff0-4381-9dff-adac7b19c91f,play_store,IN,lelin john,5,,good experience our city,2026-07-18T08:02:57.146Z,0,18.9.3,https://play.google.com/store/apps/details?id=com.grofers.customerapp&reviewId=78611978-9ff0-4381-9dff-adac7b19c91f
94e451ec-efaf-4940-b892-0cb01e7a9261,play_store,IN,Avinash Hanjankar,1,,"assured gift with purchased item is not delivered, informed that it is not possible to give free gift as it is not in stock and neither cancelling order . It is cheating with costomer.",2026-07-18T08:02:13.146Z,0,18.9.3,https://play.google.com/store/apps/details?id=com.grofers.customerapp&reviewId=94e451ec-efaf-4940-b892-0cb01e7a9261
53a874c6-f644-428b-b770-f0e2ac48c005,play_store,IN,Ansh Gupta,5,,after returning order the quality is too much good,2026-07-18T08:00:34.560Z,0,18.9.3,https://play.google.com/store/apps/details?id=com.grofers.customerapp&reviewId=53a874c6-f644-428b-b770-f0e2ac48c005
66dd8730-2ce0-4e6b-bd83-5e11399b8935,play_store,IN,Vinay Krithik,5,,"I love blinket , i get everything based on my requirement",2026-07-18T08:00:23.324Z,0,,https://play.google.com/store/apps/details?id=com.grofers.customerapp&reviewId=66dd8730-2ce0-4e6b-bd83-5e11399b8935
0bb3a391-d36b-4f6f-b6e8-8832a76aab31,play_store,IN,gaurav attri,2,,service is very poor every time dilevery late,2026-07-18T07:57:51.750Z,0,18.9.3,https://play.google.com/store/apps/details?id=com.grofers.customerapp&reviewId=0bb3a391-d36b-4f6f-b6e8-8832a76aab31
56507f82-0c10-4c3a-9a19-30711b45528d,play_store,IN,Ashish Yadav,5,,excellent service 💯,2026-07-18T07:56:22.220Z,0,18.9.3,https://play.google.com/store/apps/details?id=com.grofers.customerapp&reviewId=56507f82-0c10-4c3a-9a19-30711b45528d
6ac8f5dc-eb9e-4130-9367-b8ede1c8ebf2,play_store,IN,Shabbir Mansuri,1,,now delivery time increased to 14 before it was 8 min,2026-07-18T07:56:08.786Z,0,18.9.3,https://play.google.com/store/apps/details?id=com.grofers.customerapp&reviewId=6ac8f5dc-eb9e-4130-9367-b8ede1c8ebf2
aebe7788-a51d-41fd-b3d1-06b6e9ddb5c1,play_store,IN,Archana jagwan,5,,Good app 👌 easy and secure,2026-07-18T07:55:55.562Z,0,17.97.3,https://play.google.com/store/apps/details?id=com.grofers.customerapp&reviewId=aebe7788-a51d-41fd-b3d1-06b6e9ddb5c1
53514ce5-1fc2-4c23-90d9-035afbb57400,play_store,IN,Fahad Syed,5,,"Blinkit has honestly been one of the best apps I've ever downloaded, and it has completely changed the way I shop for groceries and everyday essentials. Before using Blinkit, I used to spend a lot of time traveling to stores, searching for products, waiting in long checkout lines, and carrying heavy bags back home. Now, everything I need is available right at my fingertips, and I can order it in just a few minutes without leaving my house. The entire experience is smooth and convenient",2026-07-18T07:55:22.331Z,0,18.9.3,https://play.google.com/store/apps/details?id=com.grofers.customerapp&reviewId=53514ce5-1fc2-4c23-90d9-035afbb57400
f0e8360c-92ed-4415-a6a1-714317d1040d,play_store,IN,Mohd Imran,5,,Great delivery compared to other like Flip zep swig etc,2026-07-18T07:53:38.321Z,0,,https://play.google.com/store/apps/details?id=com.grofers.customerapp&reviewId=f0e8360c-92ed-4415-a6a1-714317d1040d
5947a4de-b343-433a-9056-145d301fc82a,play_store,IN,Mohd Meenu,1,,very bad experience. they have listed a lot of low quality products and when we want to return or replacement of item blinkit team said that we can not your help to return or replacement of products.,2026-07-18T07:50:31.159Z,0,,https://play.google.com/store/apps/details?id=com.grofers.customerapp&reviewId=5947a4de-b343-433a-9056-145d301fc82a
d09bf0a5-8155-444e-b58b-91e0979d5f0d,play_store,IN,P Rawat,5,,very nice and convenient as well as creative,2026-07-18T07:48:03.786Z,0,18.9.3,https://play.google.com/store/apps/details?id=com.grofers.customerapp&reviewId=d09bf0a5-8155-444e-b58b-91e0979d5f0d
982df9a8-8719-4f8d-ab94-7112aacfe591,play_store,IN,Chetoo Sonwane,5,,"Excellent app! Super fast delivery, wide range of products, and very user-friendly interface. Orders always arrive on time, well packed, and in great condition. Customer support is also quick and helpful. Blinkit has made grocery shopping so convenient. Highly recommended!❤️❤️❤️",2026-07-18T07:48:00.222Z,0,18.7.0,https://play.google.com/store/apps/details?id=com.grofers.customerapp&reviewId=982df9a8-8719-4f8d-ab94-7112aacfe591
71f45ca5-93a3-415b-ba7e-9da8f949d193,play_store,IN,Mounika Mucha,4,,everything was nice but there is not iPhone 17 Pro Max,2026-07-18T07:44:48.800Z,0,18.7.0,https://play.google.com/store/apps/details?id=com.grofers.customerapp&reviewId=71f45ca5-93a3-415b-ba7e-9da8f949d193
6101c47b-994f-411b-9f3a-3339b4fb0600,play_store,IN,Bandana B,5,,very helpful 😋 ......superb aapp very nice,2026-07-18T07:42:14.102Z,0,18.9.3,https://play.google.com/store/apps/details?id=com.grofers.customerapp&reviewId=6101c47b-994f-411b-9f3a-3339b4fb0600
222c131e-2784-4c24-80dc-1e350e0a52f2,play_store,IN,Sachoraka Ka,5,,best and use full app and and not harmful app,2026-07-18T07:40:28.816Z,0,18.9.3,https://play.google.com/store/apps/details?id=com.grofers.customerapp&reviewId=222c131e-2784-4c24-80dc-1e350e0a52f2
caa5afe8-799f-407c-8217-739c28c908a5,play_store,IN,PATEL Dishu,1,,showing 400 gm of pouch but deliver 200 g pouch,2026-07-18T07:34:56.353Z,1,18.9.3,https://play.google.com/store/apps/details?id=com.grofers.customerapp&reviewId=caa5afe8-799f-407c-8217-739c28c908a5
e719a6b8-4611-4c03-81e4-16050ac58e25,play_store,IN,prabin thakur,1,,"Extremely frustrating customer service. If you receive a product that is damaged, sub-standard, or completely misses expectations, Blinkit offers no direct return option. When you raise a concern through the help section, you are connected to a support agent who just gives a generic ""we will take care of it in the future""response. They closed my support ticket without my consent, dropped the chat without offering resolution, and left me stuck with a poor product.Terrible policy & accountability",2026-07-18T07:33:07.162Z,0,17.43.0,https://play.google.com/store/apps/details?id=com.grofers.customerapp&reviewId=e719a6b8-4611-4c03-81e4-16050ac58e25
276059a9-f6c3-48b9-80ac-575005fbdf0e,play_store,IN,Neelam Singh,5,,feel amazing experience with blinkit it is more convenient,2026-07-18T07:30:46.150Z,0,18.9.3,https://play.google.com/store/apps/details?id=com.grofers.customerapp&reviewId=276059a9-f6c3-48b9-80ac-575005fbdf0e
8fbba4c5-40a8-4a68-a122-99f440875132,play_store,IN,Koushik Koushik,3,,nice app for speedy delivery,2026-07-18T07:27:00.321Z,0,18.9.3,https://play.google.com/store/apps/details?id=com.grofers.customerapp&reviewId=8fbba4c5-40a8-4a68-a122-99f440875132
125ea97d-a901-450f-bc60-76604263b8f1,play_store,IN,Jitendra Sharma,1,,"very bad experience the persons who comes to deliver my parcel, is very rude and bad, and one time my product was delivered without a carry bag, his behaviour was very bad. There is no decency to talk I never order again on this app.",2026-07-18T07:26:48.345Z,0,18.7.0,https://play.google.com/store/apps/details?id=com.grofers.customerapp&reviewId=125ea97d-a901-450f-bc60-76604263b8f1
41317080-8dd5-42e6-a328-9473301cb103,play_store,IN,Hiran Das,5,,good aap as a emergency key,2026-07-18T07:24:07.618Z,0,18.3.0,https://play.google.com/store/apps/details?id=com.grofers.customerapp&reviewId=41317080-8dd5-42e6-a328-9473301cb103
e711805f-c397-41c7-bf5a-6d2a49330f44,play_store,IN,sanjay sahu,1,,they not provide what offered in app blinkit offer is a scam.,2026-07-18T07:23:15.374Z,0,18.9.3,https://play.google.com/store/apps/details?id=com.grofers.customerapp&reviewId=e711805f-c397-41c7-bf5a-6d2a49330f44
9041992e-ab59-479e-9f9b-00d703f6302a,play_store,IN,Anchal Sahu,5,,best app i ever use !!,2026-07-18T07:19:43.837Z,0,18.9.3,https://play.google.com/store/apps/details?id=com.grofers.customerapp&reviewId=9041992e-ab59-479e-9f9b-00d703f6302a
5c4efd47-e7a6-4fab-bb70-421790f67622,play_store,IN,Shaikh Khader,5,,Best at delivery in emergency 🚚,2026-07-18T07:19:05.750Z,0,18.9.3,https://play.google.com/store/apps/details?id=com.grofers.customerapp&reviewId=5c4efd47-e7a6-4fab-bb70-421790f67622
ea440a89-3e67-4c34-bb03-bc3a7dd64f1c,play_store,IN,Priya Pd (Pd),5,,best for emergency printout...thank you blinkit,2026-07-18T07:18:41.765Z,0,18.9.3,https://play.google.com/store/apps/details?id=com.grofers.customerapp&reviewId=ea440a89-3e67-4c34-bb03-bc3a7dd64f1c
9f33fb1d-a513-4826-a004-7c6e6e4c0e46,play_store,IN,Kv Litera Futuristic School,5,,really fast and have all the useful product 😃,2026-07-18T07:13:43.271Z,0,,https://play.google.com/store/apps/details?id=com.grofers.customerapp&reviewId=9f33fb1d-a513-4826-a004-7c6e6e4c0e46
573ca0b4-7570-4e6f-a6c3-190eaf9bc10f,play_store,IN,Harsh Xo,5,,"Fast delivery, good prices, and easy to use. Great app!",2026-07-18T07:10:01.416Z,0,18.9.3,https://play.google.com/store/apps/details?id=com.grofers.customerapp&reviewId=573ca0b4-7570-4e6f-a6c3-190eaf9bc10f
33a217b8-2c1f-40fa-b783-67f075db75d3,play_store,IN,puneet attrey,1,,"not reliable anymore, milk is adulterated, packaging is not good things easily stolen by anyone.",2026-07-18T07:06:29.866Z,0,18.9.3,https://play.google.com/store/apps/details?id=com.grofers.customerapp&reviewId=33a217b8-2c1f-40fa-b783-67f075db75d3
4936d592-e206-44d9-9d21-9c09c026b423,play_store,IN,Lanville Sequeira,5,,good experience n quick service,2026-07-18T07:04:01.248Z,0,17.75.1,https://play.google.com/store/apps/details?id=com.grofers.customerapp&reviewId=4936d592-e206-44d9-9d21-9c09c026b423
167dfef4-42d0-41d6-8e96-bf2e721bbcf6,play_store,IN,Sujata Mallick,2,,too expensive for a single copy,2026-07-18T07:02:13.324Z,0,18.9.3,https://play.google.com/store/apps/details?id=com.grofers.customerapp&reviewId=167dfef4-42d0-41d6-8e96-bf2e721bbcf6
8659f5a9-a140-4828-a611-a8dcda246d4c,play_store,IN,Yash Kumar,5,,Very nice Blinkit it keep it up like that 👍👍 your products are amazing,2026-07-18T06:59:42.140Z,0,18.13.0,https://play.google.com/store/apps/details?id=com.grofers.customerapp&reviewId=8659f5a9-a140-4828-a611-a8dcda246d4c
ff03b33a-0be9-4d67-85f6-44c7a27f1b8d,play_store,IN,Saifullah Shah,1,,one product was missing,2026-07-18T06:59:28.595Z,0,18.9.3,https://play.google.com/store/apps/details?id=com.grofers.customerapp&reviewId=ff03b33a-0be9-4d67-85f6-44c7a27f1b8d
b3a034ba-9812-4f17-8a74-bca7861029f0,play_store,IN,Alok Singh,4,,great to fast delivery while ordering product,2026-07-18T06:59:09.541Z,0,18.9.3,https://play.google.com/store/apps/details?id=com.grofers.customerapp&reviewId=b3a034ba-9812-4f17-8a74-bca7861029f0
66cf582e-9355-4206-a567-ee9004d9b65e,play_store,IN,Apoorv Bhattacharya,5,,thankyou blinkit for being a life savour as delivering some important products on time which is very much needed..,2026-07-18T06:56:24.673Z,0,18.9.3,https://play.google.com/store/apps/details?id=com.grofers.customerapp&reviewId=66cf582e-9355-4206-a567-ee9004d9b65e
1b48f95b-fbcb-45e6-9191-4df4943ed85b,play_store,IN,Mamta Sharma,1,,overall good but return and exchange process is draining .,2026-07-18T06:54:12.246Z,0,18.9.3,https://play.google.com/store/apps/details?id=com.grofers.customerapp&reviewId=1b48f95b-fbcb-45e6-9191-4df4943ed85b
f3f547e9-47ee-43de-9f38-f3d684eabc8f,play_store,IN,Jayshree Nitnaware,5,,best app I have ever used 🥰🥰,2026-07-18T06:52:22.124Z,0,18.9.3,https://play.google.com/store/apps/details?id=com.grofers.customerapp&reviewId=f3f547e9-47ee-43de-9f38-f3d684eabc8f
4d24ed72-fad8-40b1-aa0a-c315fc60661f,play_store,IN,Akriti creations,5,,very futurstic app with lots of varietiesof things,2026-07-18T06:46:21.890Z,0,18.9.3,https://play.google.com/store/apps/details?id=com.grofers.customerapp&reviewId=4d24ed72-fad8-40b1-aa0a-c315fc60661f
ccaaf2df-ac5d-4f56-bb9b-e02de166c0c0,play_store,IN,Priya Priya,3,,it's izee oder any time any way 🥰🥰🤞,2026-07-18T06:45:48.829Z,0,17.91.0,https://play.google.com/store/apps/details?id=com.grofers.customerapp&reviewId=ccaaf2df-ac5d-4f56-bb9b-e02de166c0c0
721e75e6-d1e5-4a94-aa0b-9c2d87638c35,play_store,IN,divakar kumar,1,,"I am extremely disappointed with the quality of the wood apple I received from Blinkit. As shown in the attached photos, the fruit was completely rotten, covered with mold, and unfit for consumption. This is a serious quality control failure. Delivering spoiled food is unacceptable and can pose a health risk. I expect a full refund and request Blinkit to improve its quality checks to ensure customers do not receive rotten products in the future.",2026-07-18T06:45:25.377Z,0,,https://play.google.com/store/apps/details?id=com.grofers.customerapp&reviewId=721e75e6-d1e5-4a94-aa0b-9c2d87638c35
24e39533-330b-41ed-87ae-875397ab6134,play_store,IN,Sk Sai,5,,🫶 i yam byng in tu my order ds app orders very fast in my home and every item correctely and fresh fruts and vegetables lo praises cheep and best download di link 😇🥰,2026-07-18T06:45:19.972Z,0,,https://play.google.com/store/apps/details?id=com.grofers.customerapp&reviewId=24e39533-330b-41ed-87ae-875397ab6134
87349fc4-4d9b-4f8c-ba03-87689be9e1a4,play_store,IN,Kodamanchili sarvesh,4,,good and nice its deliver any whats need in home vry fast,2026-07-18T06:44:43.791Z,0,18.9.3,https://play.google.com/store/apps/details?id=com.grofers.customerapp&reviewId=87349fc4-4d9b-4f8c-ba03-87689be9e1a4
f68f8da9-eb3f-4d14-b997-26d25f25736f,play_store,IN,Vivekanand Srivastav,1,,not good no option to cancel an order support team says unable to cancel,2026-07-18T06:43:01.222Z,0,,https://play.google.com/store/apps/details?id=com.grofers.customerapp&reviewId=f68f8da9-eb3f-4d14-b997-26d25f25736f
c72c88dc-68be-4e1d-ac69-a6d0d0bea1e4,play_store,IN,Gyatri Singh,5,,very very helpful app🥰,2026-07-18T06:38:26.194Z,0,18.9.3,https://play.google.com/store/apps/details?id=com.grofers.customerapp&reviewId=c72c88dc-68be-4e1d-ac69-a6d0d0bea1e4
8cd77197-f9e3-4c9c-bec3-8e0b4402d48b,play_store,IN,VIJAY JADHAV,5,,Good Product and fast delivery,2026-07-18T06:36:47.572Z,0,,https://play.google.com/store/apps/details?id=com.grofers.customerapp&reviewId=8cd77197-f9e3-4c9c-bec3-8e0b4402d48b
b98d2683-c582-43f8-a659-0b2ed030bfa7,play_store,IN,Shahazad Malik,5,,best delivery service,2026-07-18T06:36:29.861Z,0,18.9.3,https://play.google.com/store/apps/details?id=com.grofers.customerapp&reviewId=b98d2683-c582-43f8-a659-0b2ed030bfa7
6156db92-dab2-48ba-8a88-d31f64e99468,play_store,IN,Thiru mala Nadar,5,,fastest delivery app and budget Friendly,2026-07-18T06:31:55.308Z,0,18.9.3,https://play.google.com/store/apps/details?id=com.grofers.customerapp&reviewId=6156db92-dab2-48ba-8a88-d31f64e99468
0caa5016-85c8-45e3-bad3-8417d0ee6bd6,play_store,IN,Shashi bhushan Bhushan,4,,because blinkit on free delivery,2026-07-18T06:29:09.727Z,0,18.9.3,https://play.google.com/store/apps/details?id=com.grofers.customerapp&reviewId=0caa5016-85c8-45e3-bad3-8417d0ee6bd6
63fc4300-837e-4136-95c2-5ecf36e5fea4,play_store,IN,Prakash Tayade,3,,too much expensive. sometimes even quality is compromised.,2026-07-18T06:29:08.916Z,0,,https://play.google.com/store/apps/details?id=com.grofers.customerapp&reviewId=63fc4300-837e-4136-95c2-5ecf36e5fea4
0bb7020f-30f2-4098-824d-0d862edaf4ba,play_store,IN,Archana Rawat,3,,D elivery boy was annoying,2026-07-18T06:25:11.861Z,0,18.9.3,https://play.google.com/store/apps/details?id=com.grofers.customerapp&reviewId=0bb7020f-30f2-4098-824d-0d862edaf4ba
3f8bcfd6-b3a7-43b0-ba32-318591ef8033,play_store,IN,mohsin shirguppe,5,,Home delivery to good,2026-07-18T06:23:15.281Z,0,18.9.3,https://play.google.com/store/apps/details?id=com.grofers.customerapp&reviewId=3f8bcfd6-b3a7-43b0-ba32-318591ef8033
c0a40711-b20e-47e1-ba4e-8551e22850ca,play_store,IN,Ramchandra Bambardekar,5,,best app for fast delivery,2026-07-18T06:19:22.380Z,0,18.9.3,https://play.google.com/store/apps/details?id=com.grofers.customerapp&reviewId=c0a40711-b20e-47e1-ba4e-8551e22850ca
84a30c3b-faf0-48b3-a162-df4c9d244c21,play_store,IN,Kirti Samudra,2,,too many hidden charges packing is not good items are not cleaned,2026-07-18T06:18:04.993Z,0,18.9.3,https://play.google.com/store/apps/details?id=com.grofers.customerapp&reviewId=84a30c3b-faf0-48b3-a162-df4c9d244c21
5123f73e-6dc6-415f-9c87-d3989ffb1e87,play_store,IN,Kanya Sharma,1,,it gives broken items and expired products 😡,2026-07-18T06:16:50.189Z,0,18.9.3,https://play.google.com/store/apps/details?id=com.grofers.customerapp&reviewId=5123f73e-6dc6-415f-9c87-d3989ffb1e87
07001683-4c5f-41ce-8e7f-5c9dc426e495,play_store,IN,Swati Shrivastava,1,,"some times orders are leaking and eggs are damaged, no delivery boy help to complaint",2026-07-18T06:16:07.182Z,0,18.9.3,https://play.google.com/store/apps/details?id=com.grofers.customerapp&reviewId=07001683-4c5f-41ce-8e7f-5c9dc426e495
f331d917-2364-476e-9494-9f32331f1926,play_store,IN,Harini Harini,5,,Very Good And Comfortable For Every Times,2026-07-18T06:13:58.841Z,0,18.9.3,https://play.google.com/store/apps/details?id=com.grofers.customerapp&reviewId=f331d917-2364-476e-9494-9f32331f1926
27acf408-650f-4983-a881-d5dedbfa6578,play_store,IN,Amita Shengale,1,,"Very bad service, they gave us melted ice cream and the can was brimmed with dirt, the delivery person claimed he couldn't pick 2 more of our stuff",2026-07-18T06:13:52.348Z,0,,https://play.google.com/store/apps/details?id=com.grofers.customerapp&reviewId=27acf408-650f-4983-a881-d5dedbfa6578
e804d427-677a-4b6d-be8c-f7c321fb6375,play_store,IN,Divi Balan,5,,super app nd service,2026-07-18T06:13:27.864Z,0,18.7.0,https://play.google.com/store/apps/details?id=com.grofers.customerapp&reviewId=e804d427-677a-4b6d-be8c-f7c321fb6375
223ec1b6-dca7-4f07-8c6f-f10e389a4f6f,play_store,IN,Lucky Goswami,5,,Blinkit is an awesome fast delivery with good staff nature as well.,2026-07-18T06:12:45.975Z,0,18.9.3,https://play.google.com/store/apps/details?id=com.grofers.customerapp&reviewId=223ec1b6-dca7-4f07-8c6f-f10e389a4f6f
12d4d1f8-c9bf-4522-9746-07a0f06db951,play_store,IN,Dill Kumar,5,,I like this app bahut achcha hai yah app,2026-07-18T06:12:43.879Z,0,18.9.3,https://play.google.com/store/apps/details?id=com.grofers.customerapp&reviewId=12d4d1f8-c9bf-4522-9746-07a0f06db951
40efc4cd-cf2e-4a7a-a94f-afb649fe764b,play_store,IN,RENU RATHORE,1,,they are cheaters.they are selling 50 rupees 3 quality coconut in name of tender coconut for 85 rupees.fraudsters.verybpoor service,2026-07-18T06:12:03.775Z,0,,https://play.google.com/store/apps/details?id=com.grofers.customerapp&reviewId=40efc4cd-cf2e-4a7a-a94f-afb649fe764b
25013396-792c-4aa9-b03c-57e2b3343ccc,play_store,IN,Shivani Thakor,1,,not good app is a very bad service not refunded quary Solve this app not refunded,2026-07-18T06:11:19.132Z,0,18.7.0,https://play.google.com/store/apps/details?id=com.grofers.customerapp&reviewId=25013396-792c-4aa9-b03c-57e2b3343ccc
c3691346-0151-448c-be8d-fc81e725861d,play_store,IN,Gopika Krishnan,1,,"Consistently bad supply for vegetables and fruits. Had to throw some away multiple times. Not to mention their terrible customer support. Failed to deliver a product in its entirety and expected me to wait for a delivery executive to come pick up ONE SINGLE portion of the multi-pack I had ordered and then sit and wait again for a replacement. ""Sorry this is the only resolutions. Cannot refund your money."" Yes, big corporate—inconvenience the customer for your inefficiency. All in a day's work :)",2026-07-18T06:09:58.670Z,0,17.65.0,https://play.google.com/store/apps/details?id=com.grofers.customerapp&reviewId=c3691346-0151-448c-be8d-fc81e725861d
6eb59e31-2f21-4b31-afed-cd24194189c4,play_store,IN,Rupal Pujara,1,,worst experience of blinkit never order from blinkit,2026-07-18T06:08:02.572Z,0,18.9.3,https://play.google.com/store/apps/details?id=com.grofers.customerapp&reviewId=6eb59e31-2f21-4b31-afed-cd24194189c4
33b7eadb-a56d-49b5-aa3a-18e48467fc11,play_store,IN,Aradhya Sharma,5,,got my orders just in minutes.i really loved it. all the delivery mans are also so nice and kind,2026-07-18T06:07:18.550Z,0,18.9.3,https://play.google.com/store/apps/details?id=com.grofers.customerapp&reviewId=33b7eadb-a56d-49b5-aa3a-18e48467fc11
7cf822c5-9362-481f-8de8-f7400e6127ca,play_store,IN,Samiksha Shejao,5,,"Hello Blinkit Team, I was excited to use the app because of its quick 10-minutes delivery service, but I was disappointed to find out that your service is currently unavailable in my location. I really like the idea of quick grocery delivery and hope that Blinkit will expand to more areas soon. It would be great if people in my area could also enjoy the convenience that Blinkit offers. Thank you.",2026-07-18T06:02:27.625Z,0,18.9.3,https://play.google.com/store/apps/details?id=com.grofers.customerapp&reviewId=7cf822c5-9362-481f-8de8-f7400e6127ca
f374fc83-1446-4ff4-8109-97d127c48b87,play_store,IN,Akash Pillai,1,,every time delay and short of stock,2026-07-18T06:00:14.670Z,0,18.7.0,https://play.google.com/store/apps/details?id=com.grofers.customerapp&reviewId=f374fc83-1446-4ff4-8109-97d127c48b87
948dc951-0287-44c3-be76-d0b3b4c23eda,play_store,IN,Priyanka Bharti,5,,loving this app..this has made my life so easy,2026-07-18T05:59:33.322Z,0,18.9.3,https://play.google.com/store/apps/details?id=com.grofers.customerapp&reviewId=948dc951-0287-44c3-be76-d0b3b4c23eda
53d962ff-b1dc-4892-bd3e-b9212357775e,play_store,IN,Vuter Raja (Harmony musical group),1,,"your executives are in such a hurry to cancel and refund money,, so poor",2026-07-18T05:58:43.599Z,0,18.7.0,https://play.google.com/store/apps/details?id=com.grofers.customerapp&reviewId=53d962ff-b1dc-4892-bd3e-b9212357775e
db67e9ee-28a1-4e48-96c0-184edf3de8cf,play_store,IN,tejas srivastava,2,,this app is bad it not supports return policy,2026-07-18T05:58:40.704Z,0,18.9.3,https://play.google.com/store/apps/details?id=com.grofers.customerapp&reviewId=db67e9ee-28a1-4e48-96c0-184edf3de8cf
d7424c2c-4a5e-4193-b825-1fa9e2c224ce,play_store,IN,Hi Hi,5,,mara bhai bahut achcha hai app☺️☺️,2026-07-18T05:58:21.264Z,0,,https://play.google.com/store/apps/details?id=com.grofers.customerapp&reviewId=d7424c2c-4a5e-4193-b825-1fa9e2c224ce
ab5db15b-15f5-4631-9302-1dcac38cb8a5,play_store,IN,Djette Arp,1,,Absolutely disappointed. There's no proper channel for customer care service or phone numbers or anything like any assistance. I have been waiting for my refund for the past 10 days and i still haven't received it yet. I had ordered like on the 8th July . The email that doesn't work. I don't even know who to contact. Please make a proper channel to connect with designated people and help lines and I'm still waiting for my refund. Please give me a proper channel so I can mail or talk to someone.,2026-07-18T05:54:27.365Z,0,,https://play.google.com/store/apps/details?id=com.grofers.customerapp&reviewId=ab5db15b-15f5-4631-9302-1dcac38cb8a5
b2efaeac-fb75-4501-9f24-ac7d3f13b05e,play_store,IN,Aman Ambast,1,,The charges in the name of tax is so high that you can't even imagine!,2026-07-18T05:54:24.827Z,0,18.7.0,https://play.google.com/store/apps/details?id=com.grofers.customerapp&reviewId=b2efaeac-fb75-4501-9f24-ac7d3f13b05e
5ce9f22b-afea-442a-94c5-a9f414ff2eeb,play_store,IN,Kiran T,5,,Good and Fast Delivary and Fresh items Madanapalli Blinkit is good and fast service (in 8 mins) Delivary,2026-07-18T05:53:39.850Z,0,18.9.3,https://play.google.com/store/apps/details?id=com.grofers.customerapp&reviewId=5ce9f22b-afea-442a-94c5-a9f414ff2eeb
b556a3b2-a4e3-41f3-a867-4dece4e82f95,play_store,IN,Aakash Thakur,5,,amazing delivery aap 😍,2026-07-18T05:53:32.963Z,0,18.9.3,https://play.google.com/store/apps/details?id=com.grofers.customerapp&reviewId=b556a3b2-a4e3-41f3-a867-4dece4e82f95
b1cf63fa-6e09-49e6-a4aa-74f617316072,play_store,IN,Rkpillai Rkpillai,5,,blinkit is very nice affordable and very fast delivery i gave this app 5 star,2026-07-18T05:51:40.590Z,0,18.9.3,https://play.google.com/store/apps/details?id=com.grofers.customerapp&reviewId=b1cf63fa-6e09-49e6-a4aa-74f617316072
88e6aa88-0b23-47db-9d0f-0e4283fbbc04,play_store,IN,Rachana M,5,,so far so good 🤏🤏🤏❤️,2026-07-18T05:46:20.255Z,0,18.9.3,https://play.google.com/store/apps/details?id=com.grofers.customerapp&reviewId=88e6aa88-0b23-47db-9d0f-0e4283fbbc04
8453498a-346a-4f5d-9086-59de6f7bb8f4,play_store,IN,Shazia Shazz,5,,excellent service highly recommended,2026-07-18T05:45:12.913Z,0,18.9.3,https://play.google.com/store/apps/details?id=com.grofers.customerapp&reviewId=8453498a-346a-4f5d-9086-59de6f7bb8f4
1cbc85f1-ca46-418c-89bc-e937f65a682e,play_store,IN,swapna sarkar,5,,has good offers at good prices,2026-07-18T05:40:06.760Z,0,18.7.0,https://play.google.com/store/apps/details?id=com.grofers.customerapp&reviewId=1cbc85f1-ca46-418c-89bc-e937f65a682e
844d7f4b-14f9-4d9e-aa60-41c543c9e94f,play_store,IN,Ridhima Singh,5,,👍 good fast excellent,2026-07-18T05:36:42.140Z,0,17.97.3,https://play.google.com/store/apps/details?id=com.grofers.customerapp&reviewId=844d7f4b-14f9-4d9e-aa60-41c543c9e94f
0e87e879-82b6-412a-a5bb-b2aa43120ce9,play_store,IN,Fiza Tahreem,1,,"This was my first time using the Blinkit app, and it was a very disappointing experience. I placed multiple orders, but only two of them were delivered while the remaining items were not. The store manager couldn't even provide clear information about whether I would receive a refund for the undelivered products. Overall, the service was unprofessional and frustrating. My first experience with Blinkit was very poor, and I expected much better.",2026-07-18T05:36:37.999Z,0,18.9.3,https://play.google.com/store/apps/details?id=com.grofers.customerapp&reviewId=0e87e879-82b6-412a-a5bb-b2aa43120ce9
ae3a715b-715a-4b55-a9d8-80e9c69b1885,play_store,IN,Richa Pandey,2,,some fruits and vegetables had insects in them....,2026-07-18T05:35:28.471Z,0,18.9.3,https://play.google.com/store/apps/details?id=com.grofers.customerapp&reviewId=ae3a715b-715a-4b55-a9d8-80e9c69b1885
060d445d-aa3e-498e-8662-1d91116edf2c,play_store,IN,mmb,3,,too soon. this is just first order,2026-07-18T05:33:24.130Z,0,18.9.3,https://play.google.com/store/apps/details?id=com.grofers.customerapp&reviewId=060d445d-aa3e-498e-8662-1d91116edf2c
60cc487c-a971-47cf-9c62-71e87bda6c98,play_store,IN,Shatrughan Bhakt,1,,delivery charges jyada hai,2026-07-18T05:30:38.449Z,0,18.9.3,https://play.google.com/store/apps/details?id=com.grofers.customerapp&reviewId=60cc487c-a971-47cf-9c62-71e87bda6c98
5618c047-ec83-4de4-ab76-d420fe67afce,play_store,IN,syeda syeda,1,,The app shows Re.1 a list products for orders above Rs.99. But these product never get delivered. it is cheating.,2026-07-18T05:25:10.344Z,0,,https://play.google.com/store/apps/details?id=com.grofers.customerapp&reviewId=5618c047-ec83-4de4-ab76-d420fe67afce
1ca5390d-f480-4747-b9a1-58f2e07340ea,play_store,IN,pushpa tummala,5,,Good response go for it 👍,2026-07-18T05:24:00.409Z,0,18.9.3,https://play.google.com/store/apps/details?id=com.grofers.customerapp&reviewId=1ca5390d-f480-4747-b9a1-58f2e07340ea
b3729681-5e0f-40c2-9259-7d222a0c4e2a,play_store,IN,Gautam Kalyan,1,,fraud hai ye damge maal bhejta hai I am not chenge my review fraud blinkit never order any item on blinkit,2026-07-18T05:16:47.672Z,0,18.9.3,https://play.google.com/store/apps/details?id=com.grofers.customerapp&reviewId=b3729681-5e0f-40c2-9259-7d222a0c4e2a
39fc3e2b-8295-4a1c-9fe3-dfa520ce604f,play_store,IN,sam hans,2,,false delivery time commitment. even some time vegetables are not fresh.,2026-07-18T05:13:34.811Z,0,18.9.3,https://play.google.com/store/apps/details?id=com.grofers.customerapp&reviewId=39fc3e2b-8295-4a1c-9fe3-dfa520ce604f
f041c2aa-076d-46b4-86dd-b6b908cf0502,play_store,IN,Sunita takale,5,,"The app shines in convenience and speed, but users frequently flag issues with damaged products, missing items, and slow customer support.The Pros:Unmatched Speed: Users consistently praise the platform for lightning-fast deliveries of daily essentials, like milk, snacks, and fresh produce.Vast Inventory: It offers a massive catalog, ranging from groceries and electronics to printouts and festive gifts. ______THANK YOU __________.",2026-07-18T05:11:48.336Z,0,17.91.0,https://play.google.com/store/apps/details?id=com.grofers.customerapp&reviewId=f041c2aa-076d-46b4-86dd-b6b908cf0502
41cb2bde-e26b-4efe-b453-099aa8750b4c,play_store,IN,Arzoo,5,,Bahut accha h blinkt,2026-07-18T05:11:03.580Z,0,18.7.0,https://play.google.com/store/apps/details?id=com.grofers.customerapp&reviewId=41cb2bde-e26b-4efe-b453-099aa8750b4c
590a047c-e2cf-4302-a4d9-7c8af6c34ee1,play_store,IN,Sadik,5,,mind blowing!!! 😁👌🏻,2026-07-18T05:07:49.811Z,0,18.9.3,https://play.google.com/store/apps/details?id=com.grofers.customerapp&reviewId=590a047c-e2cf-4302-a4d9-7c8af6c34ee1
0259e3b9-6e70-4e6f-bc27-22363332e17d,play_store,IN,harshita chauhan,4,,a nice platform for quick delivery a bit costly but all over it is good app,2026-07-18T05:01:49.490Z,0,,https://play.google.com/store/apps/details?id=com.grofers.customerapp&reviewId=0259e3b9-6e70-4e6f-bc27-22363332e17d
62074b64-7ef4-4c5a-9722-28a807201e42,play_store,IN,Pratiksha Kachare,1,,worst app ever again nd again payment issue on this app don't use it😡😡😡😡😡😡,2026-07-18T05:01:15.484Z,0,18.7.0,https://play.google.com/store/apps/details?id=com.grofers.customerapp&reviewId=62074b64-7ef4-4c5a-9722-28a807201e42
2542a412-a564-4e0e-97aa-b18d2598561a,play_store,IN,Damanpreet Singh,1,,"""I accidentally added ₹295 to my Blinkit Wallet via UPI today. The wallet balance is unused. Please refund it to my original payment source.""not refunded",2026-07-18T05:00:46.856Z,0,,https://play.google.com/store/apps/details?id=com.grofers.customerapp&reviewId=2542a412-a564-4e0e-97aa-b18d2598561a
a19b59ce-b9bd-4801-9eab-dd3b829efaec,play_store,IN,Pulei Konyak,5,,"We don't have the blinkit service in our area, but I'll give five stars.",2026-07-18T04:59:18.490Z,0,,https://play.google.com/store/apps/details?id=com.grofers.customerapp&reviewId=a19b59ce-b9bd-4801-9eab-dd3b829efaec
7c0d476e-1ad1-4bd5-9d58-523b7e4a62bf,play_store,IN,Pankaj Kumar,4,,this experience is so good but I don't like one thing my order is seen it will give me at 8 minutes but the order come after 15 minutes and please don't do that handling charge but I like this so much and I am thinking I will give him you means four and half star this is good for your app this make easy to order all things this is so incredibly good I like it I appreciate but please make my words carefully,2026-07-18T04:53:32.876Z,0,18.9.3,https://play.google.com/store/apps/details?id=com.grofers.customerapp&reviewId=7c0d476e-1ad1-4bd5-9d58-523b7e4a62bf
8b4d8fbd-f153-4ac0-bcbb-cfeefa5db591,play_store,IN,Debajita Bhuyan,2,,there is no return option,2026-07-18T04:53:11.580Z,0,18.9.3,https://play.google.com/store/apps/details?id=com.grofers.customerapp&reviewId=8b4d8fbd-f153-4ac0-bcbb-cfeefa5db591
55da9e9e-2912-4355-9a5c-595b885c1c1c,play_store,IN,Sujit Rana,4,,Experience in T2 Mumbai all new store of blinkit,2026-07-18T04:50:45.741Z,0,18.9.3,https://play.google.com/store/apps/details?id=com.grofers.customerapp&reviewId=55da9e9e-2912-4355-9a5c-595b885c1c1c
1d7b7e99-3ecc-4ae3-9a67-4fd0e0f50945,play_store,IN,Caroline Kropi,2,,very bad customer service. I ordered 2 packets of chicken from different brands. they want to cancel but couldn't tell me which packet. they just hung up.,2026-07-18T04:46:21.817Z,0,18.9.3,https://play.google.com/store/apps/details?id=com.grofers.customerapp&reviewId=1d7b7e99-3ecc-4ae3-9a67-4fd0e0f50945
87e73c1b-0fc2-4a34-b37a-f1ce7980d9ad,play_store,IN,jyothi Joy augustine,5,,Blinkit the great app 👍 ❤️,2026-07-18T04:45:30.699Z,0,18.9.3,https://play.google.com/store/apps/details?id=com.grofers.customerapp&reviewId=87e73c1b-0fc2-4a34-b37a-f1ce7980d9ad
8e1d0c44-ee18-4b04-bd72-d31b55cd0514,play_store,IN,Krishna Kumar Pathak,5,,excellent service by blinkit,2026-07-18T04:43:59.406Z,0,18.9.3,https://play.google.com/store/apps/details?id=com.grofers.customerapp&reviewId=8e1d0c44-ee18-4b04-bd72-d31b55cd0514
75151a76-f51c-424b-98ab-fff7ad2c164f,play_store,IN,sheetal dhoot,5,,minddddd blowingggggg,2026-07-18T04:43:04.130Z,0,18.3.0,https://play.google.com/store/apps/details?id=com.grofers.customerapp&reviewId=75151a76-f51c-424b-98ab-fff7ad2c164f
c73dcefe-ce20-4d6b-9f7f-9ba4c4bced59,play_store,IN,Vasudev Arondekar,5,,good The price is very good.....,2026-07-18T04:37:25.714Z,0,18.9.3,https://play.google.com/store/apps/details?id=com.grofers.customerapp&reviewId=c73dcefe-ce20-4d6b-9f7f-9ba4c4bced59
775feaa3-3685-4446-aeb4-927cdb0b8f6f,play_store,IN,Vinod Joshi,5,,It is difficult to find the cancel button of search order in interface,2026-07-18T04:34:41.263Z,0,18.9.3,https://play.google.com/store/apps/details?id=com.grofers.customerapp&reviewId=775feaa3-3685-4446-aeb4-927cdb0b8f6f
28761ffb-c138-42b7-a354-ffecf8db0b10,play_store,IN,Abdul Siddiqui,5,,it's very good app i really like it 😃,2026-07-18T04:33:44.390Z,0,18.7.0,https://play.google.com/store/apps/details?id=com.grofers.customerapp&reviewId=28761ffb-c138-42b7-a354-ffecf8db0b10
688d8792-829b-4c7c-8bea-468c76f8cfbe,play_store,IN,Lalita Bansal,1,,very expensive site to buy,2026-07-18T04:28:51.510Z,0,18.9.3,https://play.google.com/store/apps/details?id=com.grofers.customerapp&reviewId=688d8792-829b-4c7c-8bea-468c76f8cfbe
71ed0795-4799-467b-ab0b-3a9f872daf0a,play_store,IN,KARM RAJ,1,,Return not allowed this app.,2026-07-18T04:28:29.402Z,0,18.9.3,https://play.google.com/store/apps/details?id=com.grofers.customerapp&reviewId=71ed0795-4799-467b-ab0b-3a9f872daf0a
9fae662b-8a5e-4e0d-9b99-c240d4811eeb,play_store,IN,Shital Jambhulkar,5,,very good and excellent service 👍 nice app,2026-07-18T04:26:33.890Z,0,18.7.0,https://play.google.com/store/apps/details?id=com.grofers.customerapp&reviewId=9fae662b-8a5e-4e0d-9b99-c240d4811eeb
c7a82e46-2768-427b-aa02-870ae01c5dd8,play_store,IN,Trader Trading,1,,proper product not delivered,2026-07-18T04:25:07.350Z,0,18.9.3,https://play.google.com/store/apps/details?id=com.grofers.customerapp&reviewId=c7a82e46-2768-427b-aa02-870ae01c5dd8
398b9843-0ef2-46d7-9ccd-ad8630ef9594,play_store,IN,Poulami Chowdhury,5,,"Very good quality product i receive every time. I prefer blinkit , whenever I run out of time .thanks blinkit",2026-07-18T04:21:07.720Z,0,18.9.3,https://play.google.com/store/apps/details?id=com.grofers.customerapp&reviewId=398b9843-0ef2-46d7-9ccd-ad8630ef9594
29a5bd9c-94a1-4b67-bd27-9cba6fb8b602,play_store,IN,Ayaaz Malik,1,,if you received damaged item its your fault and you won't receive any kind of compensation according to this platform,2026-07-18T04:19:52.672Z,0,17.21.2,https://play.google.com/store/apps/details?id=com.grofers.customerapp&reviewId=29a5bd9c-94a1-4b67-bd27-9cba6fb8b602
a2a5cd3d-cce0-475d-bd3c-0a75fe42cbf9,play_store,IN,Sonam Rai,3,,All things on market price is available.,2026-07-18T04:13:59.633Z,0,18.3.0,https://play.google.com/store/apps/details?id=com.grofers.customerapp&reviewId=a2a5cd3d-cce0-475d-bd3c-0a75fe42cbf9
3c4607c9-036b-45fe-bf4c-01030fb3e9df,play_store,IN,Gauri Choudhari,1,,no veriety and costly items,2026-07-18T04:10:07.677Z,0,18.3.0,https://play.google.com/store/apps/details?id=com.grofers.customerapp&reviewId=3c4607c9-036b-45fe-bf4c-01030fb3e9df
56e7cdc0-5f10-4d6c-868c-d25a18c329b8,play_store,IN,RAJARSHI BHATTACHARYA,1,,due to mis handling maximum eggs are Brocken. poor delivery experience.,2026-07-18T04:07:56.824Z,0,18.9.3,https://play.google.com/store/apps/details?id=com.grofers.customerapp&reviewId=56e7cdc0-5f10-4d6c-868c-d25a18c329b8
5689e29a-88fc-408a-8124-c908f5716a8b,play_store,IN,Rahul Kumar Rahul,5,,it's too good and very helpful..,2026-07-18T04:06:46.611Z,0,18.7.0,https://play.google.com/store/apps/details?id=com.grofers.customerapp&reviewId=5689e29a-88fc-408a-8124-c908f5716a8b
047dcd18-b898-43bb-a343-0bd2280ed42b,play_store,IN,Imran,5,,Great app which saves my daily hassle.,2026-07-18T04:03:00.941Z,0,18.9.3,https://play.google.com/store/apps/details?id=com.grofers.customerapp&reviewId=047dcd18-b898-43bb-a343-0bd2280ed42b
9304e42f-8461-4b45-8350-f3238a12c119,play_store,IN,Norman Dsouza,4,,Dependable and fast service. Like it.,2026-07-18T04:02:47.936Z,0,18.9.3,https://play.google.com/store/apps/details?id=com.grofers.customerapp&reviewId=9304e42f-8461-4b45-8350-f3238a12c119
73c5fc45-c31a-4aa8-9446-576998424a46,play_store,IN,Zubair Shaikh,5,,very good service 💯,2026-07-18T03:59:20.360Z,0,18.9.3,https://play.google.com/store/apps/details?id=com.grofers.customerapp&reviewId=73c5fc45-c31a-4aa8-9446-576998424a46
fa1d44d9-ada3-440c-848b-c54efdede914,play_store,IN,Rose Roberts,1,,the Virtual assistant of this app is useless. they are unable to process any issue and neither do the app have an option to directly contact a human agent to resolve delivery issues. very bad experience.,2026-07-18T03:59:15.559Z,0,18.9.3,https://play.google.com/store/apps/details?id=com.grofers.customerapp&reviewId=fa1d44d9-ada3-440c-848b-c54efdede914
ad4e6dd9-cd98-4852-a977-1cf8119eeaca,play_store,IN,ankit goyal,2,,handling charge is a scam. product prices are more than other platforms.,2026-07-18T03:59:02.724Z,0,,https://play.google.com/store/apps/details?id=com.grofers.customerapp&reviewId=ad4e6dd9-cd98-4852-a977-1cf8119eeaca
2db966e5-cda5-4da6-becd-9ace6fba2765,play_store,IN,Devkinandan Sharma,5,,solid online shopping with time bound delivery,2026-07-18T03:58:13.214Z,0,,https://play.google.com/store/apps/details?id=com.grofers.customerapp&reviewId=2db966e5-cda5-4da6-becd-9ace6fba2765
157a3d19-4743-46e5-b313-8cfb7f14a9a1,play_store,IN,Dr.Vaishali Singh,2,,I wanted to change address which was 500km far away but there was no option of cancellation 😡😡😡😡😡😡,2026-07-18T03:55:00.837Z,0,18.9.3,https://play.google.com/store/apps/details?id=com.grofers.customerapp&reviewId=157a3d19-4743-46e5-b313-8cfb7f14a9a1
05db97e8-ba1d-414d-9bec-dae49aabd1f0,play_store,IN,Siddhartha Bose,5,,excellent service 👍🏿,2026-07-18T03:47:53.344Z,0,18.9.3,https://play.google.com/store/apps/details?id=com.grofers.customerapp&reviewId=05db97e8-ba1d-414d-9bec-dae49aabd1f0
5e7805a9-58f7-405b-8b95-346d24754b43,play_store,IN,nimit narula,1,,delivery time is more than expected,2026-07-18T03:47:32.703Z,0,18.7.0,https://play.google.com/store/apps/details?id=com.grofers.customerapp&reviewId=5e7805a9-58f7-405b-8b95-346d24754b43
47ba5d7c-f5bf-4404-8575-60a5c4eff79e,play_store,IN,D,1,,damaged products arrived . Amul masala chaas packaging damaged.pl exchange. earlier eggs half were rotten. no response to complain.,2026-07-18T03:45:30.242Z,0,18.7.0,https://play.google.com/store/apps/details?id=com.grofers.customerapp&reviewId=47ba5d7c-f5bf-4404-8575-60a5c4eff79e
2f8b3541-499f-43d7-bb98-94ff7253c091,play_store,IN,Rahul Choudhary,5,,best delivery platform ever,2026-07-18T03:45:23.628Z,0,18.13.0,https://play.google.com/store/apps/details?id=com.grofers.customerapp&reviewId=2f8b3541-499f-43d7-bb98-94ff7253c091
d00ad45b-a0ac-40d3-bbad-5de1116944a5,play_store,IN,Deepa Mitra,5,,Very useful......👍🏻😊It's really the last minutes app....,2026-07-18T03:45:21.387Z,0,18.9.3,https://play.google.com/store/apps/details?id=com.grofers.customerapp&reviewId=d00ad45b-a0ac-40d3-bbad-5de1116944a5
d91f1f97-9205-4f92-a444-9fc90f9b83d0,play_store,IN,Chandan Kumar,5,,Thanks a lot blinkit ❤️ for the first time I ordered medicines from blinkit and what surprised me is that it provides free doctor consultation.,2026-07-18T03:42:50.481Z,0,,https://play.google.com/store/apps/details?id=com.grofers.customerapp&reviewId=d91f1f97-9205-4f92-a444-9fc90f9b83d0
0d5acd41-48d8-426d-b580-3a33ddd73efb,play_store,IN,Salman Siddiqui,2,,no love for customer.,2026-07-18T03:41:34.409Z,0,,https://play.google.com/store/apps/details?id=com.grofers.customerapp&reviewId=0d5acd41-48d8-426d-b580-3a33ddd73efb
c3857dca-f863-4416-a607-ae0b759628de,play_store,IN,Kashish Sahu,4,,good app I appreciate this app I order so many orders all are comes good,2026-07-18T03:41:15.559Z,0,,https://play.google.com/store/apps/details?id=com.grofers.customerapp&reviewId=c3857dca-f863-4416-a607-ae0b759628de
35706f3f-66b0-43cb-b397-1552778354f8,play_store,IN,Aarti Singh,5,,"best service , fast delivery thanku blinkit ❤️🤗",2026-07-18T03:39:41.920Z,0,17.99.1,https://play.google.com/store/apps/details?id=com.grofers.customerapp&reviewId=35706f3f-66b0-43cb-b397-1552778354f8
cd31a1d5-c0fd-44b8-a176-e09a9bbed18b,play_store,IN,Aryan Shukla,1,,don't use the app it's a scam I ordered a dubstep squad m7 wired earphone and it has 7 days replacement and 6 month warrenty the same day I ordered i face the issue of reverse audio direction but the customer care team said that the issue is not viable or genuine and refused to give replacement. Anybody reading this comment it's my personel suggestion what is the point of ordering here when it use your money and don't give a damn about anything else I say save your money from this greedy app.,2026-07-18T03:30:12.860Z,1,14.10.0.3,https://play.google.com/store/apps/details?id=com.grofers.customerapp&reviewId=cd31a1d5-c0fd-44b8-a176-e09a9bbed18b
546717bc-62fa-45c7-93c0-f8d75b34195a,play_store,IN,Gaurav Malviya,5,,"very useful and helpful application, anyone can get things when they are unable to get by their self. thank you Blinkit team.",2026-07-18T03:28:36.648Z,0,17.71.2,https://play.google.com/store/apps/details?id=com.grofers.customerapp&reviewId=546717bc-62fa-45c7-93c0-f8d75b34195a
4f35b381-a919-49c4-aa20-17903da95eb4,play_store,IN,Soorya Sudhin,5,,More good... especially in the last minute shopping 🫡,2026-07-18T03:26:22.316Z,0,18.9.3,https://play.google.com/store/apps/details?id=com.grofers.customerapp&reviewId=4f35b381-a919-49c4-aa20-17903da95eb4
3cd56628-863e-4a27-9906-7a54ea5d7f55,play_store,IN,Naveen Singh,4,,"""The service is very good. Occasionally I receive a damaged item, but returns and refunds are processed promptly after I report the issue.""",2026-07-18T03:25:59.766Z,0,18.9.3,https://play.google.com/store/apps/details?id=com.grofers.customerapp&reviewId=3cd56628-863e-4a27-9906-7a54ea5d7f55
c25a4069-021b-40e7-a8fb-0ceadaddd629,play_store,IN,Puneet Mishra,1,,"product is unavailable after ordering it, what is this",2026-07-18T03:25:21.886Z,0,18.9.3,https://play.google.com/store/apps/details?id=com.grofers.customerapp&reviewId=c25a4069-021b-40e7-a8fb-0ceadaddd629
64a4453a-98d9-49aa-bfa5-48e7584541f3,play_store,IN,Anjali Singh,5,,great delivery process and great marketing strategy,2026-07-18T03:23:12.969Z,0,18.9.3,https://play.google.com/store/apps/details?id=com.grofers.customerapp&reviewId=64a4453a-98d9-49aa-bfa5-48e7584541f3
f1a0b105-a546-4e7b-a86c-33175c69f83e,play_store,IN,Dr Sanchita Pugazhendi,1,,It doesn't receive order from my address whereas neighbours receive order. App says area is unserviceable. I am not happy with Blinkit App. Pls check your serviceable area list.,2026-07-18T03:23:06.195Z,0,,https://play.google.com/store/apps/details?id=com.grofers.customerapp&reviewId=f1a0b105-a546-4e7b-a86c-33175c69f83e
9fb28eee-6fc7-4338-a8f2-e80162bcf6fe,play_store,IN,sapan kumar mukherjee,4,,"it is really useful all the time, especially in difficult moments of problems",2026-07-18T03:21:44.393Z,0,18.9.3,https://play.google.com/store/apps/details?id=com.grofers.customerapp&reviewId=9fb28eee-6fc7-4338-a8f2-e80162bcf6fe
36e8b656-9861-48bd-8c6f-71f646851930,play_store,IN,Miss Kavita,5,,awesome you are doing great job helping other keep doing it,2026-07-18T03:20:36.430Z,0,18.9.3,https://play.google.com/store/apps/details?id=com.grofers.customerapp&reviewId=36e8b656-9861-48bd-8c6f-71f646851930
d4cc8056-ecbc-446a-a409-f554e4bcdc89,play_store,IN,Manisha Lalli,5,,very faster service 🐕‍🦺,2026-07-18T03:15:56.260Z,0,18.9.3,https://play.google.com/store/apps/details?id=com.grofers.customerapp&reviewId=d4cc8056-ecbc-446a-a409-f554e4bcdc89
ef7122e0-dd80-438c-b99c-4eaac4cac261,play_store,IN,Gurpreet Singh,1,,There are a lot of issues when returning any product.,2026-07-18T03:13:50.297Z,0,18.9.3,https://play.google.com/store/apps/details?id=com.grofers.customerapp&reviewId=ef7122e0-dd80-438c-b99c-4eaac4cac261
af82ba47-cbe8-43f8-a494-35bc91575502,play_store,IN,Axmi Kumari,5,,greatest delivery app,2026-07-18T03:11:55.896Z,0,18.9.3,https://play.google.com/store/apps/details?id=com.grofers.customerapp&reviewId=af82ba47-cbe8-43f8-a494-35bc91575502
e2b1e7ab-0d76-4e83-9615-6787bdcda37d,play_store,IN,Akhilesh Chaudhari,4,,In cities the experience is better but it can be excellent if it's opened in towns also,2026-07-18T03:10:16.548Z,0,18.7.0,https://play.google.com/store/apps/details?id=com.grofers.customerapp&reviewId=e2b1e7ab-0d76-4e83-9615-6787bdcda37d
b54b835b-7358-404d-a9d3-14587725e94d,play_store,IN,Nikhil Kumar,4,,"this helps a lot in odd situation, thank blinkit😘",2026-07-18T03:07:24.422Z,0,18.9.3,https://play.google.com/store/apps/details?id=com.grofers.customerapp&reviewId=b54b835b-7358-404d-a9d3-14587725e94d
960715e9-77d3-4e78-8b4f-cbf89bbb9549,play_store,IN,Rajvant Giri,1,,Mera Paisa refund nahin Hai chor company hai,2026-07-18T03:06:07.707Z,0,,https://play.google.com/store/apps/details?id=com.grofers.customerapp&reviewId=960715e9-77d3-4e78-8b4f-cbf89bbb9549
37be6424-5630-456f-a834-66f5e7256315,play_store,IN,Asmita,4,,"it's a really good app for fast delivery and I like it alot ,I have been using blinkit to buy things recently and it's really helpful. But I won't give it a 4 star review cause it's not available in my area 😕 I have to purchase items when I am outside or at college,cause blinkit is not available in my area. So please do something",2026-07-18T03:04:58.936Z,0,17.99.1,https://play.google.com/store/apps/details?id=com.grofers.customerapp&reviewId=37be6424-5630-456f-a834-66f5e7256315
687af382-1a84-49d5-a8e7-5572c395b163,play_store,IN,shailesh ramoliya,1,,provide rotten items...very bad smell..after throwing in garbage they asked for live image,2026-07-18T03:03:49.925Z,0,18.9.3,https://play.google.com/store/apps/details?id=com.grofers.customerapp&reviewId=687af382-1a84-49d5-a8e7-5572c395b163
1ea861f9-7567-444e-853a-0d421ea28fac,play_store,IN,amie lubna,1,,everything is expensive. i ordered some groceries. the same things total is less than 600 at other platforms when I checked later but on blinkit it costed 900+. the only catch was it had a tag *organic on it. dammmmmm...n,2026-07-18T03:01:48.722Z,0,,https://play.google.com/store/apps/details?id=com.grofers.customerapp&reviewId=1ea861f9-7567-444e-853a-0d421ea28fac
bd81201b-a5f4-4e70-b680-661fd0b53dc4,play_store,IN,Shivam Kumar,5,,fast delivery and fresh items and good quality,2026-07-18T03:00:32.539Z,0,18.9.3,https://play.google.com/store/apps/details?id=com.grofers.customerapp&reviewId=bd81201b-a5f4-4e70-b680-661fd0b53dc4
4d0e00e5-722d-4c9b-ac51-f2152fc0c111,play_store,IN,Sk Yadav,5,,very good online marketing option,2026-07-18T02:58:27.653Z,0,18.3.0,https://play.google.com/store/apps/details?id=com.grofers.customerapp&reviewId=4d0e00e5-722d-4c9b-ac51-f2152fc0c111
7561b0f1-b911-4547-b35f-c50f915e8c19,play_store,IN,Nikhil Thota,3,,a humble request from blinkit to there are less items of man matters so please add more items related to man matters brand as soon as possible,2026-07-18T02:58:20.940Z,0,,https://play.google.com/store/apps/details?id=com.grofers.customerapp&reviewId=7561b0f1-b911-4547-b35f-c50f915e8c19
fdda0808-c471-486e-83bd-ee24fb2c1733,play_store,IN,The source,3,,the plastic used for packing is carelessness they are not planet friendly,2026-07-18T02:55:36.494Z,0,18.9.3,https://play.google.com/store/apps/details?id=com.grofers.customerapp&reviewId=fdda0808-c471-486e-83bd-ee24fb2c1733
02d2d033-4c6c-40bb-8dd2-83f9eae51549,play_store,IN,Kiran Rana,5,,.fast dilevery is soo good if you are not going outside ...,2026-07-18T02:54:05.577Z,0,18.9.3,https://play.google.com/store/apps/details?id=com.grofers.customerapp&reviewId=02d2d033-4c6c-40bb-8dd2-83f9eae51549
2e7f96e7-8a7a-451c-b1dd-99ad7965ad24,play_store,IN,Anmol Kumar,1,,fake app totally garbage all food expired too much rude behaviour for coustomer service,2026-07-18T02:45:55.891Z,0,,https://play.google.com/store/apps/details?id=com.grofers.customerapp&reviewId=2e7f96e7-8a7a-451c-b1dd-99ad7965ad24
55f377b2-4837-4578-920f-de11870ab997,play_store,IN,Saurav284 6,5,,Awesome always fresh milk i received through blinkit!,2026-07-18T02:39:08.507Z,0,18.9.3,https://play.google.com/store/apps/details?id=com.grofers.customerapp&reviewId=55f377b2-4837-4578-920f-de11870ab997
93c62fb6-2c50-42cf-b45c-fd5264ed1a5c,play_store,IN,Ayushman Chinara,1,,lemme cancel the orders unless it's dispatched bruv,2026-07-18T02:36:43.780Z,0,18.7.0,https://play.google.com/store/apps/details?id=com.grofers.customerapp&reviewId=93c62fb6-2c50-42cf-b45c-fd5264ed1a5c
2a821f24-0456-4920-bf33-8894c3133217,play_store,IN,Om Prakash Kumar,5,,nice and easy placing my order,2026-07-18T02:23:32.961Z,0,18.7.0,https://play.google.com/store/apps/details?id=com.grofers.customerapp&reviewId=2a821f24-0456-4920-bf33-8894c3133217
7952c408-5e7e-4e71-9ba3-1fe62c84f0b5,play_store,IN,Sarat Babu,1,,Worst worst worst....not to use this in my life time even if in the entire world only this app is available...half star,2026-07-18T02:22:13.140Z,0,16.57.2,https://play.google.com/store/apps/details?id=com.grofers.customerapp&reviewId=7952c408-5e7e-4e71-9ba3-1fe62c84f0b5
28bb65d8-d3b9-4e59-a773-3d3d8ab12b8c,play_store,IN,Moses Pandian,1,,medicine price very high no discount,2026-07-18T02:20:48.470Z,0,18.9.3,https://play.google.com/store/apps/details?id=com.grofers.customerapp&reviewId=28bb65d8-d3b9-4e59-a773-3d3d8ab12b8c
fd09869d-d81c-4fc9-96aa-d4585c45138b,play_store,IN,Garvit Gupta,1,,"Onions were missing from my order, but no refund was ever issued. Blinkit grievance redressal bluntly said everything was delivered. Refused to provide any concrete evidence such as CCTV footage of the packaging all items or the doorstep delivery photographs. These people have become so cheap that they have started stealing. Be cautious always make a video in the presence of their delivery partners to verify all items are being delivered to you or not. Shameless Blinkit",2026-07-18T02:17:55.279Z,0,18.9.3,https://play.google.com/store/apps/details?id=com.grofers.customerapp&reviewId=fd09869d-d81c-4fc9-96aa-d4585c45138b
1f7a550d-d419-4d65-9683-a1e69e10f631,play_store,IN,Anindya Rakshit,4,,Good Quality Products at reasonable prices. And Fast delivery!!,2026-07-18T02:14:17.368Z,0,17.97.3,https://play.google.com/store/apps/details?id=com.grofers.customerapp&reviewId=1f7a550d-d419-4d65-9683-a1e69e10f631
b164fc1e-bfd0-46bc-93fc-1a3467734303,play_store,IN,Amit Kr. Singh (Goamilu),5,,"good app for shopping and enjoying incredible service provided by blinkit. and also provide great Blinkit Ambulance service. facing issues by only warehouse members, they provide multiple times wrong items.",2026-07-18T02:12:10.811Z,0,18.7.0,https://play.google.com/store/apps/details?id=com.grofers.customerapp&reviewId=b164fc1e-bfd0-46bc-93fc-1a3467734303
da3fe2b2-6b52-4716-a87c-3230d05b18d3,play_store,IN,Zaid Musab,5,,it deliveres all correct items we ordered,2026-07-18T02:09:15.580Z,0,18.9.3,https://play.google.com/store/apps/details?id=com.grofers.customerapp&reviewId=da3fe2b2-6b52-4716-a87c-3230d05b18d3
4797ec75-6913-4555-9be6-fa9e633e83a6,play_store,IN,Prakash Kumar Mohanty,1,,"Very poor service, customer care is the worst. Many products are duplicate. I just had faced the issue",2026-07-18T02:04:30.357Z,0,18.9.3,https://play.google.com/store/apps/details?id=com.grofers.customerapp&reviewId=4797ec75-6913-4555-9be6-fa9e633e83a6
1a3f2adc-7d98-4117-9f92-27afe2702180,play_store,IN,Divyanshu rajput,1,,no cash on delivery at 7 am the aap is very bad 😠😠😠😠😠😠😠😠😠😠😠😠😠😠😠😠😠😠😠😠,2026-07-18T01:59:19.653Z,0,18.9.3,https://play.google.com/store/apps/details?id=com.grofers.customerapp&reviewId=1a3f2adc-7d98-4117-9f92-27afe2702180
0a6e5ea1-147a-4abe-addb-71cdf55a99b5,play_store,IN,Thuta Rakesh Kumar,5,,good and fast delivery and also good 24 hr help,2026-07-18T01:52:38.926Z,0,18.7.0,https://play.google.com/store/apps/details?id=com.grofers.customerapp&reviewId=0a6e5ea1-147a-4abe-addb-71cdf55a99b5
4eab887f-6081-4fef-9fa5-7f4ca657c683,play_store,IN,Vishal Verma,4,,too much costly product,2026-07-18T01:50:45.291Z,0,17.83.3,https://play.google.com/store/apps/details?id=com.grofers.customerapp&reviewId=4eab887f-6081-4fef-9fa5-7f4ca657c683
d502308c-99d0-4457-a5ce-09085027abde,play_store,IN,bulti naskar,5,,good app for groceries,2026-07-18T01:46:37.711Z,0,17.79.1,https://play.google.com/store/apps/details?id=com.grofers.customerapp&reviewId=d502308c-99d0-4457-a5ce-09085027abde
eb6b41ec-9a7d-4f95-80c9-60c7a05112fa,play_store,IN,Jukesh Jai,4,,I get good experience but something missing 👍,2026-07-18T01:45:01.616Z,0,18.7.0,https://play.google.com/store/apps/details?id=com.grofers.customerapp&reviewId=eb6b41ec-9a7d-4f95-80c9-60c7a05112fa
ad94c52b-ed54-42ae-b4d2-d4e7423a4a63,play_store,IN,Akhila Nair,5,,"the app is not lagging, the speed at which they come is very fast",2026-07-18T01:41:41.466Z,0,18.9.3,https://play.google.com/store/apps/details?id=com.grofers.customerapp&reviewId=ad94c52b-ed54-42ae-b4d2-d4e7423a4a63
dc09a537-15ea-45e9-94b1-4319606a5cc6,play_store,IN,Roopali Shinde,5,,"so convenient, easy and quick for a mother like me, thank you so much for existing 🫶🏻🤗 your app is very user friendly and easy to operate and I like the most is there is so much variety available in every category 👍🏻 i enjoy shopping here 🤗",2026-07-18T01:33:19.306Z,0,,https://play.google.com/store/apps/details?id=com.grofers.customerapp&reviewId=dc09a537-15ea-45e9-94b1-4319606a5cc6
7c1f15aa-1ae2-4223-b869-e2c50545f6f1,play_store,IN,Neeraj Kumar,2,,more price in delivery charge and product,2026-07-18T01:28:30.658Z,0,,https://play.google.com/store/apps/details?id=com.grofers.customerapp&reviewId=7c1f15aa-1ae2-4223-b869-e2c50545f6f1
8b967583-84c9-46c7-9fa3-5bc998311824,play_store,IN,N.hemima hemima,5,,no any choice just blinkit the items may be little expensive but if u need fresh the good choice is blinkit,2026-07-18T01:21:27.260Z,0,18.9.3,https://play.google.com/store/apps/details?id=com.grofers.customerapp&reviewId=8b967583-84c9-46c7-9fa3-5bc998311824
53b5336d-45f7-4e70-b88d-9019150bd74d,play_store,IN,Aziz Uddin,5,,Nice and Fast delivery,2026-07-18T01:13:27.614Z,0,18.9.3,https://play.google.com/store/apps/details?id=com.grofers.customerapp&reviewId=53b5336d-45f7-4e70-b88d-9019150bd74d
9c536f76-079e-4ecb-b9d0-3ca5de19f6a6,play_store,IN,arun kumar,5,,it is very well blinkit services for us,2026-07-18T00:53:09.744Z,0,18.13.0,https://play.google.com/store/apps/details?id=com.grofers.customerapp&reviewId=9c536f76-079e-4ecb-b9d0-3ca5de19f6a6
b46d9b65-c47a-461c-b141-c868e51c85f5,play_store,IN,DARE N TRUTH मेरे मन की बतियां,1,,कल रात को जो भी प्रोडक्ट खरीदे उन सबका जब मैनें टोटल किया क्यो कि मुझे जिलेट रेजर पर 400रूपये का स्पेशल आफर मिला था मैनें एड भी किया था पर आया नहीं तो मैनें आज पहली बार जब बिल् मे लिखे अमाउंट को जोडा तो टोटल 2569आ रहा है और आपकी ऐप पर टोटल 2623आ रहा है जिस पर कि हम सभी कस्टमरस विश्वास करते है और आन-लाइन पे कर देते हैं बिना चेक किये।20 रू मैंने टिप अलग से दी थी यह 54रू ज्यादा क्यों लिये हैं अब मुझे सब आर्डर का बिल चेक करना होगा कोई शिकायत हो तो किस से करे एक बार मंगाया कुछ था डिलीवर कुछ और किया,2026-07-17T23:36:30.463Z,1,18.9.3,https://play.google.com/store/apps/details?id=com.grofers.customerapp&reviewId=b46d9b65-c47a-461c-b141-c868e51c85f5
58430277-c6a9-4e72-a4ce-04d0e592caff,play_store,IN,AJAY DUBEY,1,,"Fynel was mixed with all the food items, soap, surf and fynel should be separately packeted, already mentioned what you expect what should I write here",2026-07-17T23:28:39.963Z,1,18.9.3,https://play.google.com/store/apps/details?id=com.grofers.customerapp&reviewId=58430277-c6a9-4e72-a4ce-04d0e592caff
27457ba4-777b-4b42-b531-712717033568,play_store,IN,Akbar Ali,5,,"Thank you Blinkit, you provided a free ambulance. Thank you once again.""",2026-07-17T21:31:42.354Z,0,18.9.3,https://play.google.com/store/apps/details?id=com.grofers.customerapp&reviewId=27457ba4-777b-4b42-b531-712717033568
52f9a88c-8b7f-49f2-a3f9-c290b5a546f0,play_store,IN,Saniya khan,1,,"I have submitted a complaint, and despite providing comprehensive photographic and video evidence of the damaged product, I have yet to receive a satisfactory response.",2026-07-17T21:19:33.209Z,1,18.9.3,https://play.google.com/store/apps/details?id=com.grofers.customerapp&reviewId=52f9a88c-8b7f-49f2-a3f9-c290b5a546f0
9d7ae89c-ce27-4816-9729-df2ce5844882,play_store,IN,Ali Jan,1,,delivery not possible this area,2026-07-17T20:52:44.834Z,1,18.9.3,https://play.google.com/store/apps/details?id=com.grofers.customerapp&reviewId=9d7ae89c-ce27-4816-9729-df2ce5844882
60360773-9242-49eb-b799-96d20ef56b19,play_store,IN,Rishi Jaiswal,5,,we really like your service too much but the extra handling and convenience charges are not fair all the time.,2026-07-17T20:25:10.660Z,0,18.9.3,https://play.google.com/store/apps/details?id=com.grofers.customerapp&reviewId=60360773-9242-49eb-b799-96d20ef56b19
f227179a-820a-4dc8-8039-c7447b3295e5,play_store,IN,Raju Paramanya,5,,mind blowing service 😙😁,2026-07-17T20:23:10.103Z,0,18.9.3,https://play.google.com/store/apps/details?id=com.grofers.customerapp&reviewId=f227179a-820a-4dc8-8039-c7447b3295e5
3fb5f5dd-64cd-4415-b9af-a06e55965ebe,play_store,IN,Imran Malik,5,,"best platform for all work,,, thanks 🙏 blinkit",2026-07-17T20:02:54.590Z,0,18.7.0,https://play.google.com/store/apps/details?id=com.grofers.customerapp&reviewId=3fb5f5dd-64cd-4415-b9af-a06e55965ebe
7c2ea8b1-d350-49f9-b817-781d1acb1110,play_store,IN,Sagar Kapoor,4,,"A very good alternative when you are unable to reach local marketplace or you have to purchase something urgently and you have less time. Packaging is satisfactory. Products are mostly good with rare exceptions in the electronics category. However, it is no doubt expensive and majority products are overpriced. All in all, a savior when it comes to ordering things within time constraints or when you are just feeling lazy to go out.",2026-07-17T19:55:17.424Z,0,17.95.4,https://play.google.com/store/apps/details?id=com.grofers.customerapp&reviewId=7c2ea8b1-d350-49f9-b817-781d1acb1110
226df329-ba6f-4102-9c52-6963e8590e62,play_store,IN,Nice Goyal,1,,worst service in hanumangarh,2026-07-17T19:53:48.360Z,1,18.9.3,https://play.google.com/store/apps/details?id=com.grofers.customerapp&reviewId=226df329-ba6f-4102-9c52-6963e8590e62
6e5539df-b9f6-4968-8a96-31e5257ddb7d,play_store,IN,Raja Kumar,5,,quality bahut badhiya tha,2026-07-17T19:52:19.990Z,0,18.9.3,https://play.google.com/store/apps/details?id=com.grofers.customerapp&reviewId=6e5539df-b9f6-4968-8a96-31e5257ddb7d
f2621b71-b73b-478d-a488-adf3bd4d8e35,play_store,IN,vincentina wallace,1,,"all the orders have started getting late for no particular reason, plus now days most of the delivery partners are young and rude.",2026-07-17T19:07:29.434Z,0,18.9.3,https://play.google.com/store/apps/details?id=com.grofers.customerapp&reviewId=f2621b71-b73b-478d-a488-adf3bd4d8e35
692840ba-0d41-4d58-9a6d-de73d4cd5245,play_store,IN,Rishi Soni,1,,"don't buy from them,they are started sending damaged and expired products",2026-07-17T19:07:28.613Z,0,18.9.3,https://play.google.com/store/apps/details?id=com.grofers.customerapp&reviewId=692840ba-0d41-4d58-9a6d-de73d4cd5245
14249696-e37c-4b0d-b51d-cdd64c19f444,play_store,IN,Hrishabh Omar,5,,awesome to use and quick delivery,2026-07-17T19:04:28.966Z,0,17.79.0,https://play.google.com/store/apps/details?id=com.grofers.customerapp&reviewId=14249696-e37c-4b0d-b51d-cdd64c19f444
d4ab0d65-a7d5-4b56-a660-30ce653a01e6,play_store,IN,Satvik Singh,5,,The Blinkit are really good. I loved the quality,2026-07-17T18:51:20.174Z,0,18.9.3,https://play.google.com/store/apps/details?id=com.grofers.customerapp&reviewId=d4ab0d65-a7d5-4b56-a660-30ce653a01e6
ac9cbb55-346c-4ed4-a9cf-c89289d66ba4,play_store,IN,Rozy Thakur,1,,maximum time sent damaged or wrong and missing order,2026-07-17T18:47:03.434Z,0,18.9.3,https://play.google.com/store/apps/details?id=com.grofers.customerapp&reviewId=ac9cbb55-346c-4ed4-a9cf-c89289d66ba4
4bcb775a-80ca-4bc2-98ef-80d2a3d9d59b,play_store,IN,Kushal Das,1,,late night service slow,2026-07-17T18:42:57.716Z,0,18.9.3,https://play.google.com/store/apps/details?id=com.grofers.customerapp&reviewId=4bcb775a-80ca-4bc2-98ef-80d2a3d9d59b
08eeec84-8c9c-4c8a-9a1d-978638f35e51,play_store,IN,nani gg,1,,two times my money scammed,2026-07-17T18:41:32.770Z,0,18.7.0,https://play.google.com/store/apps/details?id=com.grofers.customerapp&reviewId=08eeec84-8c9c-4c8a-9a1d-978638f35e51
43c07c7a-8455-4f7a-8b64-8494a9cd424c,play_store,IN,shivendra singh,1,,items not as per customer want,2026-07-17T18:31:33.329Z,0,18.9.3,https://play.google.com/store/apps/details?id=com.grofers.customerapp&reviewId=43c07c7a-8455-4f7a-8b64-8494a9cd424c
5cf449b0-0065-4492-924a-7d46d9334a18,play_store,IN,Sakshi Roy,5,,experience is quite good 😊,2026-07-17T18:26:08.422Z,0,18.9.3,https://play.google.com/store/apps/details?id=com.grofers.customerapp&reviewId=5cf449b0-0065-4492-924a-7d46d9334a18
21955c6d-ab0d-499c-bf9a-e4c6baa33200,play_store,IN,AS Developers,5,,please be on time & original items are good condion,2026-07-17T18:21:07.341Z,0,18.7.0,https://play.google.com/store/apps/details?id=com.grofers.customerapp&reviewId=21955c6d-ab0d-499c-bf9a-e4c6baa33200
843b37e2-7fbd-4b06-9a0f-369a6b679903,play_store,IN,SANTANU SARKAR,5,,very good service 😃😃😃😃😃,2026-07-17T18:18:26.678Z,0,18.7.0,https://play.google.com/store/apps/details?id=com.grofers.customerapp&reviewId=843b37e2-7fbd-4b06-9a0f-369a6b679903
8e294322-bc65-45c6-9cd2-fcdc48984a97,play_store,IN,rsnhr,5,,good cash on delivery at night 😉❤️,2026-07-17T18:17:31.318Z,0,18.3.0,https://play.google.com/store/apps/details?id=com.grofers.customerapp&reviewId=8e294322-bc65-45c6-9cd2-fcdc48984a97
a7ecd8d7-4efd-4e76-83ae-2e759694472f,play_store,IN,Vaidahi Patil,5,,perfect I love ❤️ it,2026-07-17T18:15:10.337Z,0,18.9.3,https://play.google.com/store/apps/details?id=com.grofers.customerapp&reviewId=a7ecd8d7-4efd-4e76-83ae-2e759694472f
f79df739-5fa3-4082-bdd4-17937773a2dd,play_store,IN,ADITYA,1,,"worst service, Always delay. No value for time. bhai jb nhi ho pa rha hai tb kyu delivery k liye promise kr rhe ho. Itni badi company ho gyi hai Time ki value kro.",2026-07-17T18:15:00.899Z,0,18.9.3,https://play.google.com/store/apps/details?id=com.grofers.customerapp&reviewId=f79df739-5fa3-4082-bdd4-17937773a2dd
a9fadc91-b678-4ab8-af0a-f045e6420d9d,play_store,IN,SANOJ PATEL,1,,blinkit is bad delivery,2026-07-17T18:13:10.471Z,0,18.9.3,https://play.google.com/store/apps/details?id=com.grofers.customerapp&reviewId=a9fadc91-b678-4ab8-af0a-f045e6420d9d
94c25672-fe89-4a0f-a1fb-092bd0aa6f37,play_store,IN,sriya rathnala,1,,rates High compared to zepto 100 % zepto bettr then blinkit don't use blinkit 👎🏻,2026-07-17T18:12:56.382Z,0,18.7.0,https://play.google.com/store/apps/details?id=com.grofers.customerapp&reviewId=94c25672-fe89-4a0f-a1fb-092bd0aa6f37
b9b41347-82a5-4365-ae24-b8d24f35927b,play_store,IN,Supad saran Sahu,4,,"I ordered pack of 3 chips , delivered quantity was only 2. Updating my review. The overall service and delivery experience were great. However, there is still room for improvement in order accuracy at the ground level to ensure every item is packed correctly. I hope Blinkit continues to improve this aspect and maintain its excellent service. Overall, a positive experience. Thank you!",2026-07-17T18:12:51.901Z,0,18.7.0,https://play.google.com/store/apps/details?id=com.grofers.customerapp&reviewId=b9b41347-82a5-4365-ae24-b8d24f35927b
8d7189ef-70e6-4f8b-9a3b-69de7c3c3092,play_store,IN,Rahul Sain,5,,veri nice blanket you are fast service,2026-07-17T18:12:03.545Z,0,18.9.3,https://play.google.com/store/apps/details?id=com.grofers.customerapp&reviewId=8d7189ef-70e6-4f8b-9a3b-69de7c3c3092
8c67276e-8e4e-42e0-a904-7181173311c1,play_store,IN,Hossana Ghumare,1,,very rude delivery partners,2026-07-17T18:08:56.582Z,0,18.9.3,https://play.google.com/store/apps/details?id=com.grofers.customerapp&reviewId=8c67276e-8e4e-42e0-a904-7181173311c1
c3ac8b6a-72cc-48b8-8fc0-23eadb058c7b,play_store,IN,Dixita Patel,1,,totally fraud and scam in your Blinkit application and item,2026-07-17T18:00:23.790Z,0,17.97.3,https://play.google.com/store/apps/details?id=com.grofers.customerapp&reviewId=c3ac8b6a-72cc-48b8-8fc0-23eadb058c7b
a932de3f-dc78-470a-b6af-d0767f17fa83,play_store,IN,Gulafsha Khan,5,,service is very good 👍,2026-07-17T17:58:17.214Z,0,,https://play.google.com/store/apps/details?id=com.grofers.customerapp&reviewId=a932de3f-dc78-470a-b6af-d0767f17fa83
c6934b1e-fe65-4770-ac2e-5a85b5f489a7,play_store,IN,Soumendra Ray,4,,delivery charge slight high,2026-07-17T17:57:15.797Z,0,18.7.0,https://play.google.com/store/apps/details?id=com.grofers.customerapp&reviewId=c6934b1e-fe65-4770-ac2e-5a85b5f489a7
8ff4a52f-0d43-4f04-954d-003856f47329,play_store,IN,Shubham burman,1,,there should not be a surcharge,2026-07-17T17:53:00.148Z,0,18.9.3,https://play.google.com/store/apps/details?id=com.grofers.customerapp&reviewId=8ff4a52f-0d43-4f04-954d-003856f47329
f6391540-5160-4ae3-8e1c-41a2c29bd491,play_store,IN,Divyanshu Kumar,5,,Awesome Service # bole to A++,2026-07-17T17:44:53.212Z,0,18.9.3,https://play.google.com/store/apps/details?id=com.grofers.customerapp&reviewId=f6391540-5160-4ae3-8e1c-41a2c29bd491
72918e05-79fe-4970-af3c-a5db6d6ed662,play_store,IN,Noushad Saifi,5,,it is a good app 🤩🥳🥳🥳🥳🥳🥳🥳🥳🥳🥳🥳🥳🥳🥳🥳😊😊😊😊😊😊😊😊😊😊😊😊😊😊☺️☺️☺️☺️☺️☺️☺️☺️☺️☺️☺️☺️☺️☺️☺️,2026-07-17T17:42:40.511Z,0,18.7.0,https://play.google.com/store/apps/details?id=com.grofers.customerapp&reviewId=72918e05-79fe-4970-af3c-a5db6d6ed662
601001b0-007c-4613-99b5-0427f2ccbc67,play_store,IN,Sugandha Kumari,5,,Best Last Minute App !!! i've orderd many things but Blinkit dosent disapoint me anytime,2026-07-17T17:41:53.484Z,0,18.9.3,https://play.google.com/store/apps/details?id=com.grofers.customerapp&reviewId=601001b0-007c-4613-99b5-0427f2ccbc67
7b7fcdba-4769-4876-bd90-5dcf59a05526,play_store,IN,Joy Chats,1,,poor....custome care doesnot pick up,2026-07-17T17:39:50.232Z,0,18.9.3,https://play.google.com/store/apps/details?id=com.grofers.customerapp&reviewId=7b7fcdba-4769-4876-bd90-5dcf59a05526
d5e7cf00-3e3f-4635-8dda-de5791da10b9,play_store,IN,Anand Deokate,5,,"fast Delivery, Pretty good service And perfect quality of products👍🏾🥰",2026-07-17T17:35:27.303Z,0,18.9.3,https://play.google.com/store/apps/details?id=com.grofers.customerapp&reviewId=d5e7cf00-3e3f-4635-8dda-de5791da10b9
a14ec261-7639-4cca-bff7-123bb6458f1d,play_store,IN,Dhritiman,2,,The app is good but the delivery service is very unprofessional the delivery guy pick up the call and started talking rubbish and hung up after then I call him again but no response.....,2026-07-17T17:33:30.768Z,0,18.9.3,https://play.google.com/store/apps/details?id=com.grofers.customerapp&reviewId=a14ec261-7639-4cca-bff7-123bb6458f1d
400d6758-1338-41ed-b9d2-13ef6762e00d,play_store,IN,NEERAJ JAIN,1,,delivery always delayed,2026-07-17T17:32:36.596Z,0,18.9.3,https://play.google.com/store/apps/details?id=com.grofers.customerapp&reviewId=400d6758-1338-41ed-b9d2-13ef6762e00d
550ca9ce-6933-44c5-a294-6421cdad601b,play_store,IN,Rafiya Sabugar,5,,very quick and good response from delivery partners,2026-07-17T17:30:42.561Z,0,18.9.3,https://play.google.com/store/apps/details?id=com.grofers.customerapp&reviewId=550ca9ce-6933-44c5-a294-6421cdad601b
f8ec2e0e-1109-4cab-8cb9-fa41c2b4091d,play_store,IN,Nishith Panchal,5,,online payment service not properly working,2026-07-17T17:29:50.970Z,0,18.9.3,https://play.google.com/store/apps/details?id=com.grofers.customerapp&reviewId=f8ec2e0e-1109-4cab-8cb9-fa41c2b4091d
35682d44-c086-4a12-8e5f-b0bfbe177ce1,play_store,IN,Pratima Pal,2,,they don't deliver at door step and the app say it's should deliver at doorstep so I don't like it to go outside and fetch up my delivery,2026-07-17T17:26:52.754Z,0,18.9.3,https://play.google.com/store/apps/details?id=com.grofers.customerapp&reviewId=35682d44-c086-4a12-8e5f-b0bfbe177ce1
162ba4ef-2c2f-474c-aaca-b1afc9286410,play_store,IN,SACRED CANVAS,1,,very poor customer service and doing fruads,2026-07-17T17:26:51.962Z,0,,https://play.google.com/store/apps/details?id=com.grofers.customerapp&reviewId=162ba4ef-2c2f-474c-aaca-b1afc9286410
81704dc0-82d8-4781-b305-87a1f1c0d07a,play_store,IN,Shivam Singh,1,,Bahot kharab rasan ka item ka quality deta ha,2026-07-17T17:25:20.830Z,0,18.7.0,https://play.google.com/store/apps/details?id=com.grofers.customerapp&reviewId=81704dc0-82d8-4781-b305-87a1f1c0d07a
560a1f1c-58f4-4901-8e28-46795aa666ff,play_store,IN,Singh Suresh,5,,very good blinkit this app is good product very good,2026-07-17T17:24:00.663Z,0,18.9.3,https://play.google.com/store/apps/details?id=com.grofers.customerapp&reviewId=560a1f1c-58f4-4901-8e28-46795aa666ff
075ec585-4e7b-4de1-937a-5ec493d785cd,play_store,IN,Rajeev Sharma,5,,apsolute cinime app ✋😎🤚,2026-07-17T17:23:33.550Z,0,18.7.0,https://play.google.com/store/apps/details?id=com.grofers.customerapp&reviewId=075ec585-4e7b-4de1-937a-5ec493d785cd
a26377f8-a025-4f0c-bfc4-f0b90b4c1012,play_store,IN,Sahil Pandey,5,,really amazing aap but it would be better if the address change is a bit easy. I faced the problem there. all in all I loved the experience,2026-07-17T17:20:35.197Z,0,18.9.3,https://play.google.com/store/apps/details?id=com.grofers.customerapp&reviewId=a26377f8-a025-4f0c-bfc4-f0b90b4c1012
ba048cea-2969-4926-b327-8e8e8bc20f86,play_store,IN,Nitin Rathod,1,,There are no guarantees for products genuine ness. kindly make sure while doing such orders due such instance it made me mentally harassed on that day as it took 3 hrs to convince the concierge that the product is not genuine.,2026-07-17T17:18:18.312Z,0,18.9.3,https://play.google.com/store/apps/details?id=com.grofers.customerapp&reviewId=ba048cea-2969-4926-b327-8e8e8bc20f86
0bed88d4-2054-4a87-aa91-68ab0012866a,play_store,IN,Perwez Malik,4,,I like app but product price is high as compare to real price otherwise I like so much it is very helpful,2026-07-17T17:17:54.961Z,0,18.7.0,https://play.google.com/store/apps/details?id=com.grofers.customerapp&reviewId=0bed88d4-2054-4a87-aa91-68ab0012866a
9b642a0d-ed2e-484d-95f9-c2e73df74cd6,play_store,IN,Nidhi Singh,5,,This app help ous to get something which we want in minutes it delivers orders in minutes but if you are thinking that delivery boy come on time in bad weather conditions then you are wrong. But I love this app services and behaviour because I am start using this app january 2025 but this app never disappoint me and you also Thank you,2026-07-17T17:11:22.397Z,0,18.9.3,https://play.google.com/store/apps/details?id=com.grofers.customerapp&reviewId=9b642a0d-ed2e-484d-95f9-c2e73df74cd6
e133730e-c139-49c1-aeb9-e7b0287823f6,play_store,IN,Patel Dudo,1,,the delivery boy is in fully drunken stage getting lot of alcohol smell from mouth and i want raise a complaint in blink it app but there no option in the app to complaint,2026-07-17T17:11:01.839Z,0,18.9.3,https://play.google.com/store/apps/details?id=com.grofers.customerapp&reviewId=e133730e-c139-49c1-aeb9-e7b0287823f6
a96a623b-bc96-4f39-9959-178a245bdb47,play_store,IN,Y_Z Gaming,5,,1000 star for blinkit ambulance they so supportive to India keep going.🙌🙌❤️‍🔥💯,2026-07-17T17:09:33.801Z,0,18.9.3,https://play.google.com/store/apps/details?id=com.grofers.customerapp&reviewId=a96a623b-bc96-4f39-9959-178a245bdb47
cde9eb36-057c-4a19-8e5b-1bd2397b94d1,play_store,IN,Arryan Rtk,5,,This app is very useful,2026-07-17T17:03:54.577Z,0,18.7.0,https://play.google.com/store/apps/details?id=com.grofers.customerapp&reviewId=cde9eb36-057c-4a19-8e5b-1bd2397b94d1
e7e44547-c840-4a15-a361-b3ae0d146563,play_store,IN,saurabh lakhotia,1,,they blindly deliver expired products..please check before consuming,2026-07-17T17:02:42.249Z,0,18.7.0,https://play.google.com/store/apps/details?id=com.grofers.customerapp&reviewId=e7e44547-c840-4a15-a361-b3ae0d146563
d639b0af-fc24-4513-9a0b-9f605e8ac7da,play_store,IN,Mohammed Sajith,1,,Always Unserviceable area,2026-07-17T16:58:04.165Z,0,,https://play.google.com/store/apps/details?id=com.grofers.customerapp&reviewId=d639b0af-fc24-4513-9a0b-9f605e8ac7da
c852da7a-1229-4211-80c6-888d377fc759,play_store,IN,S K,5,,Superfast Delivery of ordered products. I am delighted about quality & speed of the service.,2026-07-17T16:57:31.566Z,0,18.9.3,https://play.google.com/store/apps/details?id=com.grofers.customerapp&reviewId=c852da7a-1229-4211-80c6-888d377fc759
553ea307-2993-4be5-9dc8-0f2415e4920c,play_store,IN,Dipika Gupta,1,,delivery boy did not give my parcel even I paid online payment .,2026-07-17T16:50:34.226Z,0,18.9.3,https://play.google.com/store/apps/details?id=com.grofers.customerapp&reviewId=553ea307-2993-4be5-9dc8-0f2415e4920c
fe70aca5-1be2-4e9d-b285-206585150a6d,play_store,IN,Ram Dass,5,,best app service when u are stuck in the middle 😅. ngl everything in this app is amazing 🤩,2026-07-17T16:50:16.561Z,0,18.9.3,https://play.google.com/store/apps/details?id=com.grofers.customerapp&reviewId=fe70aca5-1be2-4e9d-b285-206585150a6d
92a8c9ad-3b04-487c-94ab-3b270072bb31,play_store,IN,Rahul Pillai,5,,Better than all Insta delivery apps,2026-07-17T16:49:50.236Z,0,18.9.3,https://play.google.com/store/apps/details?id=com.grofers.customerapp&reviewId=92a8c9ad-3b04-487c-94ab-3b270072bb31
1b1794a7-18d7-4b0b-85e9-1e4a3b8a85f0,play_store,IN,Abdul Razzak,5,,blinkit is very useful and very nice online delivery app 😊,2026-07-17T16:49:12.831Z,0,,https://play.google.com/store/apps/details?id=com.grofers.customerapp&reviewId=1b1794a7-18d7-4b0b-85e9-1e4a3b8a85f0
609480e0-9446-4b5b-b69b-a28cbd63ecc6,play_store,IN,Atharv Kadam,5,,nice but powerfull experience,2026-07-17T16:48:52.849Z,0,,https://play.google.com/store/apps/details?id=com.grofers.customerapp&reviewId=609480e0-9446-4b5b-b69b-a28cbd63ecc6
c26a53a5-a544-43c7-b227-f1ee25350d2e,play_store,IN,__sudhan_shu_33,5,,I'm absolutely glad that I'm in peace.....,2026-07-17T16:47:11.213Z,0,18.9.3,https://play.google.com/store/apps/details?id=com.grofers.customerapp&reviewId=c26a53a5-a544-43c7-b227-f1ee25350d2e
1e8b3530-f6f1-467c-88f8-bfa2ac4fd245,play_store,IN,Aashu Abbas,1,,my experience is very bad products pricess are very high and delivery timing is so late I don't think so it's good and beneficial aap worst experience I will never use this app again in future there is no customer service facility if you face any kind of problems regarding order and delivery there is no customer service is available worst app I hate this app,2026-07-17T16:46:50.932Z,0,18.9.3,https://play.google.com/store/apps/details?id=com.grofers.customerapp&reviewId=1e8b3530-f6f1-467c-88f8-bfa2ac4fd245
078c422d-d9e3-4dfb-bab7-ed3bd837c543,play_store,IN,Amar Patil,1,,"ordered item and delivered is diff, agent also not helped",2026-07-17T16:41:31.540Z,0,18.9.3,https://play.google.com/store/apps/details?id=com.grofers.customerapp&reviewId=078c422d-d9e3-4dfb-bab7-ed3bd837c543
b0213460-b4f1-4966-9714-7d907ceee2ad,play_store,IN,Amit Agarwal,4,,give fast service and good thing but the problem is that the product are costly,2026-07-17T16:38:52.257Z,0,18.9.3,https://play.google.com/store/apps/details?id=com.grofers.customerapp&reviewId=b0213460-b4f1-4966-9714-7d907ceee2ad
ba2a5c23-73c3-4dd1-b505-02292bf108dc,play_store,IN,Gaus Inamdar,5,,best service before the time order in hand ☺️,2026-07-17T16:32:10.920Z,0,17.99.1,https://play.google.com/store/apps/details?id=com.grofers.customerapp&reviewId=ba2a5c23-73c3-4dd1-b505-02292bf108dc
36e43e76-ffba-4ecc-9d18-a8ca879ddcd4,play_store,IN,Irfana Jbeen,5,,best service ever 🙌,2026-07-17T16:31:19.265Z,0,18.9.3,https://play.google.com/store/apps/details?id=com.grofers.customerapp&reviewId=36e43e76-ffba-4ecc-9d18-a8ca879ddcd4
196471d3-0123-4474-b7fa-54bfc05b784a,play_store,IN,Akil Akil khan,5,,very good service i have left using another e commerce site because they delever my products very fast. I am very satisfied via blinkit and it's delever boy. my recommendation is you can order tenson free via this e commerce,2026-07-17T16:28:49.970Z,0,18.9.3,https://play.google.com/store/apps/details?id=com.grofers.customerapp&reviewId=196471d3-0123-4474-b7fa-54bfc05b784a
767d1969-8e15-4c1d-8800-87978b3883d4,play_store,IN,Deva Singh,4,,fast use app very good👍👍,2026-07-17T16:28:28.322Z,1,18.13.0,https://play.google.com/store/apps/details?id=com.grofers.customerapp&reviewId=767d1969-8e15-4c1d-8800-87978b3883d4
56806155-958f-42fa-9d34-d3e073ac7404,play_store,IN,Abhishek Yadav,5,,easy to oder and fast delivery,2026-07-17T16:28:26.496Z,0,18.9.3,https://play.google.com/store/apps/details?id=com.grofers.customerapp&reviewId=56806155-958f-42fa-9d34-d3e073ac7404
8e3c3eb0-685c-4d82-a477-128cd63a8625,play_store,IN,Deepak Kumar,5,,Good and easy survice,2026-07-17T16:28:07.497Z,0,18.7.0,https://play.google.com/store/apps/details?id=com.grofers.customerapp&reviewId=8e3c3eb0-685c-4d82-a477-128cd63a8625
141f66b6-a1c4-49c3-b02e-9d64e31d4b1c,play_store,IN,Dylan Gonsalves,1,,"stop blinkit app, sending expired items and not receiving calls.",2026-07-17T16:26:44.573Z,0,18.9.3,https://play.google.com/store/apps/details?id=com.grofers.customerapp&reviewId=141f66b6-a1c4-49c3-b02e-9d64e31d4b1c
8b82bf91-6819-4e51-86c6-9827a6db3786,play_store,IN,Pooja Rane,5,,blinkit is amazing 😍,2026-07-17T16:26:33.260Z,0,18.9.3,https://play.google.com/store/apps/details?id=com.grofers.customerapp&reviewId=8b82bf91-6819-4e51-86c6-9827a6db3786
e8322cf8-0f25-4445-92f3-d3a3a957ee1f,play_store,IN,Preeti Dangwal,1,,"it didn't cancelled my order , very disappointed",2026-07-17T16:26:07.769Z,0,18.9.3,https://play.google.com/store/apps/details?id=com.grofers.customerapp&reviewId=e8322cf8-0f25-4445-92f3-d3a3a957ee1f
7a8e9254-7016-47f5-8f6c-2a9d0ab22227,play_store,IN,Arnav Sindhu,1,,"worst app ever i clearly recived the wrong product but they couldn't see the ""issue"" use instamart instead better that this and the support is just waste ot time dont order expensive things you might get scammed i hope this helps",2026-07-17T16:24:21.799Z,0,18.9.3,https://play.google.com/store/apps/details?id=com.grofers.customerapp&reviewId=7a8e9254-7016-47f5-8f6c-2a9d0ab22227
346bca5e-983f-4304-8c79-069b01d4cbde,play_store,IN,Shikha Atwal,4,,very good app..many gifting options also available here only but not much options for coupons,2026-07-17T16:23:32.270Z,0,,https://play.google.com/store/apps/details?id=com.grofers.customerapp&reviewId=346bca5e-983f-4304-8c79-069b01d4cbde
b7652bf5-9df2-42c6-8e0e-47f2730e1197,play_store,IN,manish singh,1,,blinkit is a really a bad app 😠,2026-07-17T16:23:01.910Z,0,,https://play.google.com/store/apps/details?id=com.grofers.customerapp&reviewId=b7652bf5-9df2-42c6-8e0e-47f2730e1197
b01d31d6-e117-49d9-8a22-55e8498e50c2,play_store,IN,Nishachandra Nishachandra,5,,समान खरीदो तुरंत मिल जाताहै,2026-07-17T16:22:20.912Z,0,17.87.0,https://play.google.com/store/apps/details?id=com.grofers.customerapp&reviewId=b01d31d6-e117-49d9-8a22-55e8498e50c2
ba7e334a-10f2-4c89-a5e0-fd54b3718052,play_store,IN,Laxmi Dry fruits,1,,very bad service do not trust with them,2026-07-17T16:19:29.443Z,0,,https://play.google.com/store/apps/details?id=com.grofers.customerapp&reviewId=ba7e334a-10f2-4c89-a5e0-fd54b3718052
5ad4c2d4-17ee-4e4d-9939-ab8cf3ec2590,play_store,IN,Ganesh Godhakiya,3,,Flipkart is not charging the high price and handling charge is not applicable.,2026-07-17T16:17:50.677Z,0,18.9.3,https://play.google.com/store/apps/details?id=com.grofers.customerapp&reviewId=5ad4c2d4-17ee-4e4d-9939-ab8cf3ec2590
67a79334-a748-4a9f-9d23-d7f500e75e37,play_store,IN,Meghal Kakar,5,,this app is good but they take minimum ₹200 item for free delivery and they handle it properly.,2026-07-17T16:15:17.265Z,0,18.7.0,https://play.google.com/store/apps/details?id=com.grofers.customerapp&reviewId=67a79334-a748-4a9f-9d23-d7f500e75e37
1ed0d471-ac28-4975-b04a-7c9400be57e3,play_store,IN,amit ranjan,1,,very worst service ever.,2026-07-17T16:14:57.360Z,0,18.9.3,https://play.google.com/store/apps/details?id=com.grofers.customerapp&reviewId=1ed0d471-ac28-4975-b04a-7c9400be57e3
022ff3ac-5116-4390-8005-334747878e59,play_store,IN,Miss Chaturvedi,4,,It's good to deliver fast but in policy of 10 min delivery please take care of delivery person .... order can be taken late but life of someone child is precious,2026-07-17T16:14:23.763Z,0,,https://play.google.com/store/apps/details?id=com.grofers.customerapp&reviewId=022ff3ac-5116-4390-8005-334747878e59
7fc47e5a-db92-45e5-a89d-8d71f80c141f,play_store,IN,Pratham Kumar,5,,excellent service by blinkit anytime anywhere and anything. I love blinkit.,2026-07-17T16:12:33.151Z,0,18.9.3,https://play.google.com/store/apps/details?id=com.grofers.customerapp&reviewId=7fc47e5a-db92-45e5-a89d-8d71f80c141f
c2cc4f17-03c8-4264-87c6-bbfebd5b59f1,play_store,IN,Payal Gandhi,5,,fast delivery and large choices of grocery,2026-07-17T16:09:41.166Z,0,18.9.3,https://play.google.com/store/apps/details?id=com.grofers.customerapp&reviewId=c2cc4f17-03c8-4264-87c6-bbfebd5b59f1
07e0fac6-fdb7-420e-84c8-0c3663b06796,play_store,IN,Mithilesh Anand,1,,blinkit is not available in my city how am I supposed to rate the app,2026-07-17T16:09:22.877Z,0,,https://play.google.com/store/apps/details?id=com.grofers.customerapp&reviewId=07e0fac6-fdb7-420e-84c8-0c3663b06796
f13eccd4-b921-477b-b299-ba851fb41e8f,play_store,IN,Dharamveersingh Panwar,5,,best online shopping aap over all world,2026-07-17T16:08:18.361Z,0,18.9.3,https://play.google.com/store/apps/details?id=com.grofers.customerapp&reviewId=f13eccd4-b921-477b-b299-ba851fb41e8f
a1086472-5b32-4094-9d91-3fe4b7314cf4,play_store,IN,Loverboy Aditya,1,,fraud company.... 20-20 ki chori krte hai yeh chor cancel pe....,2026-07-17T16:08:12.330Z,0,18.7.0,https://play.google.com/store/apps/details?id=com.grofers.customerapp&reviewId=a1086472-5b32-4094-9d91-3fe4b7314cf4
951c7248-c81b-49ff-a67a-27f04f0e5c08,play_store,IN,Singar Arup,3,,fast time use this application,2026-07-17T16:06:46.891Z,0,18.9.3,https://play.google.com/store/apps/details?id=com.grofers.customerapp&reviewId=951c7248-c81b-49ff-a67a-27f04f0e5c08
a8545d29-01a1-43ef-aa2f-b15270a89ca5,play_store,IN,Physio Av,1,,bad very bad experience no cc support .,2026-07-17T16:06:09.812Z,0,18.7.0,https://play.google.com/store/apps/details?id=com.grofers.customerapp&reviewId=a8545d29-01a1-43ef-aa2f-b15270a89ca5
7e939cd2-86dc-4d6a-8284-7682b358b7d5,play_store,IN,Manju Jharwal,4,,it is a good app and sometimes have good delivery boys and sometimes bad delivery boys but it is a good app it gets our item fast,2026-07-17T16:05:11.357Z,0,18.9.3,https://play.google.com/store/apps/details?id=com.grofers.customerapp&reviewId=7e939cd2-86dc-4d6a-8284-7682b358b7d5
42b99d6e-9bc0-4c44-bb83-8f0b8515930b,play_store,IN,Tanishq Jaiswal,3,,is time blinkit apne service pe dhayan nhi de raha hamesha sara order late aata h,2026-07-17T16:04:55.620Z,0,18.9.3,https://play.google.com/store/apps/details?id=com.grofers.customerapp&reviewId=42b99d6e-9bc0-4c44-bb83-8f0b8515930b
970d3686-5eff-47cc-a9c6-fda302953bb5,play_store,IN,Ayyer Vedu,5,,i like blinkit because blinkit provide very fast delivery,2026-07-17T16:00:33.267Z,0,18.3.0,https://play.google.com/store/apps/details?id=com.grofers.customerapp&reviewId=970d3686-5eff-47cc-a9c6-fda302953bb5
846ef5c6-63dd-48f0-898a-d7dac4ec7a9e,play_store,IN,Rashid Jung,5,,this app has fast delivery,2026-07-17T15:59:02.113Z,0,17.91.0,https://play.google.com/store/apps/details?id=com.grofers.customerapp&reviewId=846ef5c6-63dd-48f0-898a-d7dac4ec7a9e
79e1dc7a-7386-438a-a424-b74b8a8622fb,play_store,IN,Rajnesh Sharma,5,,I like this app but I have a problem 😕 that is the app is taking very high deliver tax please low the tax,2026-07-17T15:57:20.556Z,0,18.9.3,https://play.google.com/store/apps/details?id=com.grofers.customerapp&reviewId=79e1dc7a-7386-438a-a424-b74b8a8622fb
2d165c6d-7025-4d59-b2eb-7394b0af4337,play_store,IN,Manjesh Gupta,1,,worst app in terms of customer support,2026-07-17T15:55:39.798Z,0,18.9.3,https://play.google.com/store/apps/details?id=com.grofers.customerapp&reviewId=2d165c6d-7025-4d59-b2eb-7394b0af4337
2e48b0fa-864a-4592-ad69-4acf767527c8,play_store,IN,Jeevan Agrwal,5,,very good service 👍i m happy blinkit service,2026-07-17T15:55:07.217Z,0,18.9.3,https://play.google.com/store/apps/details?id=com.grofers.customerapp&reviewId=2e48b0fa-864a-4592-ad69-4acf767527c8
1c5b0e87-67b8-4afa-872e-de5019d7d495,play_store,IN,Bharath TP,1,,randomly changing prices,2026-07-17T15:52:22.752Z,0,18.9.3,https://play.google.com/store/apps/details?id=com.grofers.customerapp&reviewId=1c5b0e87-67b8-4afa-872e-de5019d7d495
cb524d74-9f79-4849-82a3-33f2f9af83f1,play_store,IN,Meenakshi Katyal,5,,delivery is very fast and always on time,2026-07-17T15:50:17.890Z,0,18.9.3,https://play.google.com/store/apps/details?id=com.grofers.customerapp&reviewId=cb524d74-9f79-4849-82a3-33f2f9af83f1
e353b55e-3480-4b82-aa77-3c71499d4965,play_store,IN,Divyanshi Mathpal,2,,expensive take extra money 😒,2026-07-17T15:46:48.400Z,1,18.7.0,https://play.google.com/store/apps/details?id=com.grofers.customerapp&reviewId=e353b55e-3480-4b82-aa77-3c71499d4965
e1a67101-c685-4b79-aad1-81affd2cd630,play_store,IN,Anti Home,5,,very nice delivery app,2026-07-17T15:46:36.412Z,0,18.9.3,https://play.google.com/store/apps/details?id=com.grofers.customerapp&reviewId=e1a67101-c685-4b79-aad1-81affd2cd630
a03c1a37-ff93-4418-b12d-a9d945fa3012,play_store,IN,Suhaas Kshirsagar,5,,nice app for products and food delivary in less time🙂🙂,2026-07-17T15:46:13.360Z,1,18.13.0,https://play.google.com/store/apps/details?id=com.grofers.customerapp&reviewId=a03c1a37-ff93-4418-b12d-a9d945fa3012
600426bb-b3ae-4d9e-91d3-56b92f75b907,play_store,IN,Rajni Gohil,5,,thanks blinkit for best delivery service.,2026-07-17T15:38:07.406Z,0,17.91.0,https://play.google.com/store/apps/details?id=com.grofers.customerapp&reviewId=600426bb-b3ae-4d9e-91d3-56b92f75b907
546fdc1d-a1e8-46dd-a3fd-6c398a74cd4f,play_store,IN,TECH WONDERED TV,5,,"i am very happy that in India Blinkit gives free services of ambulance. Our Government not giving us this type of opportunity but Blinkit,CAN 🙂",2026-07-17T15:37:58.465Z,0,18.9.3,https://play.google.com/store/apps/details?id=com.grofers.customerapp&reviewId=546fdc1d-a1e8-46dd-a3fd-6c398a74cd4f
1baa6940-2d76-4918-95bd-3a4b8b8934de,play_store,IN,sumit saini,5,,blinkit service is so awesome.,2026-07-17T15:36:21.182Z,0,18.9.3,https://play.google.com/store/apps/details?id=com.grofers.customerapp&reviewId=1baa6940-2d76-4918-95bd-3a4b8b8934de
5881e44c-13d5-4c82-aaac-ed1bdaea3fab,play_store,IN,saksham Kushwaha,1,,worst experience ever they don't refund replace or return it's just pathetic and over expensive for no reason at all it's better to use zepto or any other app than this,2026-07-17T15:34:40.220Z,0,18.9.3,https://play.google.com/store/apps/details?id=com.grofers.customerapp&reviewId=5881e44c-13d5-4c82-aaac-ed1bdaea3fab
8eb31e52-c6b3-4cc2-aa15-44d9b7e58133,play_store,IN,Herdev Singh,1,,"Blinkit cheated instead of American Corn they send indian Desi Corn , Also when I speak with their Customer service team they told Corn were not the part of Order",2026-07-17T15:33:26.633Z,0,18.9.3,https://play.google.com/store/apps/details?id=com.grofers.customerapp&reviewId=8eb31e52-c6b3-4cc2-aa15-44d9b7e58133
a5f15ce8-cdd8-434c-8232-d4a87dfcfad4,play_store,IN,Charu Mishra,5,,On time Delivery 😊👌👌,2026-07-17T15:33:03.147Z,0,18.9.3,https://play.google.com/store/apps/details?id=com.grofers.customerapp&reviewId=a5f15ce8-cdd8-434c-8232-d4a87dfcfad4
fa637877-b902-46bb-88e2-698d82fc3949,play_store,IN,Abhishek Kumar,1,,"Aaj 17 July 2026 Time 8:30 PM Maine kuch order Kiya Blinkit se total 178 rupees the. Maine Delivery wale bande ko 200 ka note diya Tabhi usne bola "" Bhai khulle do "" Sourav hai uss delivery partner ka naam. Bhai isme main aur kya khulle du. 200 mein se 178 kaatne hai bas. Inke pass 1 rupa tak khulla nahi hota. Agar Online payment hi receive karte hai toh Blinkit mein "" Cash on Delivery "" ka option kyu Diya hai ? Wo wapis chala gya aur mera order cancel kar diya. Really Terrible Service.",2026-07-17T15:32:40.539Z,0,18.9.3,https://play.google.com/store/apps/details?id=com.grofers.customerapp&reviewId=fa637877-b902-46bb-88e2-698d82fc3949
e5567804-3cb9-49b3-8a85-c8cafe3bb466,play_store,IN,Gurpartap Singh,5,,very nice app and fast delivery,2026-07-17T15:30:09.995Z,0,18.9.3,https://play.google.com/store/apps/details?id=com.grofers.customerapp&reviewId=e5567804-3cb9-49b3-8a85-c8cafe3bb466
49896fc7-e94f-4b71-8e06-2aa8b88d13b1,play_store,IN,Adarsh Negi,1,,I have ordered the green peas and the service was very slow and the peas were too rot and had a very bad smell,2026-07-17T15:29:32.719Z,0,,https://play.google.com/store/apps/details?id=com.grofers.customerapp&reviewId=49896fc7-e94f-4b71-8e06-2aa8b88d13b1
05941252-8285-4963-95e1-2e79a22f4b39,play_store,IN,SUMIT GULATI,1,,no returns for normal items. no support . always charges delivery and handling. pathetic. zepto is much much better,2026-07-17T15:27:30.139Z,0,17.51.1,https://play.google.com/store/apps/details?id=com.grofers.customerapp&reviewId=05941252-8285-4963-95e1-2e79a22f4b39
efc7e288-da61-47b1-bcc9-4e58f8c7b3b3,play_store,IN,NARESH K,4,,Good Service Support.,2026-07-17T15:23:24.731Z,0,18.7.0,https://play.google.com/store/apps/details?id=com.grofers.customerapp&reviewId=efc7e288-da61-47b1-bcc9-4e58f8c7b3b3
bb8fd3cf-59fe-44c7-a70e-915a1fcdea6d,play_store,IN,Brijraj Singh,1,,worst experience with costumer support,2026-07-17T15:21:23.727Z,0,,https://play.google.com/store/apps/details?id=com.grofers.customerapp&reviewId=bb8fd3cf-59fe-44c7-a70e-915a1fcdea6d
7ba8812f-1292-4be4-86c2-5b88ee56f9b2,play_store,IN,Bhawna Upadhayay,5,,very good service with fast delivery,2026-07-17T15:15:54.396Z,0,18.9.3,https://play.google.com/store/apps/details?id=com.grofers.customerapp&reviewId=7ba8812f-1292-4be4-86c2-5b88ee56f9b2
eae13191-ebef-428d-9001-4ca43ba5c086,play_store,IN,Sunny Walia,5,,"very well-done aap, wonderful",2026-07-17T15:15:30.513Z,0,18.9.3,https://play.google.com/store/apps/details?id=com.grofers.customerapp&reviewId=eae13191-ebef-428d-9001-4ca43ba5c086
ca19e50c-f14f-4bed-8037-0839e4ce6c83,play_store,IN,Kamini Vishwakarma,1,,The delivery charges are too high.,2026-07-17T15:14:10.433Z,0,18.7.0,https://play.google.com/store/apps/details?id=com.grofers.customerapp&reviewId=ca19e50c-f14f-4bed-8037-0839e4ce6c83
a2b07ac5-f8f2-4c9e-bd42-48238f9f3e49,play_store,IN,Janhavi Bengale,5,,"Fast delivery, absolutely love it my all time favourite",2026-07-17T15:12:04.482Z,0,18.7.0,https://play.google.com/store/apps/details?id=com.grofers.customerapp&reviewId=a2b07ac5-f8f2-4c9e-bd42-48238f9f3e49
418b6aa6-6af5-4252-8093-f9042ce09f7f,play_store,IN,Shiva Jyothi,5,,good service for everyone . very useful,2026-07-17T15:11:44.530Z,0,18.9.3,https://play.google.com/store/apps/details?id=com.grofers.customerapp&reviewId=418b6aa6-6af5-4252-8093-f9042ce09f7f
de2f444c-bf3b-4ce4-8a79-9207e13899ea,play_store,IN,Bhagyashree,1,,not a proper response from customer care,2026-07-17T15:07:27.692Z,0,18.7.0,https://play.google.com/store/apps/details?id=com.grofers.customerapp&reviewId=de2f444c-bf3b-4ce4-8a79-9207e13899ea
f8359259-8cab-47ff-b8a8-4bb936319279,play_store,IN,Dimple Singh,4,,it is good and fast but sometimes it make mistakes . 🙂,2026-07-17T15:04:38.124Z,0,18.9.3,https://play.google.com/store/apps/details?id=com.grofers.customerapp&reviewId=f8359259-8cab-47ff-b8a8-4bb936319279
0f27bda7-a9b1-4435-9d41-ef226cb011a0,play_store,IN,Somya sekhar Dash,5,,very good experience,2026-07-17T15:04:02.332Z,0,18.9.3,https://play.google.com/store/apps/details?id=com.grofers.customerapp&reviewId=0f27bda7-a9b1-4435-9d41-ef226cb011a0
6f72abfb-6b93-49e1-8f09-4b38f384953d,play_store,IN,ASHISH KASHYAP,5,,cold drink verry bad tast,2026-07-17T15:03:10.168Z,0,18.9.3,https://play.google.com/store/apps/details?id=com.grofers.customerapp&reviewId=6f72abfb-6b93-49e1-8f09-4b38f384953d
76fb8107-8800-44d4-bed0-310cde908237,play_store,IN,Ayasu Rai,2,,"sometimes it accepts my location and order get confirmed, but when order get dispatched it shows we do not deliver here at current time , and i can't access the app. It didn't open to track my order. sometimes I can order but mostly I can't place my order from my location. Please increase your delivery radius so it can cover my location. I hope you will consider me",2026-07-17T15:02:04.592Z,1,,https://play.google.com/store/apps/details?id=com.grofers.customerapp&reviewId=76fb8107-8800-44d4-bed0-310cde908237
b8778a6b-2b36-42de-8b88-441096ea73d0,play_store,IN,Aʀᴘɪᴛ,5,,it's very good and well app,2026-07-17T15:00:18.365Z,0,18.9.3,https://play.google.com/store/apps/details?id=com.grofers.customerapp&reviewId=b8778a6b-2b36-42de-8b88-441096ea73d0
b00a84a1-9f94-4131-a27c-9e581252bc39,play_store,IN,Debraj Biswas [Jadavpur University],5,,It's the Ronaldo of all quick commerce apps🐐🙌🏻,2026-07-17T14:58:53.863Z,0,18.9.3,https://play.google.com/store/apps/details?id=com.grofers.customerapp&reviewId=b00a84a1-9f94-4131-a27c-9e581252bc39
3d22d77f-61de-469f-8dea-3adecb591e25,play_store,IN,Patel Nisha,1,,delivery was fast. but I have issue with packaging of the whole order. your paper bag gets teared everytime until it reaches to my door. why am I supposed to pick up my ordered items from the floor. please improve your delivery paper bag quality.,2026-07-17T14:56:22.764Z,0,18.7.0,https://play.google.com/store/apps/details?id=com.grofers.customerapp&reviewId=3d22d77f-61de-469f-8dea-3adecb591e25
8fb3fe1d-36c6-4a4b-b8d0-ced3a7c7babe,play_store,IN,Saranya Somu,5,,Excellent job..getting things on time and effortlessly 🥰,2026-07-17T14:56:11.430Z,0,18.9.3,https://play.google.com/store/apps/details?id=com.grofers.customerapp&reviewId=8fb3fe1d-36c6-4a4b-b8d0-ced3a7c7babe
af0ba904-5374-4486-ba3e-c195c3958e8f,play_store,IN,Rahul Shivaji Rss,5,,very nice good app veri good app,2026-07-17T14:55:33.356Z,0,18.9.3,https://play.google.com/store/apps/details?id=com.grofers.customerapp&reviewId=af0ba904-5374-4486-ba3e-c195c3958e8f
6dc0fcd7-39e2-4b23-ba25-99956b0c342e,play_store,IN,Piyush Shah,1,,Not trustworthy. I will never buy in future from it.,2026-07-17T14:55:26.140Z,0,18.9.3,https://play.google.com/store/apps/details?id=com.grofers.customerapp&reviewId=6dc0fcd7-39e2-4b23-ba25-99956b0c342e
ca77b8ed-e84e-497a-87d0-2ebe00fad932,play_store,IN,Hasan Hasan,5,,very nice app delivery at doorstep,2026-07-17T14:55:22.616Z,0,18.7.0,https://play.google.com/store/apps/details?id=com.grofers.customerapp&reviewId=ca77b8ed-e84e-497a-87d0-2ebe00fad932
5528fc4f-d4d1-4aad-90ae-898f4fa6d449,play_store,IN,Om Shringari,4,,i use it quite frequently. good services.,2026-07-17T14:54:31.932Z,0,,https://play.google.com/store/apps/details?id=com.grofers.customerapp&reviewId=5528fc4f-d4d1-4aad-90ae-898f4fa6d449
258ec6fc-bf7a-4b71-bacb-c57e0136ca8d,play_store,IN,Rudra Narkar,5,,"I get almost of my most needed products at the time, and blink it provides fast delivery which i really appreciate. 5 STARS ✨",2026-07-17T14:52:10.224Z,0,18.9.3,https://play.google.com/store/apps/details?id=com.grofers.customerapp&reviewId=258ec6fc-bf7a-4b71-bacb-c57e0136ca8d
5d998a35-8589-458d-b20b-0603a10ce7e4,play_store,IN,Naman Bhan,1,,Replace policy ko jab genuinely implement kr loge tab download kr lunga dubara,2026-07-17T14:49:58.704Z,0,18.9.3,https://play.google.com/store/apps/details?id=com.grofers.customerapp&reviewId=5d998a35-8589-458d-b20b-0603a10ce7e4
35255be9-8c8e-409f-b48b-cc5380cbcd20,play_store,IN,Sanaparveen,5,,Too good and safe online shopping on Blinkit...,2026-07-17T14:49:52.661Z,0,18.9.3,https://play.google.com/store/apps/details?id=com.grofers.customerapp&reviewId=35255be9-8c8e-409f-b48b-cc5380cbcd20
96937b0b-34c2-4b34-bf14-fd919e423913,play_store,IN,Iman Kundu,5,,the delivery boys behaviour as well as the service was so good and the products also comes with good handling......,2026-07-17T14:49:05.167Z,0,,https://play.google.com/store/apps/details?id=com.grofers.customerapp&reviewId=96937b0b-34c2-4b34-bf14-fd919e423913
5921d36e-c825-440a-a528-523d6d13a85a,play_store,IN,Vivek Roy,5,,THANKU sir for free ambulance 🥰 . Jo kam Goverment ko karna chahiye wo aap log bhi kar rahe hai . thanku thanku thanku ❤️,2026-07-17T14:49:01.977Z,0,17.85.0,https://play.google.com/store/apps/details?id=com.grofers.customerapp&reviewId=5921d36e-c825-440a-a528-523d6d13a85a
13928fa7-937f-4b93-a224-a5d0385f1d33,play_store,IN,sourabh dagar,5,,"Great, now u increase ur reach to 3tier cities.",2026-07-17T14:46:59.610Z,0,18.9.3,https://play.google.com/store/apps/details?id=com.grofers.customerapp&reviewId=13928fa7-937f-4b93-a224-a5d0385f1d33
942cead2-463f-4422-8a7d-2634c6330662,play_store,IN,Sudharsan,5,,superrrr👍👍👍👍💥💥💥💥,2026-07-17T14:46:38.482Z,0,,https://play.google.com/store/apps/details?id=com.grofers.customerapp&reviewId=942cead2-463f-4422-8a7d-2634c6330662
11874a5e-ae5e-41d3-b7eb-4313136dbd45,play_store,IN,Mohmmad muneer Ahmed,5,,I'm using this application first time but I'm so happy,2026-07-17T14:46:16.400Z,0,18.9.3,https://play.google.com/store/apps/details?id=com.grofers.customerapp&reviewId=11874a5e-ae5e-41d3-b7eb-4313136dbd45
be3ba823-07c4-40b7-9544-7c49ee6e58d2,play_store,IN,DIPASHRI SHIRSAT,2,,rate is too much high.not affordable for middle class,2026-07-17T14:45:10.288Z,0,18.9.3,https://play.google.com/store/apps/details?id=com.grofers.customerapp&reviewId=be3ba823-07c4-40b7-9544-7c49ee6e58d2
962b0783-154b-4858-b87c-3976b5855ae9,play_store,IN,Saroj Bahukhandi,5,,best App ever for Delivery of everything,2026-07-17T14:44:59.301Z,0,18.9.3,https://play.google.com/store/apps/details?id=com.grofers.customerapp&reviewId=962b0783-154b-4858-b87c-3976b5855ae9
bf4b886d-6854-4fd8-a10f-c8b2c8b035bf,play_store,IN,Naheeda Khanum,5,,this app is amazing you order anything at anytime it will come as fast as it could be so very much helpful when you forget any homework supplies blinkit has everything it has to be rated as 5 star ⭐⭐⭐⭐ ⭐,2026-07-17T14:43:39.153Z,0,18.9.3,https://play.google.com/store/apps/details?id=com.grofers.customerapp&reviewId=bf4b886d-6854-4fd8-a10f-c8b2c8b035bf
fa2d492d-d96e-4911-bdd6-d341e8ae1ead,play_store,IN,Vani Vashishtha,5,,it make my work easy 😌 and give it Dorr to doorrrrrrrrrrr,2026-07-17T14:40:40.535Z,0,18.9.3,https://play.google.com/store/apps/details?id=com.grofers.customerapp&reviewId=fa2d492d-d96e-4911-bdd6-d341e8ae1ead
26fc75e0-afb2-4d1a-ac11-4aa549e6874a,play_store,IN,SAGAR GARG,1,,What kind of charge is this high demand surge charge?,2026-07-17T14:40:15.582Z,0,18.7.0,https://play.google.com/store/apps/details?id=com.grofers.customerapp&reviewId=26fc75e0-afb2-4d1a-ac11-4aa549e6874a
540feba6-0fe3-4f0c-b2c6-c016a33aaf74,play_store,IN,Pankaj Kulkarni,1,,being a regular customer for a long time now. this is probably the first time I requested a return. customer care says we are trying to help you but there's no option in the software. so we can't help you. what a shame. have uninstalled blikit,2026-07-17T14:39:56.500Z,0,18.9.3,https://play.google.com/store/apps/details?id=com.grofers.customerapp&reviewId=540feba6-0fe3-4f0c-b2c6-c016a33aaf74
c391c17c-2816-4b10-95ac-b0467ae86e69,play_store,IN,Pallav Dutta,1,,third class experience. I'm deleting blinkit app now,2026-07-17T14:39:47.140Z,1,18.13.0,https://play.google.com/store/apps/details?id=com.grofers.customerapp&reviewId=c391c17c-2816-4b10-95ac-b0467ae86e69
ee770ed5-8d93-48dd-a655-b0cf6b9ff3e6,play_store,IN,Subrata Kumar Chakraborty,5,,Dont know why it is in use,2026-07-17T14:38:10.880Z,0,,https://play.google.com/store/apps/details?id=com.grofers.customerapp&reviewId=ee770ed5-8d93-48dd-a655-b0cf6b9ff3e6
f9da23a0-02a8-4682-9825-bd1c2c72eae1,play_store,IN,R Hari,2,,Making fool of us by wrong commitments.,2026-07-17T14:38:00.166Z,0,18.9.3,https://play.google.com/store/apps/details?id=com.grofers.customerapp&reviewId=f9da23a0-02a8-4682-9825-bd1c2c72eae1
a3d649d7-adff-434f-9fbc-0ca868c8f1c4,play_store,IN,Abha Joshi,1,,the person didn't deliver the goods though I had pre paid for it,2026-07-17T14:34:03.862Z,0,18.9.3,https://play.google.com/store/apps/details?id=com.grofers.customerapp&reviewId=a3d649d7-adff-434f-9fbc-0ca868c8f1c4
78a189c9-14fe-4f15-8085-e745cd155487,play_store,IN,Ram Sunil,1,,"this app is such a fraud app, I am buying this app from past 3 years, delivering the broken eggs and for refund I need to fight for it, after multiple followe s is a joke.",2026-07-17T14:33:33.162Z,0,18.13.0,https://play.google.com/store/apps/details?id=com.grofers.customerapp&reviewId=78a189c9-14fe-4f15-8085-e745cd155487
78b13b30-aab4-4623-95d9-64c595f35cfc,play_store,IN,Anju Kumari,5,,this app delivers very fast any product under 20 minutes,2026-07-17T14:32:50.420Z,0,18.9.3,https://play.google.com/store/apps/details?id=com.grofers.customerapp&reviewId=78b13b30-aab4-4623-95d9-64c595f35cfc
8be08994-7bea-4b37-93fb-77df7daa7783,play_store,IN,Anil Kumar,1,,sorry.... I wish I could have zero or negative reviews for Blinkit..... it's not monopoly anymore in market....you can't cancel part of my order and deliver just one Limca costing 40 ruppes and for that you can't charge Rs 45 for delivery charge....,2026-07-17T14:31:25.104Z,0,,https://play.google.com/store/apps/details?id=com.grofers.customerapp&reviewId=8be08994-7bea-4b37-93fb-77df7daa7783
65c3c814-004c-4652-a2d2-6696a22b1689,play_store,IN,Pooja Balotia,5,,fast dilevery good quality product 👍👍👍👍,2026-07-17T14:30:04.100Z,0,18.7.0,https://play.google.com/store/apps/details?id=com.grofers.customerapp&reviewId=65c3c814-004c-4652-a2d2-6696a22b1689
049c04a3-0023-4ca1-ba60-40be2961e088,play_store,IN,Aayushi Chouksey,1,,I'm trying to contact your customer care but I can't I have placed two orders and suddenly app showing unavailable payment is already done...,2026-07-17T14:28:33.689Z,0,17.91.0,https://play.google.com/store/apps/details?id=com.grofers.customerapp&reviewId=049c04a3-0023-4ca1-ba60-40be2961e088
153bd390-3b38-40cd-8101-690d64350358,play_store,IN,Meena Rajendra,5,,I mean do I have to say...everyone already knows what blinking can do,2026-07-17T14:27:44.279Z,0,18.9.3,https://play.google.com/store/apps/details?id=com.grofers.customerapp&reviewId=153bd390-3b38-40cd-8101-690d64350358
80e42aa8-7ce5-425c-9714-a485d4db86ef,play_store,IN,Sipra Chatterjee,5,,Thoda rate jada hey but good,2026-07-17T14:25:03.190Z,0,17.99.1,https://play.google.com/store/apps/details?id=com.grofers.customerapp&reviewId=80e42aa8-7ce5-425c-9714-a485d4db86ef
b5e4135a-52e1-4d8d-baa5-6ce116e4f094,play_store,IN,SurajVlogs_ 89,5,,BLINK IT IS BEST FOR CITY..... MAI CHAHTA HU KI YE BLINKIT AB GAAON GAAON ME HO JAAYE Thanks,2026-07-17T14:23:06.829Z,0,18.7.0,https://play.google.com/store/apps/details?id=com.grofers.customerapp&reviewId=b5e4135a-52e1-4d8d-baa5-6ce116e4f094
2ce70c23-dcd5-4c08-94ed-47bc1d97984d,play_store,IN,SUDHANSHU NAND,5,,v good app for home delivery in the given time period,2026-07-17T14:21:11.558Z,0,18.9.3,https://play.google.com/store/apps/details?id=com.grofers.customerapp&reviewId=2ce70c23-dcd5-4c08-94ed-47bc1d97984d
e4f5cbbf-7afa-401d-9f3d-861e578e3a0f,play_store,IN,Vivek Kumar,1,,oh I have some payment related queries I have added 7some money in my blinkit wallet but not showing after 5 minute wha had happened to it . I a tryng t connet the custmer care but not yet get any soltion,2026-07-17T14:19:53.320Z,0,,https://play.google.com/store/apps/details?id=com.grofers.customerapp&reviewId=e4f5cbbf-7afa-401d-9f3d-861e578e3a0f
ab207398-7b42-406c-910a-87860cc56bf7,play_store,IN,Veena Singhania,4,,very good but not reciving free gifts,2026-07-17T14:19:29.910Z,0,18.9.3,https://play.google.com/store/apps/details?id=com.grofers.customerapp&reviewId=ab207398-7b42-406c-910a-87860cc56bf7
407b4a50-f4ab-4484-b1a4-987596e69b97,play_store,IN,PEsther Rani,4,,super and speed deliver ☺,2026-07-17T14:19:01.500Z,0,18.9.3,https://play.google.com/store/apps/details?id=com.grofers.customerapp&reviewId=407b4a50-f4ab-4484-b1a4-987596e69b97
0fa5be15-5f27-4238-a4a4-f81ae9d2eec4,play_store,IN,k XYZ,1,,too much delivery charges high charges on product compare to others also no discount offers available add the cart is product is also not available while choosing,2026-07-17T14:17:40.944Z,0,,https://play.google.com/store/apps/details?id=com.grofers.customerapp&reviewId=0fa5be15-5f27-4238-a4a4-f81ae9d2eec4
4585625c-2b2a-45aa-a8c3-98bdb238d010,play_store,IN,Nikhil Ade,5,,"One of the best example of quick e-commerce, The ambulance service is absolutely best.",2026-07-17T14:17:03.945Z,0,18.9.3,https://play.google.com/store/apps/details?id=com.grofers.customerapp&reviewId=4585625c-2b2a-45aa-a8c3-98bdb238d010
1aba802b-2838-49f7-adff-30ef6c9dffbd,play_store,IN,Amita Pandey,5,,It's superb everything in minutes. And the availability of products are awesome,2026-07-17T14:16:43.103Z,0,18.9.3,https://play.google.com/store/apps/details?id=com.grofers.customerapp&reviewId=1aba802b-2838-49f7-adff-30ef6c9dffbd
6dd64eee-c317-4ad0-9a6b-88c23e573edd,play_store,IN,Anu Chak,3,,some time it will take much time,2026-07-17T14:13:54.601Z,1,18.9.3,https://play.google.com/store/apps/details?id=com.grofers.customerapp&reviewId=6dd64eee-c317-4ad0-9a6b-88c23e573edd
9c187cfc-b8dc-411b-8cf8-8d9228d2e412,play_store,IN,SMART CHEERS2020,1,,handling charges in the name of free delivery,2026-07-17T14:10:57.889Z,0,18.7.0,https://play.google.com/store/apps/details?id=com.grofers.customerapp&reviewId=9c187cfc-b8dc-411b-8cf8-8d9228d2e412
308299d1-9daa-4521-b346-e92caac0a974,play_store,IN,Pratap Rana,2,,"I don't want to give this rating, but I feel I have to because Blinkit needs to improve a few things. Sometimes I receive expired products, which is completely unacceptable. Please make sure all products are checked before they are sent to customers. I also face location issues. Even though I have already saved my correct address, riders sometimes ask me to share my current location because the app shows a different location. This causes unnecessary delays and confusion. Please fix the locatio",2026-07-17T14:08:53.803Z,0,18.9.3,https://play.google.com/store/apps/details?id=com.grofers.customerapp&reviewId=308299d1-9daa-4521-b346-e92caac0a974
727dfcf0-597f-4150-8747-d05ee81384d5,play_store,IN,poonam joshi,5,,all good but price are over the MRP.,2026-07-17T14:06:49.521Z,0,18.7.0,https://play.google.com/store/apps/details?id=com.grofers.customerapp&reviewId=727dfcf0-597f-4150-8747-d05ee81384d5
b739423b-5429-45b9-9ca2-b4854fb5eee9,play_store,IN,EDITOR R K,1,,worst product delivery,2026-07-17T14:03:09.965Z,0,18.9.3,https://play.google.com/store/apps/details?id=com.grofers.customerapp&reviewId=b739423b-5429-45b9-9ca2-b4854fb5eee9
03998df0-b814-4d23-9366-42790248c697,play_store,IN,Vansh Sharma,5,,This app is amazing..,2026-07-17T14:01:33.104Z,0,18.9.3,https://play.google.com/store/apps/details?id=com.grofers.customerapp&reviewId=03998df0-b814-4d23-9366-42790248c697
c769f0e5-767b-4160-a225-0049c582fb4d,play_store,IN,venkatreddy tenali,5,,good and fast sarvice,2026-07-17T13:59:58.490Z,0,,https://play.google.com/store/apps/details?id=com.grofers.customerapp&reviewId=c769f0e5-767b-4160-a225-0049c582fb4d
653dc994-5c72-46ed-9576-b3fc1e2399d2,play_store,IN,Aarav Singla,3,,They lost the two stars because of their surge price. Some items are delivered without a carrybag though they charge Handling fee.,2026-07-17T13:58:10.330Z,1,18.9.3,https://play.google.com/store/apps/details?id=com.grofers.customerapp&reviewId=653dc994-5c72-46ed-9576-b3fc1e2399d2
1c7b2318-490b-443d-be07-f49a3e9d241f,play_store,IN,Pankaj Rana,5,,best service by blinkit..,2026-07-17T13:57:16.319Z,0,18.7.0,https://play.google.com/store/apps/details?id=com.grofers.customerapp&reviewId=1c7b2318-490b-443d-be07-f49a3e9d241f
ae3ba5f1-da53-4af6-80d2-d02f8ce7ab89,play_store,IN,bittu boss,1,,"Very disappointing experience with this app. I purchased the Fiama Shower Gel and Renee Lip Gloss under a Buy 1 Get 1 offer, but I received only one item. When I contacted customer support, the first representative assured me that I would receive a refund. However, after my call was transferred to another representative, I was told that neither a refund nor a return was possible. This is completely unacceptable. The customer service is inconsistent and unhelpful. I feel misled and cheated.",2026-07-17T13:55:29.864Z,0,18.9.3,https://play.google.com/store/apps/details?id=com.grofers.customerapp&reviewId=ae3ba5f1-da53-4af6-80d2-d02f8ce7ab89
1dcfee4a-e1b9-447a-ae26-a3d0f78cd8be,play_store,IN,Dr. Bhumika Bhave,5,,thank you Blinkit to came my City❤❤🥰,2026-07-17T13:54:45.909Z,0,18.9.3,https://play.google.com/store/apps/details?id=com.grofers.customerapp&reviewId=1dcfee4a-e1b9-447a-ae26-a3d0f78cd8be
7807b550-b798-4198-8d3f-8252a35624cf,play_store,IN,Niha Prasanna,3,,everything is ok but delivery feee is too much high it's better too goo offline shopping very upsetted,2026-07-17T13:54:42.804Z,0,,https://play.google.com/store/apps/details?id=com.grofers.customerapp&reviewId=7807b550-b798-4198-8d3f-8252a35624cf
8bfed4ff-e801-42a0-a9c1-76622c22f1c0,play_store,IN,Bibi Zohra,2,,not able to cancel order,2026-07-17T13:51:47.660Z,0,18.9.3,https://play.google.com/store/apps/details?id=com.grofers.customerapp&reviewId=8bfed4ff-e801-42a0-a9c1-76622c22f1c0
bcaffbfa-080e-4c20-b253-3b832413a513,play_store,IN,Tambe Akshay,5,,super fast service is blinkit,2026-07-17T13:49:48.318Z,0,18.9.3,https://play.google.com/store/apps/details?id=com.grofers.customerapp&reviewId=bcaffbfa-080e-4c20-b253-3b832413a513
5669345f-f5bb-4edd-9f76-bf8ebe8170c0,play_store,IN,Suresh Babu,1,,I usually get expired one i already registered complaint about the biscuits that I ordered last tym and there is no replace also even I will pay extra also I don't know whyy I feel the Blinkit is getting bad day by day please keep it up or ur business need to shut down completely,2026-07-17T13:47:22.211Z,0,18.9.3,https://play.google.com/store/apps/details?id=com.grofers.customerapp&reviewId=5669345f-f5bb-4edd-9f76-bf8ebe8170c0
792951f3-ff8f-4741-9d32-e96ed0701be8,play_store,IN,Kirti Soni,3,,nowadays this app takes more than 10 minutes,2026-07-17T13:46:56.860Z,0,18.9.3,https://play.google.com/store/apps/details?id=com.grofers.customerapp&reviewId=792951f3-ff8f-4741-9d32-e96ed0701be8
eb7599aa-f3f4-41bd-91b0-62883fd5ad90,play_store,IN,Manish Kumar,1,,"The delivery partner refused to walk to the 2nd floor, made a false allegation to cancel my order, and wrongfully charged me a Rs 20 cancellation fee. After contacting executive support, the issue was resolved, but I uninstalled the app. Who has the time for this nonsense?",2026-07-17T13:45:53.321Z,0,18.7.0,https://play.google.com/store/apps/details?id=com.grofers.customerapp&reviewId=eb7599aa-f3f4-41bd-91b0-62883fd5ad90
50a519af-c394-451f-9109-1628525c6965,play_store,IN,Abhinav Sharma,5,,Exactly what I am looking for in a Quick Commerce App.,2026-07-17T13:37:57.800Z,0,,https://play.google.com/store/apps/details?id=com.grofers.customerapp&reviewId=50a519af-c394-451f-9109-1628525c6965
906c7763-11fa-4ccf-8eb9-713fb7221baa,play_store,IN,chanchal Rani,1,,the call is not coming we have to guess. wether the parcel had came or not,2026-07-17T13:36:03.713Z,0,,https://play.google.com/store/apps/details?id=com.grofers.customerapp&reviewId=906c7763-11fa-4ccf-8eb9-713fb7221baa
3ccbc662-0eee-4f21-be97-28ff78d6b5cd,play_store,IN,Harshvardhan G.J Mohite,5,,very helpful and useful to we...,2026-07-17T13:35:34.997Z,0,18.9.3,https://play.google.com/store/apps/details?id=com.grofers.customerapp&reviewId=3ccbc662-0eee-4f21-be97-28ff78d6b5cd
d13d0d74-f770-4b70-99fc-cea634b46208,play_store,IN,Gagan singh Gandhi,5,,Very nice app and good for delivery in urgent and salute to them for free ambulance service 🙏,2026-07-17T13:35:29.694Z,0,18.9.3,https://play.google.com/store/apps/details?id=com.grofers.customerapp&reviewId=d13d0d74-f770-4b70-99fc-cea634b46208
92d2690c-ed4e-4f9f-b632-a8801c83a804,play_store,IN,AK S,1,,"please remove the need for wifi scanning, I keep it off for security reasons and to use your app it's compulsory required permission, zepto Swiggy Instamart Flipkart minutes and amazon minutes don't require it to function, don't make things difficult and unnecessary complicated told you many times to remove wifi scanning from your app",2026-07-17T13:32:56.777Z,1,18.9.3,https://play.google.com/store/apps/details?id=com.grofers.customerapp&reviewId=92d2690c-ed4e-4f9f-b632-a8801c83a804
f7ae6c54-c2d1-41ea-9a09-0eadfdef0e1b,play_store,IN,Digpal Singh,4,,they don't return any damaged goods.,2026-07-17T13:31:37.153Z,0,,https://play.google.com/store/apps/details?id=com.grofers.customerapp&reviewId=f7ae6c54-c2d1-41ea-9a09-0eadfdef0e1b
911d1e53-f292-45ce-bc6c-1222eaa26e35,play_store,IN,Devendra Jain,5,,good to see you in bhilwara. welcome,2026-07-17T13:25:43.354Z,0,18.9.3,https://play.google.com/store/apps/details?id=com.grofers.customerapp&reviewId=911d1e53-f292-45ce-bc6c-1222eaa26e35
89b63f2f-0c9c-4777-a0c3-c48ba7b729da,play_store,IN,Jeffery Rosemeyer,4,,Pretty good service and delivery.,2026-07-17T13:23:41.402Z,0,18.9.3,https://play.google.com/store/apps/details?id=com.grofers.customerapp&reviewId=89b63f2f-0c9c-4777-a0c3-c48ba7b729da
1b4b4a33-1f98-44bd-ad12-71dabd282eb8,play_store,IN,Siddhi Raut,4,,Slayyy 💅🏼 itz Gudd~,2026-07-17T13:20:06.831Z,0,18.9.3,https://play.google.com/store/apps/details?id=com.grofers.customerapp&reviewId=1b4b4a33-1f98-44bd-ad12-71dabd282eb8
5a0c52e9-0712-4897-b21d-8b3d598e61a9,play_store,IN,Lavkush,1,,free me kuch nhi milta,2026-07-17T13:19:49.760Z,0,18.7.0,https://play.google.com/store/apps/details?id=com.grofers.customerapp&reviewId=5a0c52e9-0712-4897-b21d-8b3d598e61a9
c29460d3-9c16-42e6-a7e3-252c7682ea5a,play_store,IN,Vivan Shekhawat,4,,costly but good service,2026-07-17T13:17:11.504Z,0,18.9.3,https://play.google.com/store/apps/details?id=com.grofers.customerapp&reviewId=c29460d3-9c16-42e6-a7e3-252c7682ea5a
81762205-4025-47f4-b16c-5ebb757674de,play_store,IN,Ajeet Pratap Singh,5,,"Better than Zepto,Give 10 minute ambulance God Bless to Owner,Clean UI,Good Prices,Large Segment of items,Never get Late on time,Easy replacement,Nice customer care go for it better than Zepto,big basket and others..",2026-07-17T13:16:58.620Z,0,18.7.0,https://play.google.com/store/apps/details?id=com.grofers.customerapp&reviewId=81762205-4025-47f4-b16c-5ebb757674de
995da6ea-1bd8-42b3-8001-ec71a13ebfc4,play_store,IN,Arjun Kesharwani,5,,best app for world 🥰🙏,2026-07-17T13:15:24.218Z,0,18.7.0,https://play.google.com/store/apps/details?id=com.grofers.customerapp&reviewId=995da6ea-1bd8-42b3-8001-ec71a13ebfc4
9d29eb2c-3b67-4dac-824c-c826c38acb48,play_store,IN,Somtirtho Sarkar,5,,liked their speed in delivery . and also how kind their delivery boys are they must get a raise in their percentage ..,2026-07-17T13:14:54.157Z,0,,https://play.google.com/store/apps/details?id=com.grofers.customerapp&reviewId=9d29eb2c-3b67-4dac-824c-c826c38acb48
e7ef8fd0-584d-47a8-9aa6-c7982e792626,play_store,IN,Munna Bhai,5,,great app and they help to exchange damaged product. nice app when you need urgently.,2026-07-17T13:13:20.310Z,0,,https://play.google.com/store/apps/details?id=com.grofers.customerapp&reviewId=e7ef8fd0-584d-47a8-9aa6-c7982e792626
c6114973-b1bb-4e62-acd8-236e7a623e8f,play_store,IN,Harish Patel,4,,fast service all needs product a avilable all time ⌚,2026-07-17T13:10:06.438Z,0,17.99.1,https://play.google.com/store/apps/details?id=com.grofers.customerapp&reviewId=c6114973-b1bb-4e62-acd8-236e7a623e8f
f38b02d0-6cf8-4d5b-b660-6f528f04a7f1,play_store,IN,Saurav Pal,1,,navigation is poor current location exact location se kaafi dur le ja raha tha fir change ka option nhi aa raha kai baar ho chuka hai,2026-07-17T13:06:21.915Z,0,18.7.0,https://play.google.com/store/apps/details?id=com.grofers.customerapp&reviewId=f38b02d0-6cf8-4d5b-b660-6f528f04a7f1
67565105-ea6c-4e10-af80-889edf1a43d4,play_store,IN,Sumer khan Violent,4,,No gift on first order 😭 ..................................,2026-07-17T13:02:01.463Z,0,18.9.3,https://play.google.com/store/apps/details?id=com.grofers.customerapp&reviewId=67565105-ea6c-4e10-af80-889edf1a43d4
6ce7fad0-630d-4394-8ccc-7b00f36e86ee,play_store,IN,govind singh,5,,"I love it, it takes awhile but worth it..",2026-07-17T13:01:37.154Z,0,18.9.3,https://play.google.com/store/apps/details?id=com.grofers.customerapp&reviewId=6ce7fad0-630d-4394-8ccc-7b00f36e86ee
4721b918-dd62-4c77-8ac1-39c0f7d6516c,play_store,IN,Shivani Bulla,5,,best only this app works at my location,2026-07-17T12:58:17.364Z,0,18.9.3,https://play.google.com/store/apps/details?id=com.grofers.customerapp&reviewId=4721b918-dd62-4c77-8ac1-39c0f7d6516c
21bbdec1-6d8c-4afc-98ad-a3ad302556a4,play_store,IN,Abhilasha Singh,5,,get whatever you want at home and easy to use,2026-07-17T12:57:23.875Z,0,18.9.3,https://play.google.com/store/apps/details?id=com.grofers.customerapp&reviewId=21bbdec1-6d8c-4afc-98ad-a3ad302556a4
4607cfbf-452c-4562-b8eb-f8cf9d3ab06e,play_store,IN,Amreen Malpara,5,,it's great app helped me every time in serious situation It's helpful,2026-07-17T12:57:08.437Z,0,18.9.3,https://play.google.com/store/apps/details?id=com.grofers.customerapp&reviewId=4607cfbf-452c-4562-b8eb-f8cf9d3ab06e
2de344d7-ee48-4daa-a7e0-ff5c9f0d41af,play_store,IN,Gour Sarkar,5,,Nice for first order,2026-07-17T12:55:29.751Z,0,18.9.3,https://play.google.com/store/apps/details?id=com.grofers.customerapp&reviewId=2de344d7-ee48-4daa-a7e0-ff5c9f0d41af
67b2fe45-49fc-4f8a-b625-81be23e736b6,play_store,IN,Ishant Malpe,5,,"most useful app , when we are in need",2026-07-17T12:53:47.700Z,0,18.9.3,https://play.google.com/store/apps/details?id=com.grofers.customerapp&reviewId=67b2fe45-49fc-4f8a-b625-81be23e736b6
bfed057d-fd90-40a2-9d07-0a22a422f698,play_store,IN,Vipandeep Kaur,1,,not last minute app at all. waiting time for delivery is more than 20 to 25 minutes. still got my orders late.,2026-07-17T12:53:45.782Z,0,18.9.3,https://play.google.com/store/apps/details?id=com.grofers.customerapp&reviewId=bfed057d-fd90-40a2-9d07-0a22a422f698
b30695f1-9541-465b-9625-32617b67fdb7,play_store,IN,Martin janish,1,,very worst quality products,2026-07-17T12:52:16.378Z,0,18.9.3,https://play.google.com/store/apps/details?id=com.grofers.customerapp&reviewId=b30695f1-9541-465b-9625-32617b67fdb7
14582129-c0af-4aa1-870c-37ed64fe5eed,play_store,IN,Esther Singh,5,,⭐⭐⭐⭐⭐ This app is incredibly helpful and always available whenever I need it. It has made so many everyday tasks much easier and saves me a lot of time. Thank you for creating such a useful app. Highly recommended.,2026-07-17T12:51:29.631Z,0,18.9.3,https://play.google.com/store/apps/details?id=com.grofers.customerapp&reviewId=14582129-c0af-4aa1-870c-37ed64fe5eed
6ee95575-b8f6-47c6-a1d2-72ba285cc3df,play_store,IN,Aayush Pathak,1,,worst app worst help,2026-07-17T12:50:51.743Z,0,,https://play.google.com/store/apps/details?id=com.grofers.customerapp&reviewId=6ee95575-b8f6-47c6-a1d2-72ba285cc3df
2d9511c9-3375-421d-b8bd-2217dbdf0489,play_store,IN,Sahil,3,,were the too many ads in this app?,2026-07-17T12:49:18.609Z,0,,https://play.google.com/store/apps/details?id=com.grofers.customerapp&reviewId=2d9511c9-3375-421d-b8bd-2217dbdf0489
d46f2509-40d9-4e78-a543-bffd8057ed73,play_store,IN,Anju Singh,5,,blinkit is a really good app,2026-07-17T12:46:59.800Z,0,18.9.3,https://play.google.com/store/apps/details?id=com.grofers.customerapp&reviewId=d46f2509-40d9-4e78-a543-bffd8057ed73
e0c380ab-fc5d-4c48-8595-0ec1314a5986,play_store,IN,Ratilal patil,1,,very very Bad.After buy defective product completed the return process they not refunded me my amount they give unusefull coupon which not for me..so don't buy any thing from Blinkit..if I give anything instead of money can Blinkit will accept..now I will file complaint in consumer court for this type of fraud,2026-07-17T12:43:58.889Z,0,18.9.3,https://play.google.com/store/apps/details?id=com.grofers.customerapp&reviewId=e0c380ab-fc5d-4c48-8595-0ec1314a5986
3f7eae77-e336-40a6-986d-892c23e32f8c,play_store,IN,Tauseef Ahmad,5,,blinkit joya उत्तर प्रदेश में भी होना chaiye,2026-07-17T12:40:54.556Z,0,18.7.0,https://play.google.com/store/apps/details?id=com.grofers.customerapp&reviewId=3f7eae77-e336-40a6-986d-892c23e32f8c
31f58d4b-410b-4487-b157-baf743ce230a,play_store,IN,Prakash Barala,1,,I have ask for something else but it send me else,2026-07-17T12:36:11.331Z,0,18.9.3,https://play.google.com/store/apps/details?id=com.grofers.customerapp&reviewId=31f58d4b-410b-4487-b157-baf743ce230a
72c1daa7-5af3-418a-95b8-0372b23580e8,play_store,IN,Aman,1,,Cant unselect to pay Tip in any possible way. I couldn't find this option to opt out. Un-installed.,2026-07-17T12:30:37.611Z,0,,https://play.google.com/store/apps/details?id=com.grofers.customerapp&reviewId=72c1daa7-5af3-418a-95b8-0372b23580e8
cd707357-6cc5-4dd7-947b-d1cb17bf8bd7,play_store,IN,shivam singhla,5,,"A blessing for small town dwellers, having access to wide variety of products under your fingertips that too within 20 minutes is just incredible",2026-07-17T12:29:21.450Z,0,,https://play.google.com/store/apps/details?id=com.grofers.customerapp&reviewId=cd707357-6cc5-4dd7-947b-d1cb17bf8bd7
33b06fa2-d93f-4233-8845-6a2180406515,play_store,IN,Khushi Kumari,1,,Nothing is available,2026-07-17T12:28:02.390Z,0,17.87.0,https://play.google.com/store/apps/details?id=com.grofers.customerapp&reviewId=33b06fa2-d93f-4233-8845-6a2180406515
c7782515-d131-4c40-9e0d-70db2b0d46c9,play_store,IN,Dosties Forever,5,,should give rain covered bags. paper bags tears in rainy seasons.,2026-07-17T12:26:30.190Z,0,17.97.2,https://play.google.com/store/apps/details?id=com.grofers.customerapp&reviewId=c7782515-d131-4c40-9e0d-70db2b0d46c9
2fed792d-dbc9-4d9a-8350-757fb46c96bc,play_store,IN,Seems Beghum,1,,bht ganda app hai dikhata kuch hai pr order kuch deta h or uske bd ye return bhi nhi krta👎👎👎👎👎👎,2026-07-17T12:24:36.657Z,0,,https://play.google.com/store/apps/details?id=com.grofers.customerapp&reviewId=2fed792d-dbc9-4d9a-8350-757fb46c96bc
e4fbc359-a13b-4062-ac06-1bc8b8e517c3,play_store,IN,Sne Yadav,1,,orders are not on time and no offer,2026-07-17T12:23:27.757Z,0,18.9.3,https://play.google.com/store/apps/details?id=com.grofers.customerapp&reviewId=e4fbc359-a13b-4062-ac06-1bc8b8e517c3
e595854e-4f78-4d3b-ad49-10a4dff1930b,play_store,IN,NIhilist,1,,The cancellation process is painful and the support guys ntentionally dragged the issue for 20 mins and did nothing. i had raised request for cancellation even before the orrder has been picked up and yet they dragged. the whole suppprt is scam.,2026-07-17T12:19:46.324Z,0,18.9.3,https://play.google.com/store/apps/details?id=com.grofers.customerapp&reviewId=e595854e-4f78-4d3b-ad49-10a4dff1930b
395a034f-8d5e-40a1-bf34-b2cdb72aa467,play_store,IN,Ankita Dutta,4,,"extremely good place for instant needs even though some products (for eg footballs) are sometime torn,expired ect.i would really like to inform blinkit to check their products before handing them to the delivery partner",2026-07-17T12:18:17.394Z,0,18.7.0,https://play.google.com/store/apps/details?id=com.grofers.customerapp&reviewId=395a034f-8d5e-40a1-bf34-b2cdb72aa467
ee4263ee-ef63-4932-84e7-b53083ff47ba,play_store,IN,Tamanna Mansuri,5,,best than other apps,2026-07-17T12:16:10.224Z,0,18.9.3,https://play.google.com/store/apps/details?id=com.grofers.customerapp&reviewId=ee4263ee-ef63-4932-84e7-b53083ff47ba
38f6e550-f84a-4ee0-ab9c-6b5dd84cd4e6,play_store,IN,Pooja Chugh,4,,the delivery partner behaviour is rude all over the products are good but staff not,2026-07-17T12:15:55.935Z,0,18.7.0,https://play.google.com/store/apps/details?id=com.grofers.customerapp&reviewId=38f6e550-f84a-4ee0-ab9c-6b5dd84cd4e6
65a48d2a-63d2-4ab8-8581-b96853b6158b,play_store,IN,Priyanka Singh,1,,they send me expired milk,2026-07-17T12:15:50.971Z,0,17.97.3,https://play.google.com/store/apps/details?id=com.grofers.customerapp&reviewId=65a48d2a-63d2-4ab8-8581-b96853b6158b
eb60c6c0-41dd-4e82-ad34-69f013ad7679,play_store,IN,Sonu Choudhary,4,,2 मिनट लेट बट सैफ ड्राइव,2026-07-17T12:10:11.904Z,0,18.9.3,https://play.google.com/store/apps/details?id=com.grofers.customerapp&reviewId=eb60c6c0-41dd-4e82-ad34-69f013ad7679
5cde0bd0-7787-48fb-b2f3-96b05b8afab7,play_store,IN,Pooja keshari,5,,"This is very good, you can get it at home in just 10 minutes.",2026-07-17T12:07:45.941Z,0,17.99.1,https://play.google.com/store/apps/details?id=com.grofers.customerapp&reviewId=5cde0bd0-7787-48fb-b2f3-96b05b8afab7
3bca2721-c4bb-4cdb-b631-51ee6ace0e67,play_store,IN,Rajni Bhardwaj,2,,refund policy is not good. they say refund is processed however you will never receive refund,2026-07-17T12:07:17.622Z,1,18.9.3,https://play.google.com/store/apps/details?id=com.grofers.customerapp&reviewId=3bca2721-c4bb-4cdb-b631-51ee6ace0e67
1d9713c2-401f-40f4-8000-bab9c3c66adc,play_store,IN,Pradyumna Kavatarapu,4,,Fewer offers compared to Instamart and Big Basket but has stock more consistently.,2026-07-17T12:05:15.860Z,0,18.9.3,https://play.google.com/store/apps/details?id=com.grofers.customerapp&reviewId=1d9713c2-401f-40f4-8000-bab9c3c66adc
d5fb400a-2e7c-4455-822a-7c4f1d0d6253,play_store,IN,ZOYA Princess,4,,"goodd app but never comes to correct, exact adress",2026-07-17T12:03:36.100Z,0,18.7.0,https://play.google.com/store/apps/details?id=com.grofers.customerapp&reviewId=d5fb400a-2e7c-4455-822a-7c4f1d0d6253
1d0bc31e-73de-4be9-943a-a5c82af118dc,play_store,IN,Ritu Rani,5,,"Such a great app support . I accidentally ordered wrong thing , but they refunded and I was able to return the product when it was out for delivery, 👍👍",2026-07-17T12:01:07.105Z,0,18.9.3,https://play.google.com/store/apps/details?id=com.grofers.customerapp&reviewId=1d0bc31e-73de-4be9-943a-a5c82af118dc
480c8542-5b32-4f6c-ac50-7e6064623aae,play_store,IN,Jahan Nusrath,1,,I have placed order on 22 june than I have cancelled that order they said that they'll charge cancellation charges of Rs.18 remaining amount will be credited to your UPI id within 4 to 5 days....still didn't get any refund... i have mailed also.....and same I have ask same through the app also....plz refund my money as soon as possible,2026-07-17T12:00:39.768Z,0,18.9.3,https://play.google.com/store/apps/details?id=com.grofers.customerapp&reviewId=480c8542-5b32-4f6c-ac50-7e6064623aae
63aac019-ffe3-4db9-a27e-5cb93933816c,play_store,IN,anne jk,5,,bang on on location unlike other apps..perfect delivery partners well mannered fast delivery...I am super happy so far...,2026-07-17T11:59:38.296Z,0,18.9.3,https://play.google.com/store/apps/details?id=com.grofers.customerapp&reviewId=63aac019-ffe3-4db9-a27e-5cb93933816c
bb756abe-2621-441d-972e-7149dc7b42ac,play_store,IN,Titiksha Gautam,5,,blinkit is the most useful and fastest aap because I Camper blinkit with other apps but blinkit win.and I used regular since 3years+ my family also use for anything what they want...love it l.BLINKIT iam your regular costumer 😄,2026-07-17T11:54:52.417Z,0,18.9.3,https://play.google.com/store/apps/details?id=com.grofers.customerapp&reviewId=bb756abe-2621-441d-972e-7149dc7b42ac
313d62c9-08bb-49e3-a9bf-9fb6bf23891f,play_store,IN,oshin khandelwal,1,,The parle g packet was open and one part of it was missing. the blinking bag was not sealed.,2026-07-17T11:50:47.705Z,0,18.7.0,https://play.google.com/store/apps/details?id=com.grofers.customerapp&reviewId=313d62c9-08bb-49e3-a9bf-9fb6bf23891f
aa79e542-866d-467c-ad86-88c96b5ab367,play_store,IN,sampath kumar,5,,"super, but desist from surge pricing like cab aggrgators",2026-07-17T11:48:57.758Z,0,18.9.3,https://play.google.com/store/apps/details?id=com.grofers.customerapp&reviewId=aa79e542-866d-467c-ad86-88c96b5ab367
0fcb6a9d-8945-4382-889d-eb0426596c5a,play_store,IN,manish solanki,5,,good service and all time,2026-07-17T11:46:17.478Z,0,18.9.3,https://play.google.com/store/apps/details?id=com.grofers.customerapp&reviewId=0fcb6a9d-8945-4382-889d-eb0426596c5a
d6b067ee-2a58-4110-8ec8-7f6a57aeb630,play_store,IN,Mohd. Roshan,1,,prepaid delivery takes too much time to deliver pl make sure to use cod.! trash I'm stuck.. blinkit says order will arrive in 8 min from past 27 mins L Blinkit,2026-07-17T11:44:36.631Z,0,18.9.3,https://play.google.com/store/apps/details?id=com.grofers.customerapp&reviewId=d6b067ee-2a58-4110-8ec8-7f6a57aeb630
4dcb208a-5646-4a2d-9c88-6b43e8f4114b,play_store,IN,deshraj singh,3,,Thoda sa Mahga hai kuch chije es par nahi milti hai,2026-07-17T11:42:32.640Z,0,18.7.0,https://play.google.com/store/apps/details?id=com.grofers.customerapp&reviewId=4dcb208a-5646-4a2d-9c88-6b43e8f4114b
4bf09377-3476-42f4-927a-00b88f40202e,play_store,IN,Nilu Afrin,5,,"It, delivers very fast and also has a very good quality of every item, but only some things are not in stock for a long time.",2026-07-17T11:40:10.360Z,0,18.9.3,https://play.google.com/store/apps/details?id=com.grofers.customerapp&reviewId=4bf09377-3476-42f4-927a-00b88f40202e
1edb98f5-503f-4f4c-b811-825a19788b65,play_store,IN,FF Gamer,3,,handling fee bad idea,2026-07-17T11:38:40.901Z,0,18.7.0,https://play.google.com/store/apps/details?id=com.grofers.customerapp&reviewId=1edb98f5-503f-4f4c-b811-825a19788b65
82729b00-df72-4812-80f6-5886486e2d03,play_store,IN,Faizan Akhtar,5,,Best app for the lazy one 😁,2026-07-17T11:33:42.805Z,0,18.9.3,https://play.google.com/store/apps/details?id=com.grofers.customerapp&reviewId=82729b00-df72-4812-80f6-5886486e2d03
efa1e713-ff99-4178-90c1-5b4918958f3a,play_store,IN,Lavanya Saini,1,,my parcel didn't arrived properly,2026-07-17T11:33:36.100Z,0,18.9.2,https://play.google.com/store/apps/details?id=com.grofers.customerapp&reviewId=efa1e713-ff99-4178-90c1-5b4918958f3a
86333e06-2d69-4fbd-98a1-70e463d16df5,play_store,IN,Kritika Gupta,2,,Rate is high and rider don't have change.pl work on it .some item which was received earlier not up to the mark.too dirty,2026-07-17T11:31:10.563Z,0,18.9.3,https://play.google.com/store/apps/details?id=com.grofers.customerapp&reviewId=86333e06-2d69-4fbd-98a1-70e463d16df5
7066f50c-92b5-476b-b9ad-f36a407967b9,play_store,IN,Suman Suryawanshi,5,,only equry is not resolved,2026-07-17T11:30:48.678Z,0,,https://play.google.com/store/apps/details?id=com.grofers.customerapp&reviewId=7066f50c-92b5-476b-b9ad-f36a407967b9
ede7cd10-366a-43fe-a043-42dbb8f14255,play_store,IN,Sawdah Sawdah,5,,"Amazing app,order arrives in minutes and well packed",2026-07-17T11:29:58.405Z,0,,https://play.google.com/store/apps/details?id=com.grofers.customerapp&reviewId=ede7cd10-366a-43fe-a043-42dbb8f14255
ac976e35-c245-47d6-8cda-0898a9b3393f,play_store,IN,Sahil Md,3,,this app was very nice 👍,2026-07-17T11:29:17.221Z,1,18.9.3,https://play.google.com/store/apps/details?id=com.grofers.customerapp&reviewId=ac976e35-c245-47d6-8cda-0898a9b3393f
a056eb50-4c77-4581-8360-5e00c4cd488b,play_store,IN,Abhay Mittal,5,,The minimum order must be of Rs 99 without any delivery charges.,2026-07-17T11:28:20.220Z,0,18.9.3,https://play.google.com/store/apps/details?id=com.grofers.customerapp&reviewId=a056eb50-4c77-4581-8360-5e00c4cd488b
de3dde28-da13-4f8c-928d-d8c7d4e34968,play_store,IN,Sandip Paul,1,,Disgusting service by blinkit,2026-07-17T11:27:36.705Z,0,18.9.3,https://play.google.com/store/apps/details?id=com.grofers.customerapp&reviewId=de3dde28-da13-4f8c-928d-d8c7d4e34968
559eb0f9-fd0d-4982-8eac-d5a461f78e9c,play_store,IN,Hyper Inflation,5,,it's so good whenever I order from blinkit i so happy,2026-07-17T11:25:38.651Z,0,,https://play.google.com/store/apps/details?id=com.grofers.customerapp&reviewId=559eb0f9-fd0d-4982-8eac-d5a461f78e9c
269e61d4-5bc8-4ed6-8dd2-5c8a777c5c65,play_store,IN,Amrita,3,,nice but delivery charge oh my god,2026-07-17T11:23:03.366Z,0,18.7.0,https://play.google.com/store/apps/details?id=com.grofers.customerapp&reviewId=269e61d4-5bc8-4ed6-8dd2-5c8a777c5c65
f97fe3b1-0cea-497c-bb09-016fcc5b43c3,play_store,IN,Vishal Salunkhe,1,,I got a refund as promo code but there is no option to use it while placing another order.,2026-07-17T11:16:52.463Z,0,18.9.3,https://play.google.com/store/apps/details?id=com.grofers.customerapp&reviewId=f97fe3b1-0cea-497c-bb09-016fcc5b43c3
bcfd89d8-203f-401f-ade5-2d3e8c28b0f9,play_store,IN,Boipu Touthang,5,,Blink it is the most advancing commercial tools in India.. Thank you,2026-07-17T11:13:07.206Z,0,18.9.3,https://play.google.com/store/apps/details?id=com.grofers.customerapp&reviewId=bcfd89d8-203f-401f-ade5-2d3e8c28b0f9
503749b6-cc81-4917-888c-609af428a88c,play_store,IN,Phanimohan Nukala,1,,faced worst experience in delivering products,2026-07-17T11:04:56.665Z,0,17.83.3,https://play.google.com/store/apps/details?id=com.grofers.customerapp&reviewId=503749b6-cc81-4917-888c-609af428a88c
e33583cd-9541-4708-bd3e-94c5d5601db9,play_store,IN,ANUSHKA SINGH,4,,very good fast delivery but many item out of stock like minimalist oat extract face cleanser etc get in stock fast items,2026-07-17T11:03:03.977Z,0,18.9.3,https://play.google.com/store/apps/details?id=com.grofers.customerapp&reviewId=e33583cd-9541-4708-bd3e-94c5d5601db9
49af42a5-5cea-4a7f-a704-56fb70475ce6,play_store,IN,Shweta Pendiyal,5,,Fast Delievery And The Rate of The product is Valuable As Compare to others,2026-07-17T11:00:24.420Z,0,18.9.3,https://play.google.com/store/apps/details?id=com.grofers.customerapp&reviewId=49af42a5-5cea-4a7f-a704-56fb70475ce6
7388843e-46dd-4da5-82d7-89365ecb0971,play_store,IN,Yashir ahmad,5,,I am very happy 😊😊😊,2026-07-17T10:58:20.274Z,0,18.9.3,https://play.google.com/store/apps/details?id=com.grofers.customerapp&reviewId=7388843e-46dd-4da5-82d7-89365ecb0971
0a8e3efe-9c58-4812-8ce8-e4d79de8050e,play_store,IN,Sakshi Yadav,5,,amazing app for instant delivery...,2026-07-17T10:57:12.235Z,0,18.7.0,https://play.google.com/store/apps/details?id=com.grofers.customerapp&reviewId=0a8e3efe-9c58-4812-8ce8-e4d79de8050e
7e526d26-6de7-4aa3-a6db-d3b20af5e758,play_store,IN,MR SAMIM,5,,all things ar good but you have upgraded your live location it's showing another place pls change that into current location,2026-07-17T10:55:40.493Z,0,18.9.3,https://play.google.com/store/apps/details?id=com.grofers.customerapp&reviewId=7e526d26-6de7-4aa3-a6db-d3b20af5e758
ea76724b-4029-4d61-a8b7-c7d544a964cd,play_store,IN,Ravindar Jangra,3,,not everything is available that we need,2026-07-17T10:53:35.303Z,1,18.9.3,https://play.google.com/store/apps/details?id=com.grofers.customerapp&reviewId=ea76724b-4029-4d61-a8b7-c7d544a964cd
cd95cc78-4424-4b89-a6dc-dcf74d9a83e3,play_store,IN,Khushboo Jain,3,,there is no option for cancelling the order,2026-07-17T10:53:00.650Z,0,18.9.3,https://play.google.com/store/apps/details?id=com.grofers.customerapp&reviewId=cd95cc78-4424-4b89-a6dc-dcf74d9a83e3
469418d2-5034-4406-a550-08b6d2084e0c,play_store,IN,Anita Meena,5,,best app in get you products online in few minutes,2026-07-17T10:51:39.580Z,0,18.7.0,https://play.google.com/store/apps/details?id=com.grofers.customerapp&reviewId=469418d2-5034-4406-a550-08b6d2084e0c
42a4650f-9df1-4374-abbf-1d790caec22a,play_store,IN,Sumayah Noor,5,,the best service they give,2026-07-17T10:47:16.927Z,0,18.9.3,https://play.google.com/store/apps/details?id=com.grofers.customerapp&reviewId=42a4650f-9df1-4374-abbf-1d790caec22a
38852c46-5467-4b89-a306-16511c31a5b0,play_store,IN,ROOPA SHAH,2,,"certain things in my order was too small (tiny)contrary to the product shown in the app. Also, the price was differing when I opened the app again. Hope better products next time.",2026-07-17T10:47:10.913Z,0,18.9.3,https://play.google.com/store/apps/details?id=com.grofers.customerapp&reviewId=38852c46-5467-4b89-a306-16511c31a5b0
dbd17007-ca5c-4eb4-9aa3-cdcd7c8f563f,play_store,IN,Babulal Sahu,4,,it's amazing and keep delivery much more faster,2026-07-17T10:43:29.496Z,0,18.9.3,https://play.google.com/store/apps/details?id=com.grofers.customerapp&reviewId=dbd17007-ca5c-4eb4-9aa3-cdcd7c8f563f
c92e1883-2abc-4680-98f1-319b70d18f9d,play_store,IN,Vidya naresh,4,,"good service , and available all essential products..",2026-07-17T10:42:27.433Z,0,18.7.0,https://play.google.com/store/apps/details?id=com.grofers.customerapp&reviewId=c92e1883-2abc-4680-98f1-319b70d18f9d
afe61999-2818-4830-bf6c-53219ccb286b,play_store,IN,Sneha Hasija,1,,"I had ordered potatoes and got bad rotten ones so I placed a complaint. They replied to me that they will provide a coupon which I can use next time while placing my order to compensate for the bad quality potatoes, so I said ok. But neither the coupon was received and in fact the chats in which they said they will provide coupon was deleted from their side later on. very cheap behavior. Thank god that I had taken a screenshot of the chat abt the coupon think",2026-07-17T10:41:00.214Z,0,18.7.0,https://play.google.com/store/apps/details?id=com.grofers.customerapp&reviewId=afe61999-2818-4830-bf6c-53219ccb286b
0e8cd10f-e5d3-4ddb-9faa-5189b0576655,play_store,IN,Lavkush Mishra,5,,I hope the blinkit ambulance service will be applied in all delhi NCR region. after scussfully trial in gurgaon,2026-07-17T10:36:58.297Z,0,18.9.3,https://play.google.com/store/apps/details?id=com.grofers.customerapp&reviewId=0e8cd10f-e5d3-4ddb-9faa-5189b0576655
6eb689a9-8fbe-4793-81c4-da2398cfd384,play_store,IN,Pankaj Nandeshwar,5,,order comes before the time,2026-07-17T10:35:32.750Z,0,17.99.1,https://play.google.com/store/apps/details?id=com.grofers.customerapp&reviewId=6eb689a9-8fbe-4793-81c4-da2398cfd384
320eaa26-eac4-4e3a-9f90-2254fb5f0b01,play_store,IN,SOORAJ YADAV,1,,"I ordered boAt earbuds, but I received a fake Chinese product. I contacted customer support, and they told me to contact the brand. The brand then told me to contact the platform where I placed the order. I feel completely scammed",2026-07-17T10:34:58.702Z,0,18.9.3,https://play.google.com/store/apps/details?id=com.grofers.customerapp&reviewId=320eaa26-eac4-4e3a-9f90-2254fb5f0b01
5eb9d83f-595a-4e5f-a795-81da4e11da47,play_store,IN,Ajeet Kathat,5,,one of the best thank you for your ambulance 🚑 service 🙏🙏🙏 you are only person who cares us 😭,2026-07-17T10:28:59.615Z,0,18.9.3,https://play.google.com/store/apps/details?id=com.grofers.customerapp&reviewId=5eb9d83f-595a-4e5f-a795-81da4e11da47
11ba6e07-3d1b-4603-b06b-555ea1cd8dd8,play_store,IN,Varu,5,,It is a very good app and delivers items faster and neatly,2026-07-17T10:28:42.145Z,0,,https://play.google.com/store/apps/details?id=com.grofers.customerapp&reviewId=11ba6e07-3d1b-4603-b06b-555ea1cd8dd8
5178e61b-384c-4b05-aa97-7fdfa0d6bc26,play_store,IN,Fazil Hak,5,,best delivery app in world on 200 rupees order free delivery wow 👌 on item discounts 👌,2026-07-17T10:27:54.751Z,0,18.9.3,https://play.google.com/store/apps/details?id=com.grofers.customerapp&reviewId=5178e61b-384c-4b05-aa97-7fdfa0d6bc26
fb0187ea-c68b-4347-aa34-9f422c9640d3,play_store,IN,amulya Tadepalli,5,,ordering when items needed helped me to save time so I can focus on more important work as a student form going out to purchase items this helps me so I can complete the assigned tasks by college and at the same time helping my mum with the items needed at home,2026-07-17T10:23:01.801Z,0,,https://play.google.com/store/apps/details?id=com.grofers.customerapp&reviewId=fb0187ea-c68b-4347-aa34-9f422c9640d3
747f691e-5250-4862-87e3-1695636c7ca8,play_store,IN,Aryan kant,1,,the humans that work there are practically machines,2026-07-17T10:17:57.773Z,0,18.9.3,https://play.google.com/store/apps/details?id=com.grofers.customerapp&reviewId=747f691e-5250-4862-87e3-1695636c7ca8
e44295b2-b0da-4563-b3b5-f02434cdfa57,play_store,IN,Ranjeeta Kulkarni,5,,The parcels arrive neat and clean. The order also arrives between 10 to 20 minutes. Today I ordered milk of 1 litre it arrived in 11 minutes..,2026-07-17T10:16:02.177Z,0,18.7.0,https://play.google.com/store/apps/details?id=com.grofers.customerapp&reviewId=e44295b2-b0da-4563-b3b5-f02434cdfa57
e4505059-ab5e-4bac-9cbf-8d1706b0a371,play_store,IN,Atul Pandey,4,,there is no provision to cancel the order. there should be a grace period of at least a minute,2026-07-17T10:13:38.315Z,0,18.9.3,https://play.google.com/store/apps/details?id=com.grofers.customerapp&reviewId=e4505059-ab5e-4bac-9cbf-8d1706b0a371
f0a2b5d0-77b1-4805-a90b-62be9090f7d0,play_store,IN,Nanthu Nanthu,5,,very useful this app ❤️,2026-07-17T10:12:56.700Z,0,18.9.3,https://play.google.com/store/apps/details?id=com.grofers.customerapp&reviewId=f0a2b5d0-77b1-4805-a90b-62be9090f7d0
6eee3ebc-a0b6-41db-b1f9-b9acb3182e90,play_store,IN,Mohamed Swaleha B.K.,4,,good and timely delivery,2026-07-17T10:11:11.648Z,0,17.99.1,https://play.google.com/store/apps/details?id=com.grofers.customerapp&reviewId=6eee3ebc-a0b6-41db-b1f9-b9acb3182e90
62a69d4d-f81b-410a-87fb-a3d6bddd5af2,play_store,IN,Harsh Raj Shivansh,5,,thanks blinkit team🫠,2026-07-17T10:10:15.289Z,0,,https://play.google.com/store/apps/details?id=com.grofers.customerapp&reviewId=62a69d4d-f81b-410a-87fb-a3d6bddd5af2
19c3ec39-8497-4afb-9749-f45ad2bed7e5,play_store,IN,Sajitha Menon,5,,"I gave back an item that I had bought from blinkit today. To my pleasure, Blinkit refunded the amount within 5 minutes of the pickup. I am impressed😊👌..... ..",2026-07-17T10:06:09.616Z,0,18.9.3,https://play.google.com/store/apps/details?id=com.grofers.customerapp&reviewId=19c3ec39-8497-4afb-9749-f45ad2bed7e5
32f644a5-ff21-4a12-8806-76ef9b86649a,play_store,IN,Gagan raj,5,,❤️ever best app blinkit ❤️,2026-07-17T10:06:00.974Z,0,18.9.3,https://play.google.com/store/apps/details?id=com.grofers.customerapp&reviewId=32f644a5-ff21-4a12-8806-76ef9b86649a
28ca508e-2cb0-4e8b-867c-9f7b06424d96,play_store,IN,Manoj Thakur,5,,this aap was very past,2026-07-17T10:04:02.934Z,0,18.9.3,https://play.google.com/store/apps/details?id=com.grofers.customerapp&reviewId=28ca508e-2cb0-4e8b-867c-9f7b06424d96
0e38e097-bbee-4908-ab57-8606d3532724,play_store,IN,Panthati Akhil,1,,"Worst delivery, no response from blinkit team",2026-07-17T10:02:21.639Z,0,18.9.3,https://play.google.com/store/apps/details?id=com.grofers.customerapp&reviewId=0e38e097-bbee-4908-ab57-8606d3532724
b6f273f7-494a-4bbb-807f-89668ea74502,play_store,IN,Arbiya Arbiya a,1,,one of the worst service they provide I just ordered one perfume they give offer buy one get one free but they send single piece i contact customer department they also not respond and not return my order,2026-07-17T10:00:28.847Z,0,18.9.3,https://play.google.com/store/apps/details?id=com.grofers.customerapp&reviewId=b6f273f7-494a-4bbb-807f-89668ea74502
8cd190f5-b57c-4372-8198-15ba944be0c2,play_store,IN,Ajay Ajay,1,,offers ok but more prices shows than other apps,2026-07-17T09:59:14.370Z,0,18.7.0,https://play.google.com/store/apps/details?id=com.grofers.customerapp&reviewId=8cd190f5-b57c-4372-8198-15ba944be0c2
b6320bfa-03e4-4700-9161-eb5e8c3bc630,play_store,IN,Mega Traders,4,,superb service with smart pricing.,2026-07-17T09:58:25.639Z,0,18.7.0,https://play.google.com/store/apps/details?id=com.grofers.customerapp&reviewId=b6320bfa-03e4-4700-9161-eb5e8c3bc630
1df16f0f-d915-4ff6-b318-d13df0936871,play_store,IN,holiya Painkra,5,,thanx free ambulance,2026-07-17T09:56:30.671Z,0,,https://play.google.com/store/apps/details?id=com.grofers.customerapp&reviewId=1df16f0f-d915-4ff6-b318-d13df0936871
dabfa88a-0821-4bdd-bc58-d5e93295496d,play_store,IN,Nitu Kumari,4,,No any offer for new customer I am disappointed.,2026-07-17T09:55:38.993Z,0,18.9.3,https://play.google.com/store/apps/details?id=com.grofers.customerapp&reviewId=dabfa88a-0821-4bdd-bc58-d5e93295496d
80d50bc7-70c1-4fd1-a2a8-a932f2fef4c8,play_store,IN,Swapnali Sagalgile,1,,not refunded the money... very bad experience... be careful while buying milk...,2026-07-17T09:55:25.304Z,0,18.9.3,https://play.google.com/store/apps/details?id=com.grofers.customerapp&reviewId=80d50bc7-70c1-4fd1-a2a8-a932f2fef4c8
c5304b06-1541-40ad-81da-6e7d66606819,play_store,IN,Dav Purohit,1,,blinkit changed delivery partner which has nothing to deliver very sad our nearby dealer was excellent but this time not good next is log out bai why previous supplier changes and add new which is far away and products not quality,2026-07-17T09:53:53.939Z,0,,https://play.google.com/store/apps/details?id=com.grofers.customerapp&reviewId=c5304b06-1541-40ad-81da-6e7d66606819
39b044be-04dd-49fb-b864-2e222b2bb8bc,play_store,IN,Md Sameer,4,,very good app it will deliver ur things mera ur home and too fast ⏩ but their is one problem they don't have much change so if you are ordering some so please keep change otherwise it is too good app,2026-07-17T09:52:42.644Z,0,18.9.3,https://play.google.com/store/apps/details?id=com.grofers.customerapp&reviewId=39b044be-04dd-49fb-b864-2e222b2bb8bc
c3b6cca2-9f4c-4c79-a009-6f8d981fae92,play_store,IN,Gnanadeep .S,5,,on time delivery Blinkit Good,2026-07-17T09:52:29.120Z,0,18.9.3,https://play.google.com/store/apps/details?id=com.grofers.customerapp&reviewId=c3b6cca2-9f4c-4c79-a009-6f8d981fae92
0caf9855-adea-497e-a871-f309e0a7a230,play_store,IN,Shreshtha Biswas,4,,good need more discount as amazon Flipkart etc,2026-07-17T09:48:36.482Z,0,18.7.0,https://play.google.com/store/apps/details?id=com.grofers.customerapp&reviewId=0caf9855-adea-497e-a871-f309e0a7a230
d5f29bea-34f3-4b91-8edf-8eb94606b476,play_store,IN,Reshma Khan,5,,kuch saman mahnge hai but thik hai,2026-07-17T09:48:04.520Z,0,18.7.0,https://play.google.com/store/apps/details?id=com.grofers.customerapp&reviewId=d5f29bea-34f3-4b91-8edf-8eb94606b476
d41b401b-a9aa-436a-9af9-443f92413378,play_store,IN,Buttol Fatima,5,,excellent 👌 wonderful 👍,2026-07-17T09:47:17.722Z,0,,https://play.google.com/store/apps/details?id=com.grofers.customerapp&reviewId=d41b401b-a9aa-436a-9af9-443f92413378
7794f94f-af48-46e2-a92a-1133ef4dfa7b,play_store,IN,Rohan Singh,1,,blinkit services have been drastically degraded,2026-07-17T09:47:13.779Z,0,18.7.0,https://play.google.com/store/apps/details?id=com.grofers.customerapp&reviewId=7794f94f-af48-46e2-a92a-1133ef4dfa7b
456c6ade-7699-44e6-bf11-ffb904469119,play_store,IN,Prem kumar,5,,thanks for your free ambulance you save much life's thanks and allthebest 👌😉,2026-07-17T09:45:55.210Z,0,,https://play.google.com/store/apps/details?id=com.grofers.customerapp&reviewId=456c6ade-7699-44e6-bf11-ffb904469119
ccb6f0a4-ed69-4442-8077-7a9ac1a7fcec,play_store,IN,Mehjabeen Pathan,4,,accha he good lakin kuc area me bilnkit app kam nahi karta to vaha bhi ye sarvish huni chahiye its my opinion,2026-07-17T09:44:17.863Z,0,18.7.0,https://play.google.com/store/apps/details?id=com.grofers.customerapp&reviewId=ccb6f0a4-ed69-4442-8077-7a9ac1a7fcec
7662367e-948f-48d5-a473-c166bd9062c0,play_store,IN,Arohi Thakur,1,,"If an order is placed by mistake, they do not even cancel it, they just say that it is packed, it does not happen like this.",2026-07-17T09:42:09.130Z,0,18.9.3,https://play.google.com/store/apps/details?id=com.grofers.customerapp&reviewId=7662367e-948f-48d5-a473-c166bd9062c0
ee973702-88ab-4f44-bf10-9c3a65d0e41a,play_store,IN,Moksha Borkar,5,,"Hey Blinkit, please bring back normal adult whiskas cat food. y'all have imported whiskas now which my cat doesn't eat. Just for that I have to order everything from Insta mart cause they have the normal one. Pleaseeee ❤️",2026-07-17T09:40:12.721Z,0,18.7.0,https://play.google.com/store/apps/details?id=com.grofers.customerapp&reviewId=ee973702-88ab-4f44-bf10-9c3a65d0e41a
55373066-c481-4d71-9d75-2646573dc9e9,play_store,IN,Neha Jain,1,,expensive then other online apps,2026-07-17T09:38:24.209Z,0,18.7.0,https://play.google.com/store/apps/details?id=com.grofers.customerapp&reviewId=55373066-c481-4d71-9d75-2646573dc9e9
beb44989-9632-4f7f-bba4-42b28aa3375d,play_store,IN,Nalin Krishan Dev,2,,Heavy Delivery Charges,2026-07-17T09:34:51.783Z,0,18.9.3,https://play.google.com/store/apps/details?id=com.grofers.customerapp&reviewId=beb44989-9632-4f7f-bba4-42b28aa3375d
2a4cc382-2d11-4b7b-93ac-b67c7cfe2b30,play_store,IN,tej prakash sharma,1,,bad sadi hui vegitables supplied and no response on watsapp,2026-07-17T09:33:10.635Z,0,18.9.3,https://play.google.com/store/apps/details?id=com.grofers.customerapp&reviewId=2a4cc382-2d11-4b7b-93ac-b67c7cfe2b30
e00bed8f-dbae-481f-be8b-93eb1c1e1999,play_store,IN,Rahul Dashora,2,,not showing option to apply coupon code,2026-07-17T09:31:06.240Z,0,18.9.3,https://play.google.com/store/apps/details?id=com.grofers.customerapp&reviewId=e00bed8f-dbae-481f-be8b-93eb1c1e1999
734a9022-2432-4771-af84-2114ac0aa4c9,play_store,IN,Envy Shah,1,,"The website shows offers and then renegs on them at the time of delivery and when you speak to the customer service over a call before making the payment, they tell you to just make the payment and the issue will be resolved later by them. After you make payment and talk to them, they waste your time and then tell you that they can't help you because they can't see the promo from their side. You tell them that you have screenshots of the promo and also that the promo is still active, they lie.",2026-07-17T09:30:33.761Z,0,,https://play.google.com/store/apps/details?id=com.grofers.customerapp&reviewId=734a9022-2432-4771-af84-2114ac0aa4c9
b02fd55d-be80-4e4d-97ce-59cf9c12b9cf,play_store,IN,Khushi,1,,thik hai in emergency but ye bohat charges late hai,2026-07-17T09:29:21.370Z,0,18.9.3,https://play.google.com/store/apps/details?id=com.grofers.customerapp&reviewId=b02fd55d-be80-4e4d-97ce-59cf9c12b9cf
d995d2d4-a046-48ed-b1d1-f73d151eed20,play_store,IN,Suman Kumar,3,,grateful for shopping on this platform 😀,2026-07-17T09:27:30.602Z,0,18.7.0,https://play.google.com/store/apps/details?id=com.grofers.customerapp&reviewId=d995d2d4-a046-48ed-b1d1-f73d151eed20
d8124503-c3b6-4c0a-9c30-2fb333c77be0,play_store,IN,Manushree Singh,1,,after placing order products become unavailable order some other brand received other,2026-07-17T09:24:09.758Z,0,18.9.3,https://play.google.com/store/apps/details?id=com.grofers.customerapp&reviewId=d8124503-c3b6-4c0a-9c30-2fb333c77be0
14a20b07-74a3-49f7-af54-2f75342aba89,play_store,IN,anand trivedi,5,,fast service thnxs blinkit 🙏🙏🇮🇳🇮🇳👍❤️,2026-07-17T09:21:11.925Z,0,18.9.3,https://play.google.com/store/apps/details?id=com.grofers.customerapp&reviewId=14a20b07-74a3-49f7-af54-2f75342aba89
d95b5cd9-7dd5-4976-a602-b95018aeda3c,play_store,IN,HB ROTT Rottweiler,1,,"The worst service provider, if ordering person was not available at the location they didn''t deliver your product. lol",2026-07-17T09:20:04.600Z,0,18.9.3,https://play.google.com/store/apps/details?id=com.grofers.customerapp&reviewId=d95b5cd9-7dd5-4976-a602-b95018aeda3c
a58f0d46-afc8-49ca-b780-3d3352b7524d,play_store,IN,TARUN BASWAL,1,,very bad service the coustomer care not support properly,2026-07-17T09:19:17.442Z,0,,https://play.google.com/store/apps/details?id=com.grofers.customerapp&reviewId=a58f0d46-afc8-49ca-b780-3d3352b7524d
bebc839c-682c-4119-a2c2-9592b1cb7d78,play_store,IN,Pranjit Dvrma,5,,"Nice And Good, Great 😃😃😃 Service, Understanding of every situation, Problem And response to very much faster... Thank you Blinkit.👍👍👍👍❤️❤️❤️",2026-07-17T09:19:13.143Z,0,,https://play.google.com/store/apps/details?id=com.grofers.customerapp&reviewId=bebc839c-682c-4119-a2c2-9592b1cb7d78
0489df5d-609b-4265-a1f0-baf877edce1d,play_store,IN,Jeel Army forever,3,,not customer care support,2026-07-17T09:18:47.320Z,0,,https://play.google.com/store/apps/details?id=com.grofers.customerapp&reviewId=0489df5d-609b-4265-a1f0-baf877edce1d
51b85f1b-8937-41b8-8cf0-3270ec1c77e8,play_store,IN,Nidhi Mehra,5,,best app for groceries and sum electronic products,2026-07-17T09:17:53.755Z,0,18.9.3,https://play.google.com/store/apps/details?id=com.grofers.customerapp&reviewId=51b85f1b-8937-41b8-8cf0-3270ec1c77e8
58ae5fe5-bbbf-4f7d-ac9b-15a92626ec39,play_store,IN,Manthan Sharma,5,,very easy to use and best App 5 star from me,2026-07-17T09:11:15.536Z,0,18.9.3,https://play.google.com/store/apps/details?id=com.grofers.customerapp&reviewId=58ae5fe5-bbbf-4f7d-ac9b-15a92626ec39
70431d22-cdab-4535-b7f3-cadfaa74a488,play_store,IN,Zoya Khan,3,,discount coupon I never remained,2026-07-17T09:08:22.906Z,0,18.9.3,https://play.google.com/store/apps/details?id=com.grofers.customerapp&reviewId=70431d22-cdab-4535-b7f3-cadfaa74a488
f14e085a-f055-43ce-94f6-1fd1949d4bb1,play_store,IN,ram mehra,2,,Never used Blinkit now!,2026-07-17T09:08:21.106Z,0,18.9.3,https://play.google.com/store/apps/details?id=com.grofers.customerapp&reviewId=f14e085a-f055-43ce-94f6-1fd1949d4bb1
8bb180b1-bcef-445e-8a65-52abb1d58056,play_store,IN,KESHVA 007,5,,I order so many things from blinkit and they reached every product at proper time. I would give 5 star rate,2026-07-17T09:07:13.980Z,0,18.9.3,https://play.google.com/store/apps/details?id=com.grofers.customerapp&reviewId=8bb180b1-bcef-445e-8a65-52abb1d58056
494f7657-b478-4513-8f60-42732b8709cd,play_store,IN,Chirag Shah,4,,I think fruits are a bit expensive,2026-07-17T09:06:03.470Z,0,18.9.3,https://play.google.com/store/apps/details?id=com.grofers.customerapp&reviewId=494f7657-b478-4513-8f60-42732b8709cd
c3aea66d-dd2c-42c2-b624-57594bbf3582,play_store,IN,Richa Mishra,5,,very fast and efficient.,2026-07-17T09:05:41.756Z,0,18.9.3,https://play.google.com/store/apps/details?id=com.grofers.customerapp&reviewId=c3aea66d-dd2c-42c2-b624-57594bbf3582
0e386ba6-c943-4e98-af0c-357fb4c66a0f,play_store,IN,Absar Alam,5,,good delivery and i appreciate your ambulance service 🙏 may Allah bless you 👍👍,2026-07-17T09:05:10.199Z,0,18.9.3,https://play.google.com/store/apps/details?id=com.grofers.customerapp&reviewId=0e386ba6-c943-4e98-af0c-357fb4c66a0f
ee68376a-eb76-49d6-8bd9-0f20e4f84b65,play_store,IN,Fatima Lostt,5,,thankyou blinkit you are very helpful really,2026-07-17T09:04:49.508Z,0,18.9.3,https://play.google.com/store/apps/details?id=com.grofers.customerapp&reviewId=ee68376a-eb76-49d6-8bd9-0f20e4f84b65
472a9802-4171-4a45-b8f7-b6b1544d3cb7,play_store,IN,VARSHA WADHAVE,5,,it's worth it man!? the prices are reasonable.!? they work so hard for us thanks we appreciate your work!? 😊😊,2026-07-17T09:02:56.115Z,0,16.43.0,https://play.google.com/store/apps/details?id=com.grofers.customerapp&reviewId=472a9802-4171-4a45-b8f7-b6b1544d3cb7
4c2adab0-5211-496a-aaa7-7abf9e85d4b7,play_store,IN,Papa Gundam,4,,I'm a regular customer of Blinkit now but they don't have change every time I pay in cash because I don't use online payment. The delivery guy should carry change for the customer's convenience.,2026-07-17T09:02:12.285Z,0,18.9.3,https://play.google.com/store/apps/details?id=com.grofers.customerapp&reviewId=4c2adab0-5211-496a-aaa7-7abf9e85d4b7
a77220c9-54a7-4b4e-ad0f-5cf12228055f,play_store,IN,Mashudalom,5,,good app .helpful and and,2026-07-17T08:55:37.761Z,0,18.9.3,https://play.google.com/store/apps/details?id=com.grofers.customerapp&reviewId=a77220c9-54a7-4b4e-ad0f-5cf12228055f
3c8cf220-1288-4004-a7ae-ef214b26d4af,play_store,IN,Subhasis Mahata,1,,no replacement provided,2026-07-17T08:53:51.617Z,0,18.9.3,https://play.google.com/store/apps/details?id=com.grofers.customerapp&reviewId=3c8cf220-1288-4004-a7ae-ef214b26d4af
491a3602-204a-4d31-a490-bfdd5e34d1de,play_store,IN,Anant Kumar,5,,this app are whole products,2026-07-17T08:53:14.525Z,0,18.9.3,https://play.google.com/store/apps/details?id=com.grofers.customerapp&reviewId=491a3602-204a-4d31-a490-bfdd5e34d1de
b9371326-b3cf-411d-9274-81f6cec97100,play_store,IN,Vaghela Vansh,5,,FAST AND CLEAN AND SAFE DELIVERY 🚚,2026-07-17T08:52:37.690Z,0,18.9.3,https://play.google.com/store/apps/details?id=com.grofers.customerapp&reviewId=b9371326-b3cf-411d-9274-81f6cec97100
87e2d30a-ce25-49b7-97ca-12d53e0277f6,play_store,IN,Divya,1,,when ever I need hot wheels never ever available in Jamshedpur,2026-07-17T08:51:22.630Z,0,18.9.3,https://play.google.com/store/apps/details?id=com.grofers.customerapp&reviewId=87e2d30a-ce25-49b7-97ca-12d53e0277f6
0e228ba2-cf58-4fe5-8323-162d7eb44b20,play_store,IN,Advocate Anshaj Nigam,1,,vest of money and time froud app and handling charges ke naam pr 50paise ke kagaj ke packet ke 12 rupay charges leta h 😡😡😡,2026-07-17T08:48:33.538Z,0,18.9.3,https://play.google.com/store/apps/details?id=com.grofers.customerapp&reviewId=0e228ba2-cf58-4fe5-8323-162d7eb44b20
e7fbd53a-ef98-43e1-802f-e18df5e74358,play_store,IN,Suraj Kumar,1,,I have added money in blinkit wallet but when placing order it's showing this option not available it's pathetic my hard earned money is wasted or what very unprofessional behaviour is this please look this matter seriously,2026-07-17T08:45:54.115Z,0,18.9.3,https://play.google.com/store/apps/details?id=com.grofers.customerapp&reviewId=e7fbd53a-ef98-43e1-802f-e18df5e74358
61d5ac9b-67c3-4882-bf78-5fe936362b86,play_store,IN,Fatima Mohammadi,5,,My Favorite Grocery App.... Thanks Team Blinkit,2026-07-17T08:43:35.957Z,0,18.9.3,https://play.google.com/store/apps/details?id=com.grofers.customerapp&reviewId=61d5ac9b-67c3-4882-bf78-5fe936362b86
c6c56727-11d4-4d17-bb6f-b90576c31154,play_store,IN,Shaista Khan,5,,such great offer when ever I ordered i get freebies and also products are in good condition,2026-07-17T08:42:35.650Z,0,18.9.3,https://play.google.com/store/apps/details?id=com.grofers.customerapp&reviewId=c6c56727-11d4-4d17-bb6f-b90576c31154
6aae068b-0bb5-4757-b0b6-7d398b7b27a0,play_store,IN,Priyanka Patel,5,,too much good blinkit,2026-07-17T08:42:13.800Z,0,18.9.3,https://play.google.com/store/apps/details?id=com.grofers.customerapp&reviewId=6aae068b-0bb5-4757-b0b6-7d398b7b27a0
31846c29-f19d-4e14-9adf-abfc9a0043df,play_store,IN,Farha Naqvi,5,,everything available,2026-07-17T08:33:30.202Z,0,18.9.3,https://play.google.com/store/apps/details?id=com.grofers.customerapp&reviewId=31846c29-f19d-4e14-9adf-abfc9a0043df
c80c6254-b1e9-4276-8a97-d73894ee2516,play_store,IN,Rex Humtsoe,5,,"delivery was fast, and so far unlike Swiggy and zomato, the delivery guy from Blinkit are so kind and humble. may God bless them.",2026-07-17T08:32:03.420Z,0,18.7.0,https://play.google.com/store/apps/details?id=com.grofers.customerapp&reviewId=c80c6254-b1e9-4276-8a97-d73894ee2516
44b9de98-72f6-472e-a117-b8be5000126e,play_store,IN,Neelam Arora,5,,l love that they deliver the items at time and l really love this store and if l woul have to rate it out of 100 l would give 1000 l just love this app,2026-07-17T08:29:45.612Z,0,18.9.3,https://play.google.com/store/apps/details?id=com.grofers.customerapp&reviewId=44b9de98-72f6-472e-a117-b8be5000126e
89f88048-2cad-4c42-baf6-9ab82627c538,play_store,IN,Munawar Unnisa,5,,"easy , fast delivery , efficiency, convenient, time saving. love blinkit",2026-07-17T08:28:44.973Z,0,18.9.3,https://play.google.com/store/apps/details?id=com.grofers.customerapp&reviewId=89f88048-2cad-4c42-baf6-9ab82627c538
5df370a5-c863-4fae-b255-dff690593044,play_store,IN,Piyush Sakharkar,1,,Received a faulty product. The repleacement takes 45 minutes of chat. Thats serious waste of time.,2026-07-17T08:28:20.844Z,0,18.7.0,https://play.google.com/store/apps/details?id=com.grofers.customerapp&reviewId=5df370a5-c863-4fae-b255-dff690593044
4ff9f1e6-353a-431f-aaa0-3b583490e1f9,play_store,IN,Parul Gupta,1,,MRP se bhi jyada paise lete hai kharidne se pahle dekh kar hi kharidna,2026-07-17T08:24:40.731Z,0,,https://play.google.com/store/apps/details?id=com.grofers.customerapp&reviewId=4ff9f1e6-353a-431f-aaa0-3b583490e1f9
e628c140-1a67-4f51-a3f2-1f522f70cc28,play_store,IN,Arjun kr Sah,1,,"They are only interested in selling their products; the quality of the goods or customer feedback doesn't matter to them. If a customer wants to make a return, they don't process it.",2026-07-17T08:23:21.111Z,0,,https://play.google.com/store/apps/details?id=com.grofers.customerapp&reviewId=e628c140-1a67-4f51-a3f2-1f522f70cc28
ec084f81-a93d-4f83-be80-e813010af1f1,play_store,IN,Arthi Choki,5,,good 👍 and best delivery,2026-07-17T08:19:50.190Z,0,18.9.3,https://play.google.com/store/apps/details?id=com.grofers.customerapp&reviewId=ec084f81-a93d-4f83-be80-e813010af1f1
fcd863bb-c277-471a-b57c-2b51f11015ff,play_store,IN,santosh sharma,5,,fresh and taste fruit dilevered,2026-07-17T08:19:13.854Z,0,17.95.3,https://play.google.com/store/apps/details?id=com.grofers.customerapp&reviewId=fcd863bb-c277-471a-b57c-2b51f11015ff
c7028a8d-c066-41b4-a643-c06e54620739,play_store,IN,kaviraj singh,5,,"best delivery services, Kudos to blinkit",2026-07-17T08:14:10.960Z,0,18.9.3,https://play.google.com/store/apps/details?id=com.grofers.customerapp&reviewId=c7028a8d-c066-41b4-a643-c06e54620739
7e6bc96b-6deb-401c-9b01-9c0723387cd9,play_store,IN,Zoyamuzaffar,4,,I personally liked the delivery timing✨,2026-07-17T08:10:12.369Z,0,18.9.3,https://play.google.com/store/apps/details?id=com.grofers.customerapp&reviewId=7e6bc96b-6deb-401c-9b01-9c0723387cd9
7b3f44ee-fd62-427a-9f07-bcf591764dd6,play_store,IN,Manvivashisth,5,,driver ankit is on time and very good nature person,2026-07-17T08:08:29.373Z,0,18.9.3,https://play.google.com/store/apps/details?id=com.grofers.customerapp&reviewId=7b3f44ee-fd62-427a-9f07-bcf591764dd6
62540b3e-04a1-4b48-88c5-ed0de8d53c85,play_store,IN,Rohit Rathod,1,,wrost replacement support,2026-07-17T08:00:23.162Z,0,,https://play.google.com/store/apps/details?id=com.grofers.customerapp&reviewId=62540b3e-04a1-4b48-88c5-ed0de8d53c85
fc0f7b9b-5f00-49f1-8c19-8dcbd9f932d3,play_store,IN,Akanksha Kujur06,5,,Thank you for making my life Easier. Life Saviour👍,2026-07-17T07:58:53.547Z,0,18.7.0,https://play.google.com/store/apps/details?id=com.grofers.customerapp&reviewId=fc0f7b9b-5f00-49f1-8c19-8dcbd9f932d3
ea9b665c-1c00-45d6-8c86-f1a38aea3bd5,play_store,IN,Priya Chawla,5,,make our life so easy😊,2026-07-17T07:56:16.367Z,0,18.3.0,https://play.google.com/store/apps/details?id=com.grofers.customerapp&reviewId=ea9b665c-1c00-45d6-8c86-f1a38aea3bd5
88638fee-c919-4781-8df3-dc8574117774,play_store,IN,Rahul Roy,1,,they wont cancel your order even you request within seconds they are cheaters liars never use blinkit buy from Others,2026-07-17T07:53:46.879Z,0,18.7.0,https://play.google.com/store/apps/details?id=com.grofers.customerapp&reviewId=88638fee-c919-4781-8df3-dc8574117774
bf5f2998-a17f-4eab-9e2c-1a15a6e639ff,play_store,IN,Ramprakash v v,5,,always on time mostly earlier than said time..🫡,2026-07-17T07:53:38.386Z,0,,https://play.google.com/store/apps/details?id=com.grofers.customerapp&reviewId=bf5f2998-a17f-4eab-9e2c-1a15a6e639ff
9d55938d-0445-4b7a-8555-3a9f666121d9,play_store,IN,Santosh Kumar,5,,so fast delivery good,2026-07-17T07:50:30.770Z,1,18.9.3,https://play.google.com/store/apps/details?id=com.grofers.customerapp&reviewId=9d55938d-0445-4b7a-8555-3a9f666121d9
1c96cfcb-6f48-4349-97ac-927287d1ccc1,play_store,IN,Pema Bhutia,5,,it's fabulous loved it,2026-07-17T07:46:55.285Z,0,18.9.3,https://play.google.com/store/apps/details?id=com.grofers.customerapp&reviewId=1c96cfcb-6f48-4349-97ac-927287d1ccc1
33d05301-8c4b-48a6-8041-884ad8267617,play_store,IN,Geetanjali,5,,it's a blessing. I am so relaxed if I need something. this app serves as a perfect solution to all issues. please just take care that the delivery men take care of their health also. no one is in so much hurry to get their groceries in ten minutes. it's okay even if you are late.,2026-07-17T07:45:42.842Z,0,18.7.0,https://play.google.com/store/apps/details?id=com.grofers.customerapp&reviewId=33d05301-8c4b-48a6-8041-884ad8267617
e02d494b-b94a-424f-8f81-f078de2392c8,play_store,IN,Aarohi singh,3,,the prices are to high it should be less,2026-07-17T07:44:18.636Z,0,18.9.3,https://play.google.com/store/apps/details?id=com.grofers.customerapp&reviewId=e02d494b-b94a-424f-8f81-f078de2392c8
b736eb23-8500-4ea5-b3a9-3e869d8089b2,play_store,IN,rajarshi.adhikari Choton,4,,Process for selecting items are good. Availability of stocks more or less good.,2026-07-17T07:43:06.389Z,0,18.9.3,https://play.google.com/store/apps/details?id=com.grofers.customerapp&reviewId=b736eb23-8500-4ea5-b3a9-3e869d8089b2
b9ac27a7-e3c6-4101-9ce2-db2bfc163cd3,play_store,IN,Kajal Gangani,1,,limited item we need more items option for Misri,2026-07-17T07:41:04.490Z,0,18.9.3,https://play.google.com/store/apps/details?id=com.grofers.customerapp&reviewId=b9ac27a7-e3c6-4101-9ce2-db2bfc163cd3
0b3cbc62-5a33-4c2b-96fb-4c8042940e7a,play_store,IN,Lingam,1,,cannot type in search,2026-07-17T07:39:31.850Z,0,18.9.3,https://play.google.com/store/apps/details?id=com.grofers.customerapp&reviewId=0b3cbc62-5a33-4c2b-96fb-4c8042940e7a
d5c9d0a6-2972-4797-98ce-d9881ce7ed84,play_store,IN,Vikram Gwalbansi,5,,very fast and good service's,2026-07-17T07:37:03.779Z,0,17.99.1,https://play.google.com/store/apps/details?id=com.grofers.customerapp&reviewId=d5c9d0a6-2972-4797-98ce-d9881ce7ed84
03473df0-c18e-400c-a0df-1b38ec33a901,play_store,IN,Suruchi Bhanot,5,,value for money. i got refund for damaged packing of the item.,2026-07-17T07:36:38.989Z,0,18.9.3,https://play.google.com/store/apps/details?id=com.grofers.customerapp&reviewId=03473df0-c18e-400c-a0df-1b38ec33a901
4f80a584-bd88-453e-8588-d0851bb1ce41,play_store,IN,sapna upadhayay,1,,worst service they are giving now. the delivery persons are so rude and they will behave nicely if we are giving tip otherwise they will be very rude.,2026-07-17T07:36:19.288Z,0,18.9.3,https://play.google.com/store/apps/details?id=com.grofers.customerapp&reviewId=4f80a584-bd88-453e-8588-d0851bb1ce41
91ecd112-80ec-4a0e-bcfc-aa7ededcb6ec,play_store,IN,Fazal Jafri,1,,surge charge too much,2026-07-17T07:34:08.731Z,0,18.7.0,https://play.google.com/store/apps/details?id=com.grofers.customerapp&reviewId=91ecd112-80ec-4a0e-bcfc-aa7ededcb6ec
4174902a-b2a0-45df-873e-29e3e0643b81,play_store,IN,Safenaz Safi,5,,yes it's good working I like it,2026-07-17T07:33:08.487Z,0,18.3.0,https://play.google.com/store/apps/details?id=com.grofers.customerapp&reviewId=4174902a-b2a0-45df-873e-29e3e0643b81
ac7723d7-d824-403d-890c-aacdaf0d9b19,play_store,IN,Trisha Sharma,1,,Their policies are very unacceptable. i had to uninstall it out of frustration. i ordered an earphone it was under replacement period or return period. but they are denying it .. I got damaged product. but they are not accepting it and saying sorry or do nothing... unexpected.,2026-07-17T07:32:55.350Z,0,17.49.0,https://play.google.com/store/apps/details?id=com.grofers.customerapp&reviewId=ac7723d7-d824-403d-890c-aacdaf0d9b19
f280f5af-fec8-442d-9dcc-1a47ade84f6b,play_store,IN,BIJOY KURIAKOSE,1,,"worst service. the delivery men are terrible. in Bangalore most of the delivery agents of blinking are goons. most of the time instructions are not followed address and location is not properly checked and they don't even have the patience to talk properly. it's nit one time or two time, there were multiple instances where the service specially the delivery agents service was so bad. and the irresponsible customer service adds to the terrible experience. blink it taught how better other apps are",2026-07-17T07:32:26.394Z,0,,https://play.google.com/store/apps/details?id=com.grofers.customerapp&reviewId=f280f5af-fec8-442d-9dcc-1a47ade84f6b
42b31b1a-539a-4164-b429-9f26e30e4f5a,play_store,IN,Deepa Konnur,1,,worst experience in return..,2026-07-17T07:30:52.989Z,0,18.9.3,https://play.google.com/store/apps/details?id=com.grofers.customerapp&reviewId=42b31b1a-539a-4164-b429-9f26e30e4f5a
0d9026c2-c5d0-4d18-a31f-ba3b9dc2f556,play_store,IN,Waliya Fatima,5,,this app was awesome it will give u the products when u need it the most at the perfect price,2026-07-17T07:24:36.862Z,0,18.9.3,https://play.google.com/store/apps/details?id=com.grofers.customerapp&reviewId=0d9026c2-c5d0-4d18-a31f-ba3b9dc2f556
6f0f496c-197c-49fb-9f15-c9bf90c6787c,play_store,IN,Smridhi Bhardwaj,5,,koe v problem ho turant solv karta hai... osm app,2026-07-17T07:23:47.739Z,0,18.9.3,https://play.google.com/store/apps/details?id=com.grofers.customerapp&reviewId=6f0f496c-197c-49fb-9f15-c9bf90c6787c
dfc7e06d-a820-4c47-afbd-b42e13553bbc,play_store,IN,Areyo Roy,1,,"third class quality product,",2026-07-17T07:20:29.538Z,0,18.9.3,https://play.google.com/store/apps/details?id=com.grofers.customerapp&reviewId=dfc7e06d-a820-4c47-afbd-b42e13553bbc
65f2abb6-90ea-4358-b928-81db22072186,play_store,IN,Kamlesh Kumar,1,,"This is the First time I placed an order i.e ghadi washing soap, and I got very bad experience as 2 soap are missing in it out of total 5 quality, delivery boy came very late and came by bicycle and even they dont showd the product... Their is no return policy is available so one can't return and also you can't directly call to customer also for complaint..... Very Bad 👎 dont buy anything here, Total fraud.",2026-07-17T07:19:13.845Z,0,18.7.0,https://play.google.com/store/apps/details?id=com.grofers.customerapp&reviewId=65f2abb6-90ea-4358-b928-81db22072186
8da32902-dc03-4ada-aa2a-acd28b995a32,play_store,IN,Rinki Sharma,5,,very good for fast important things,2026-07-17T07:13:09.585Z,0,18.9.3,https://play.google.com/store/apps/details?id=com.grofers.customerapp&reviewId=8da32902-dc03-4ada-aa2a-acd28b995a32
6b5a0ea7-e3c1-4f3d-ba45-027135bad1a8,play_store,IN,pokalkar Laharika,5,,super items 😍super items fast delivery 😊,2026-07-17T07:12:07.390Z,0,18.9.3,https://play.google.com/store/apps/details?id=com.grofers.customerapp&reviewId=6b5a0ea7-e3c1-4f3d-ba45-027135bad1a8
2f504631-220b-4483-a2c7-1eb914b851d0,play_store,IN,Rama Mani,4,,Blinkit is a very useful grocery store I like it,2026-07-17T07:09:25.882Z,0,18.9.3,https://play.google.com/store/apps/details?id=com.grofers.customerapp&reviewId=2f504631-220b-4483-a2c7-1eb914b851d0
e47a62db-0ed7-464d-bed0-754a75b882df,play_store,IN,Ranjan Raval,5,,"I like your service, products, Rate, quality Thanks blinkit",2026-07-17T07:07:35.899Z,0,18.9.3,https://play.google.com/store/apps/details?id=com.grofers.customerapp&reviewId=e47a62db-0ed7-464d-bed0-754a75b882df
7e961bec-dba8-474b-9543-3900e1d819ce,play_store,IN,Siddhi Rane,4,,very fast and good quality product!,2026-07-17T07:07:03.307Z,0,17.97.3,https://play.google.com/store/apps/details?id=com.grofers.customerapp&reviewId=7e961bec-dba8-474b-9543-3900e1d819ce
411a3356-a10a-4c9a-92f2-4a12f053c482,play_store,IN,Shanu Wali,5,,For daily groceries and home needs I totally rely on Blinkit,2026-07-17T07:06:41.260Z,0,,https://play.google.com/store/apps/details?id=com.grofers.customerapp&reviewId=411a3356-a10a-4c9a-92f2-4a12f053c482
24d69d7c-3eae-4c3e-8264-00f99c14f62e,play_store,IN,Affan Shaikh,1,,worst helping people,2026-07-17T07:01:24.470Z,0,18.9.3,https://play.google.com/store/apps/details?id=com.grofers.customerapp&reviewId=24d69d7c-3eae-4c3e-8264-00f99c14f62e
48f7f793-ca14-4372-8e3e-519ddf9c395c,play_store,IN,Abhishek Kumar,5,,"Outstanding delivery experience from Blinkit, the umbrella was delivered in excellent, brand new & undamaged condition & on time by the delivery agent. Thank you.",2026-07-17T06:59:07.658Z,0,18.9.3,https://play.google.com/store/apps/details?id=com.grofers.customerapp&reviewId=48f7f793-ca14-4372-8e3e-519ddf9c395c
23ba4e10-47fa-412f-afb6-5d64f25d619f,play_store,IN,Bholanath Bhattaray,1,,product returned but money is not being refunded in most of the cases and thereis no option to contact them,2026-07-17T06:54:27.749Z,0,18.9.3,https://play.google.com/store/apps/details?id=com.grofers.customerapp&reviewId=23ba4e10-47fa-412f-afb6-5d64f25d619f
6b95e62a-7f99-4ab4-a6d4-95ddcb482339,play_store,IN,Vipin Shakya,1,,Pathetic customer support! Placed an order mistakenly and now I was denied refund stating certain company policies. I wish Amazon came soon and wipe you out from the market.,2026-07-17T06:54:06.260Z,0,18.9.3,https://play.google.com/store/apps/details?id=com.grofers.customerapp&reviewId=6b95e62a-7f99-4ab4-a6d4-95ddcb482339
31f45631-7b82-4fe6-b015-2867d9780898,play_store,IN,Saibal Bandyopadhyay,5,,some items (eg tata tea premix) are just vanishing before placing order.even this time also,2026-07-17T06:53:18.555Z,0,18.9.3,https://play.google.com/store/apps/details?id=com.grofers.customerapp&reviewId=31f45631-7b82-4fe6-b015-2867d9780898
9b138cfa-253e-491b-813b-a7a34033ad64,play_store,IN,Dhruv Vedi,4,,still some products are not available,2026-07-17T06:52:44.704Z,0,18.9.3,https://play.google.com/store/apps/details?id=com.grofers.customerapp&reviewId=9b138cfa-253e-491b-813b-a7a34033ad64
e37232f0-5350-4826-aa85-680676d9370a,play_store,IN,Shivani Thakur,5,,this app is very very very awesome fast delivery amazing app 🤩🤩🤩🤩🤩🤩🤩🤩,2026-07-17T06:51:26.692Z,0,18.9.3,https://play.google.com/store/apps/details?id=com.grofers.customerapp&reviewId=e37232f0-5350-4826-aa85-680676d9370a
b970b592-5fec-4bec-a34c-c4db7298942d,play_store,IN,Sufia Ansari,5,,"⭐⭐⭐⭐⭐ Excellent service! My order was delivered on time, the products were fresh and well packed, and the delivery partner was polite and professional. The app is easy to use, and the overall experience was smooth. Highly recommended. Thank you, Blinkit!",2026-07-17T06:48:50.292Z,0,18.9.3,https://play.google.com/store/apps/details?id=com.grofers.customerapp&reviewId=b970b592-5fec-4bec-a34c-c4db7298942d
8e97e799-aac3-457a-8f7d-e78398751b39,play_store,IN,Sakina Anees,5,,very organised and easy app. good and timely service,2026-07-17T06:47:39.756Z,0,18.9.3,https://play.google.com/store/apps/details?id=com.grofers.customerapp&reviewId=8e97e799-aac3-457a-8f7d-e78398751b39
31f012e5-1350-4add-8126-31d66b815075,play_store,IN,Sahid Aktar Sekh,5,,absolutely fantastic,2026-07-17T06:47:13.168Z,0,18.9.3,https://play.google.com/store/apps/details?id=com.grofers.customerapp&reviewId=31f012e5-1350-4add-8126-31d66b815075
88c433d3-c901-4eaa-80f5-7095f0910a32,play_store,IN,haseena sadik,4,,service was good and easy . we can compare and buy it max we will get a good price hear,2026-07-17T06:37:32.320Z,0,18.7.0,https://play.google.com/store/apps/details?id=com.grofers.customerapp&reviewId=88c433d3-c901-4eaa-80f5-7095f0910a32
72748cc1-c74c-410d-95ec-490fd85a3d5a,play_store,IN,Aarti Gohil,5,,mst fast delivery I am soo happy 😊,2026-07-17T06:32:57.327Z,0,18.9.3,https://play.google.com/store/apps/details?id=com.grofers.customerapp&reviewId=72748cc1-c74c-410d-95ec-490fd85a3d5a
b01055f0-b86d-420f-904f-c40f97b1f9a1,play_store,IN,Sarbjit Singh Dugri,4,,Please give training session to your delivery Boys.its must & good for you as a service provider. Thanks 🙏,2026-07-17T06:27:59.306Z,0,,https://play.google.com/store/apps/details?id=com.grofers.customerapp&reviewId=b01055f0-b86d-420f-904f-c40f97b1f9a1
86030eb9-df37-43d7-b4ea-50e631842263,play_store,IN,Dipesh Lakhan,1,,getting refund is like the war,2026-07-17T06:26:58.939Z,0,,https://play.google.com/store/apps/details?id=com.grofers.customerapp&reviewId=86030eb9-df37-43d7-b4ea-50e631842263
1623d1b6-a7f4-4a63-911a-656ff3b69eca,play_store,IN,Naveen A,4,,Its good and time saving,2026-07-17T06:12:25.836Z,0,18.7.0,https://play.google.com/store/apps/details?id=com.grofers.customerapp&reviewId=1623d1b6-a7f4-4a63-911a-656ff3b69eca
f944a66d-926e-4d9d-b835-f96b1e9e2c8f,play_store,IN,Manashi Ghosh,5,,This is the Best App for me 😊❤️‍🩹,2026-07-17T06:10:33.391Z,0,17.99.1,https://play.google.com/store/apps/details?id=com.grofers.customerapp&reviewId=f944a66d-926e-4d9d-b835-f96b1e9e2c8f
bda11a78-fe5c-49fe-838a-537e6d5d80aa,play_store,IN,Saksham Agrawal,5,,very much useful app and best,2026-07-17T06:09:39.529Z,0,18.9.3,https://play.google.com/store/apps/details?id=com.grofers.customerapp&reviewId=bda11a78-fe5c-49fe-838a-537e6d5d80aa
b53ff9b7-3d9c-47b2-9abd-98fd6aaa63c4,play_store,IN,Sharmila Bhattacharya,1,,No extra charge should be taken like other companies.Otherwise Blinkit may be closed like Dealshare.,2026-07-17T06:08:56.617Z,0,18.9.3,https://play.google.com/store/apps/details?id=com.grofers.customerapp&reviewId=b53ff9b7-3d9c-47b2-9abd-98fd6aaa63c4
11fb6383-47ee-43f8-bcc8-3954f13b5e4a,play_store,IN,Mahesh Sharma,5,,"dear team, regards, no issues till date, exchange or return is simple but for senior citizens it is a bit taxing as technology is involved regards Mahesh Kumar Adv",2026-07-17T06:08:42.807Z,0,18.7.0,https://play.google.com/store/apps/details?id=com.grofers.customerapp&reviewId=11fb6383-47ee-43f8-bcc8-3954f13b5e4a
d2ced735-0614-42dd-ba4c-93cf749542f7,play_store,IN,D - STAR GAMING,5,,Happy With The Service 😀,2026-07-17T06:06:33.142Z,0,18.9.3,https://play.google.com/store/apps/details?id=com.grofers.customerapp&reviewId=d2ced735-0614-42dd-ba4c-93cf749542f7
061915f8-c319-47f6-b261-e48118f2f73f,play_store,IN,Gaurav kumar Phogat,1,,worst app ever I have received multiple times incorrect shipment and customer support is also worst even refund thing is not operational even after share whole unboxing footage no authority or responsibility is taken by them have uninstalled now,2026-07-17T06:06:04.793Z,0,17.89.1,https://play.google.com/store/apps/details?id=com.grofers.customerapp&reviewId=061915f8-c319-47f6-b261-e48118f2f73f
f3484ff9-ff49-4705-8686-82412158979c,play_store,IN,HIDDEN GAMER,5,,don't need to explain how helpful and useful it is.,2026-07-17T06:04:16.556Z,0,18.9.3,https://play.google.com/store/apps/details?id=com.grofers.customerapp&reviewId=f3484ff9-ff49-4705-8686-82412158979c
cde59455-e369-49cd-9d0c-87561cb7dcd9,play_store,IN,Kishan Vara,1,,First of all my prepaid order was cancelled than the sucking refund policy took 10 days to complete refund and in actual refund was never paid back into the bank account nor in wallet.. the customer is worst. Maybe blink it will not have any affect losing 1 customer but i am affected when both my time and money was not valued ans wasted.. if there were any negative ratings than 1 star i would have given that as well,2026-07-17T06:03:12.945Z,0,15.123.1,https://play.google.com/store/apps/details?id=com.grofers.customerapp&reviewId=cde59455-e369-49cd-9d0c-87561cb7dcd9
47cbbac5-db12-4078-b0f2-2ed58ff9942b,play_store,IN,Tejender Nandal,1,,very bad service and no option for refund or replacement govt must ban this app,2026-07-17T06:02:44.561Z,0,18.9.3,https://play.google.com/store/apps/details?id=com.grofers.customerapp&reviewId=47cbbac5-db12-4078-b0f2-2ed58ff9942b
cc1aef5c-2414-4ee9-a5fe-cfc562344de3,play_store,IN,Shikha Mukherjee,5,,Very fast delivery just love it just love it muaaahhhh💗,2026-07-17T06:00:59.356Z,0,18.7.0,https://play.google.com/store/apps/details?id=com.grofers.customerapp&reviewId=cc1aef5c-2414-4ee9-a5fe-cfc562344de3
a85217de-3d1a-4b59-b142-936fa2dc0b6f,play_store,IN,Daksh Sharma,5,,free delivery cool offer in snacks,2026-07-17T05:53:56.439Z,0,18.7.0,https://play.google.com/store/apps/details?id=com.grofers.customerapp&reviewId=a85217de-3d1a-4b59-b142-936fa2dc0b6f
79351f69-8f47-4d80-a019-efb256fa55da,play_store,IN,jey p,5,,overall a good experience. very convenient.,2026-07-17T05:50:36.451Z,0,,https://play.google.com/store/apps/details?id=com.grofers.customerapp&reviewId=79351f69-8f47-4d80-a019-efb256fa55da
83aa0516-5e80-4101-b190-29924ae4f607,play_store,IN,Aishi D,1,,"Incorrect product received. No resolution offered but empty platitude. Informed Return or replacement is not available at the moment though at the very same time i could see in the app it's showing otherwise. So they are lying. Told me I would receive a call but none came and no response either after I emailed regarding that. Totally ghosted. Now they are refusing to contact me, return, refund or replacement. Forcing me to pay for the wrong product. And lying.",2026-07-17T05:46:26.973Z,0,18.9.3,https://play.google.com/store/apps/details?id=com.grofers.customerapp&reviewId=83aa0516-5e80-4101-b190-29924ae4f607
89675929-3e3a-46ae-91f0-1bc41f8da0ba,play_store,IN,Aakash Naidu,1,,print service low quality,2026-07-17T05:43:11.806Z,0,18.9.3,https://play.google.com/store/apps/details?id=com.grofers.customerapp&reviewId=89675929-3e3a-46ae-91f0-1bc41f8da0ba
abc5d830-e539-49e0-b7b0-096c68582711,play_store,IN,Akankshya Kanungo,1,,for printing 2 papers they charged 56 rupees.timing 25 minutes likha tha lekin wo extra 15 mint liye hai ak to itna pesa le rahe hai or service v late hai,2026-07-17T05:40:37.622Z,0,18.7.0,https://play.google.com/store/apps/details?id=com.grofers.customerapp&reviewId=abc5d830-e539-49e0-b7b0-096c68582711
b10d06b2-6498-481f-9559-a6c0f423846d,play_store,IN,chandrashekhar chauhan,5,,fast and convenient service of all time,2026-07-17T05:40:07.558Z,0,17.71.2,https://play.google.com/store/apps/details?id=com.grofers.customerapp&reviewId=b10d06b2-6498-481f-9559-a6c0f423846d
be674df5-ebb3-4086-b3d1-861c8f9ae3c0,play_store,IN,Pankaj Dabas,1,,Very bad response coz I hv ordered one icecream order on 13.07.2026 but till today I hv not received and amount still not credited to my account. Blinkit starts cheating with its customers... I request all customers please leave bad comments so that the owner seriously look into the matter.,2026-07-17T05:38:45.583Z,0,18.9.3,https://play.google.com/store/apps/details?id=com.grofers.customerapp&reviewId=be674df5-ebb3-4086-b3d1-861c8f9ae3c0
70fa2a40-0097-4e6f-9a0e-639380f9f7bf,play_store,IN,Arman Patro,5,,"Blinkit is a very convenient app for quick grocery and daily essentials delivery. The app is easy to use, offers a wide variety of products, and the delivery is usually very fast. The products arrive in good condition, and the prices are reasonable with frequent discounts. The customer support is also helpful. Overall, Blinkit saves a lot of time and makes shopping simple and hassle-free. Highly recommended!",2026-07-17T05:38:30.471Z,0,18.7.0,https://play.google.com/store/apps/details?id=com.grofers.customerapp&reviewId=70fa2a40-0097-4e6f-9a0e-639380f9f7bf
7b46eea9-08b5-4867-9cb0-a5790fccfec5,play_store,IN,Yesaswi Dannana,4,,customers trusted you they deserve to have fresh fruits and vegetables.please maintain best quality.we always thank you for your support and services.,2026-07-17T05:37:47.220Z,0,17.99.1,https://play.google.com/store/apps/details?id=com.grofers.customerapp&reviewId=7b46eea9-08b5-4867-9cb0-a5790fccfec5
40c32529-a63b-4cd2-b46c-661ac2dda8f5,play_store,IN,OP KARWAL,4,,"prompness, but please apply latest discounts and offers available",2026-07-17T05:34:08.613Z,0,18.9.3,https://play.google.com/store/apps/details?id=com.grofers.customerapp&reviewId=40c32529-a63b-4cd2-b46c-661ac2dda8f5
fef7271e-4f57-4cba-b1d6-ce4dcada0c9e,play_store,IN,MANOJ KUMAR,1,,support is not resolve the problem,2026-07-17T05:30:47.532Z,0,18.9.3,https://play.google.com/store/apps/details?id=com.grofers.customerapp&reviewId=fef7271e-4f57-4cba-b1d6-ce4dcada0c9e
c6e86fae-c5d8-4412-8c54-65119bd55c2c,play_store,IN,Manju Kerketta,5,,"blinkit service is very quick and on time, with no delays. The delivery guys are also very calm and hardworking, hats off to them!",2026-07-17T05:30:02.663Z,0,18.9.3,https://play.google.com/store/apps/details?id=com.grofers.customerapp&reviewId=c6e86fae-c5d8-4412-8c54-65119bd55c2c
79dd09ec-3d80-4a3d-88cc-459a9544da22,play_store,IN,Anukalp Gupta,5,,very good quality items,2026-07-17T05:28:20.114Z,0,18.7.0,https://play.google.com/store/apps/details?id=com.grofers.customerapp&reviewId=79dd09ec-3d80-4a3d-88cc-459a9544da22
a2caaba8-c623-487d-92b2-7c66e3effde4,play_store,IN,Pink Rose,5,,high quality quick service beautiful packing and well behaviour delivery staff,2026-07-17T05:21:45.328Z,0,,https://play.google.com/store/apps/details?id=com.grofers.customerapp&reviewId=a2caaba8-c623-487d-92b2-7c66e3effde4
8a04fa32-1f00-4469-8feb-51eec812b55e,play_store,IN,Kumkum Rathor,5,,"good experince, afterall you can order far away form your location , thnx bilnkit",2026-07-17T05:19:07.105Z,1,18.9.3,https://play.google.com/store/apps/details?id=com.grofers.customerapp&reviewId=8a04fa32-1f00-4469-8feb-51eec812b55e
f422fe71-1efb-4597-95dc-ff35d9b1ea0f,play_store,IN,Tofique Momin,1,,Blinkit has become pathetic. They show 15 mins delivery while placing the order but delivery takes almost 30 mins. This is a constant issue now.,2026-07-17T05:18:11.933Z,1,18.7.0,https://play.google.com/store/apps/details?id=com.grofers.customerapp&reviewId=f422fe71-1efb-4597-95dc-ff35d9b1ea0f
1038e341-5b2b-4c79-90ae-b8f6b3bffee8,play_store,IN,Divya,1,,"worst experience yesterday I order a cocoa powder and that was unsealed and used already, for which I rised and complain the the blinkit team was like ""we will connect you in 24 hr after 24 hr they we like sorry we can't do any this regarding and bla bla... very disappointed never going to use blinkit 😑",2026-07-17T05:13:53.235Z,0,18.9.3,https://play.google.com/store/apps/details?id=com.grofers.customerapp&reviewId=1038e341-5b2b-4c79-90ae-b8f6b3bffee8
4b4349ea-62f1-4849-9e4a-928ae9426e50,play_store,IN,Swarup Biswas,5,,very fast delivery 🚚👍👍,2026-07-17T05:04:01.872Z,0,18.9.3,https://play.google.com/store/apps/details?id=com.grofers.customerapp&reviewId=4b4349ea-62f1-4849-9e4a-928ae9426e50
dacd395d-0d65-4e30-b16b-9295866a3d16,play_store,IN,Vinayaklohar Vinayaklohar,5,,nice appp abb kisi chij ki tensan nhii,2026-07-17T05:03:02.596Z,0,18.9.3,https://play.google.com/store/apps/details?id=com.grofers.customerapp&reviewId=dacd395d-0d65-4e30-b16b-9295866a3d16
d0b4f7aa-9412-4314-9355-1c8fed85fd61,play_store,IN,Gagan Mehta,1,,"Firstly product received without essential items. Refund was said to be issued to the original source. they refunded back as a promo code instead. never ordering again from blinkit. poor service, poor quality of products, poor customer service adding up to a pathetic experience overall",2026-07-17T05:02:04.460Z,0,18.9.3,https://play.google.com/store/apps/details?id=com.grofers.customerapp&reviewId=d0b4f7aa-9412-4314-9355-1c8fed85fd61
1093efae-d611-4de4-98c8-c0fd2f0b1ef1,play_store,IN,Shahanaz Hasmi,5,,"superb service,just keep it this way only,don't change in future.",2026-07-17T04:56:47.575Z,0,,https://play.google.com/store/apps/details?id=com.grofers.customerapp&reviewId=1093efae-d611-4de4-98c8-c0fd2f0b1ef1
6d500bdb-f2c0-43d2-a5c6-a1f9354889d4,play_store,IN,Payal Bhomkar,4,,anytime when I need something urgently blinkit helps me,2026-07-17T04:54:24.234Z,0,18.9.3,https://play.google.com/store/apps/details?id=com.grofers.customerapp&reviewId=6d500bdb-f2c0-43d2-a5c6-a1f9354889d4
d84d7e15-b1e0-485b-a57c-0461c43f37ae,play_store,IN,Mr Unknown,1,,damage grocery delivered krte h refundbhi krte,2026-07-17T04:46:42.797Z,0,18.9.3,https://play.google.com/store/apps/details?id=com.grofers.customerapp&reviewId=d84d7e15-b1e0-485b-a57c-0461c43f37ae
474907bc-1f73-4998-8a6f-9c77d6ca0fff,play_store,IN,Kamta Prasad,1,,delivery charge ke main loot Liya,2026-07-17T04:46:03.413Z,0,17.99.1,https://play.google.com/store/apps/details?id=com.grofers.customerapp&reviewId=474907bc-1f73-4998-8a6f-9c77d6ca0fff
12a34737-eade-4a55-ade2-c2bc70401ca9,play_store,IN,Ajay Kumar,5,,bahut achcha hai yah,2026-07-17T04:42:43.787Z,0,18.9.3,https://play.google.com/store/apps/details?id=com.grofers.customerapp&reviewId=12a34737-eade-4a55-ade2-c2bc70401ca9
557fd6d0-4d69-4021-bb6f-4727ad7abf51,play_store,IN,Jayansh,1,,very bad delivery boy bahut badtameej tha,2026-07-17T04:40:55.500Z,0,18.9.3,https://play.google.com/store/apps/details?id=com.grofers.customerapp&reviewId=557fd6d0-4d69-4021-bb6f-4727ad7abf51
1714bf56-67f7-46bd-b9a2-5412c3b3ba37,play_store,IN,Shaikh Iqbal Ahmed Shaikh,3,,can order anything you need . fast Delivery.,2026-07-17T04:39:02.768Z,0,18.9.3,https://play.google.com/store/apps/details?id=com.grofers.customerapp&reviewId=1714bf56-67f7-46bd-b9a2-5412c3b3ba37
90114e53-936d-4efd-bd4e-17385c588e61,play_store,IN,Kalla Narayana,5,,good service and good response sir,2026-07-17T04:37:11.130Z,1,18.9.3,https://play.google.com/store/apps/details?id=com.grofers.customerapp&reviewId=90114e53-936d-4efd-bd4e-17385c588e61
2cec9d2d-d744-41bc-9667-58f4d31cb8b1,play_store,IN,Amrutbhai Rathod,5,,lovely 😍 I just Love the blinkit,2026-07-17T04:37:03.994Z,1,18.9.3,https://play.google.com/store/apps/details?id=com.grofers.customerapp&reviewId=2cec9d2d-d744-41bc-9667-58f4d31cb8b1
94dc7db7-00f6-468f-8371-5c0fc3d3f347,play_store,IN,Neel Taily,1,,rider is trying to avoid shorter route,2026-07-17T04:32:01.576Z,0,18.9.3,https://play.google.com/store/apps/details?id=com.grofers.customerapp&reviewId=94dc7db7-00f6-468f-8371-5c0fc3d3f347
1ad1d588-cd71-4bc9-b431-4a3e6853f145,play_store,IN,Damayanthi Bethala,5,,bilkit is the best in all min delivery apps,2026-07-17T04:28:52.519Z,0,18.9.3,https://play.google.com/store/apps/details?id=com.grofers.customerapp&reviewId=1ad1d588-cd71-4bc9-b431-4a3e6853f145
e2987804-df0b-4a19-8dc8-35e74acf3b59,play_store,IN,Munmun GuhaThakurta,5,,I like the impeccable service of your delivery persons. They are always very courteous.,2026-07-17T04:28:39.878Z,0,18.9.3,https://play.google.com/store/apps/details?id=com.grofers.customerapp&reviewId=e2987804-df0b-4a19-8dc8-35e74acf3b59
2280add2-113e-47f5-b728-43d0558488e0,play_store,IN,suprita nag,4,,very good n very fast,2026-07-17T04:26:17.402Z,0,18.9.3,https://play.google.com/store/apps/details?id=com.grofers.customerapp&reviewId=2280add2-113e-47f5-b728-43d0558488e0
01bed970-db3b-4b0d-b562-999fb1fc1452,play_store,IN,Ravi Pratap Singh Yadav,1,,customer care support is not available No one is helping their valuable customers in return issues.,2026-07-17T04:23:23.874Z,0,18.9.3,https://play.google.com/store/apps/details?id=com.grofers.customerapp&reviewId=01bed970-db3b-4b0d-b562-999fb1fc1452
f1f7dacb-0e9d-4425-9858-92d00d6ae4e0,play_store,IN,Joel Dsouza,1,,worst. keep sending all spoilt fruits..,2026-07-17T04:22:54.293Z,0,18.9.3,https://play.google.com/store/apps/details?id=com.grofers.customerapp&reviewId=f1f7dacb-0e9d-4425-9858-92d00d6ae4e0
f9f3d1df-6454-4607-9d9c-bfbda4969839,play_store,IN,Sumitra Dey,2,,"app allows items to be added to the order and then it creates a new order,, very misleading for the average user",2026-07-17T04:21:13.421Z,0,18.9.3,https://play.google.com/store/apps/details?id=com.grofers.customerapp&reviewId=f9f3d1df-6454-4607-9d9c-bfbda4969839
22d6cf78-a392-46bb-a73e-085decfeb3ad,play_store,IN,Nk Kushwaha,5,,auto place is good but service delivery ke bad pata chalega,2026-07-17T04:18:53.672Z,0,18.7.0,https://play.google.com/store/apps/details?id=com.grofers.customerapp&reviewId=22d6cf78-a392-46bb-a73e-085decfeb3ad
b331276c-530c-4669-993c-f96c597829ba,play_store,IN,Mr RX 100,5,,So use full thankuu soo much,2026-07-17T04:18:52.588Z,0,18.9.3,https://play.google.com/store/apps/details?id=com.grofers.customerapp&reviewId=b331276c-530c-4669-993c-f96c597829ba
b5f3900a-cc98-4c4d-8fdc-a0e0fbe92ba4,play_store,IN,Preetham M,5,,"I run a tea shop, and I can't imagine my life without Blinkit. From morning till evening, I order various products on Blinkit. The quality is top-notch, the delivery is super quick, and the products are available at great prices. Life without Blinkit? I honestly can't even imagine it. Blinkit is simply the best!",2026-07-17T04:14:55.558Z,0,17.47.1,https://play.google.com/store/apps/details?id=com.grofers.customerapp&reviewId=b5f3900a-cc98-4c4d-8fdc-a0e0fbe92ba4
6832c7cc-6964-40da-90fb-4cb21a549627,play_store,IN,monu dwivedi,3,,good 👍👍 order placed on Time & price ok,2026-07-17T04:09:17.916Z,0,18.7.0,https://play.google.com/store/apps/details?id=com.grofers.customerapp&reviewId=6832c7cc-6964-40da-90fb-4cb21a549627
5e829f44-9b95-41b0-bec7-ed4a599c0f50,play_store,IN,Jeenal Khengar,5,,good service and fast delivery,2026-07-17T04:09:06.315Z,0,18.9.3,https://play.google.com/store/apps/details?id=com.grofers.customerapp&reviewId=5e829f44-9b95-41b0-bec7-ed4a599c0f50
7434b347-71ff-4d80-88a3-a189a91afc1d,play_store,IN,arvind kumar,5,,This app is so fast and easy to use.I love this app this is so amazing,2026-07-17T04:08:41.683Z,0,18.9.3,https://play.google.com/store/apps/details?id=com.grofers.customerapp&reviewId=7434b347-71ff-4d80-88a3-a189a91afc1d
d78aa371-1b0d-4b82-844c-f4add3ea51b3,play_store,IN,Ashok Sharma,5,,all over gud service,2026-07-17T04:06:51.266Z,0,,https://play.google.com/store/apps/details?id=com.grofers.customerapp&reviewId=d78aa371-1b0d-4b82-844c-f4add3ea51b3
b28461e8-411c-42c7-a1b4-936f75b5a0e6,play_store,IN,Ash Dalmeda,1,,"Im soo disapointed, today i orderd items in cash delivery method but delivery boy came and asking online payment if we didnt pay in online his QR id will block. i dont understand why he came when his id is blocking when i orderd in cash payment. not today only earlydays i received many issues like missing itemes but they resloved everygood but today this is too much and i have to cancle order when my falut is not there, im uninstalling this app",2026-07-17T04:05:56.695Z,0,,https://play.google.com/store/apps/details?id=com.grofers.customerapp&reviewId=b28461e8-411c-42c7-a1b4-936f75b5a0e6
28338539-9402-4201-aa39-020c7087520d,play_store,IN,Neharam Bhardwaj,5,,blinkit is a good app for grocery shopping... and it reaches the correct time at the doorstep... I am happy 😊 with this app.,2026-07-17T04:02:16.341Z,0,18.9.3,https://play.google.com/store/apps/details?id=com.grofers.customerapp&reviewId=28338539-9402-4201-aa39-020c7087520d
645879e8-1a1c-49cc-97a8-440821c01eaa,play_store,IN,Amar Gajendra,1,,cost is too high of delivery,2026-07-17T04:00:56.522Z,0,18.7.0,https://play.google.com/store/apps/details?id=com.grofers.customerapp&reviewId=645879e8-1a1c-49cc-97a8-440821c01eaa
128a398e-a9c1-43e1-9d2a-c42ec83b0bc7,play_store,IN,Veerendra Rajpurohit,1,,there is no returns policy,2026-07-17T03:59:33.581Z,0,18.9.3,https://play.google.com/store/apps/details?id=com.grofers.customerapp&reviewId=128a398e-a9c1-43e1-9d2a-c42ec83b0bc7
fbb30e7d-bef8-49ad-ad70-77c878e4b13e,play_store,IN,Ankit Sharma,3,,what adding rs 2 extra on per order,2026-07-17T03:57:16.237Z,0,18.3.0,https://play.google.com/store/apps/details?id=com.grofers.customerapp&reviewId=fbb30e7d-bef8-49ad-ad70-77c878e4b13e
8c2a4afe-f3b4-4996-b7ad-c82c679dd8c4,play_store,IN,Shilpa Sirse,1,,"Since early morning, there are a lot of things I have to do so I have ordered 2000 rupees groceries and vegetables. now I see missing items. then I raised concern instead delivering missing items Blinkit is offering refund. my point is 24 rupees missing item again I have to order minimum 200 ruppees. I don't see any customer oriented support here from Blinkit. very disappointing.",2026-07-17T03:56:47.616Z,0,18.7.0,https://play.google.com/store/apps/details?id=com.grofers.customerapp&reviewId=8c2a4afe-f3b4-4996-b7ad-c82c679dd8c4
2bf2e9f8-b496-4d91-a264-1767bf4184eb,play_store,IN,Bharani Dammavalam,1,,It's the worst experience with blinkit. ordered vegetables and received. Every item received is either too small or quantity wise very less. When we order something we expect a reasonable quantity to have it. Cauliflower received is not even enough for a kid to eat. How bad it is. Only thing I understand is taking the advantage of quick delivery so that people can order and receive no matter what the quantity of product. Its just that full filling the required order with number of items. Worst!!,2026-07-17T03:55:07.376Z,0,18.9.3,https://play.google.com/store/apps/details?id=com.grofers.customerapp&reviewId=2bf2e9f8-b496-4d91-a264-1767bf4184eb
9c4e4868-af9a-4daa-adb3-87239c20bee6,play_store,IN,harshil gujarati,4,,delivery very expensive,2026-07-17T03:54:52.683Z,0,18.9.3,https://play.google.com/store/apps/details?id=com.grofers.customerapp&reviewId=9c4e4868-af9a-4daa-adb3-87239c20bee6
584c25a0-c7c9-4ea9-9724-fb0cf4fbe06b,play_store,IN,Kunwar sooryapratap,5,,good delivery good work,2026-07-17T03:53:35.450Z,0,18.9.2,https://play.google.com/store/apps/details?id=com.grofers.customerapp&reviewId=584c25a0-c7c9-4ea9-9724-fb0cf4fbe06b
4d4c1902-4afc-4ccd-8c90-85dd36dae76b,play_store,IN,Mirza Faizan,5,,best app and fast delivery,2026-07-17T03:53:12.273Z,0,18.9.3,https://play.google.com/store/apps/details?id=com.grofers.customerapp&reviewId=4d4c1902-4afc-4ccd-8c90-85dd36dae76b
d474bc29-bd8b-4e58-b717-cabfea86bd05,play_store,IN,Rishika Yadav,2,,parbatpura area m delivery karo plsss nahhh mne bhot jayada Saman mangwaya h blinkit sa buttt abb m kayh karuuuu yah oar area unavailable dikha rha h 😭,2026-07-17T03:49:04.974Z,0,18.9.3,https://play.google.com/store/apps/details?id=com.grofers.customerapp&reviewId=d474bc29-bd8b-4e58-b717-cabfea86bd05
71450107-e2ca-4f85-9f63-748262f1963b,play_store,IN,Mondal Nasim,4,,"too fast delivery always on time ,I am happy ,all items are available everytime 😍",2026-07-17T03:41:40.508Z,0,18.9.3,https://play.google.com/store/apps/details?id=com.grofers.customerapp&reviewId=71450107-e2ca-4f85-9f63-748262f1963b
9b78409d-9449-443d-b3cf-3fac28e87119,play_store,IN,yashika pilania,1,,Extremely poor customer service. Be very careful while ordering something expensive. Use alternatives available.,2026-07-17T03:40:15.437Z,1,18.9.3,https://play.google.com/store/apps/details?id=com.grofers.customerapp&reviewId=9b78409d-9449-443d-b3cf-3fac28e87119
b4319ad9-cdd3-48ed-8ab5-25f5c2e2144a,play_store,IN,Robin Singh,5,,few items cost higher. otherwise all ok,2026-07-17T03:35:02.474Z,0,18.9.3,https://play.google.com/store/apps/details?id=com.grofers.customerapp&reviewId=b4319ad9-cdd3-48ed-8ab5-25f5c2e2144a
c0776b9b-19fa-424c-8b8b-91cf2dc82dbd,play_store,IN,Yogesh Jadhav,4,,good service and instant,2026-07-17T03:31:42.618Z,0,18.3.0,https://play.google.com/store/apps/details?id=com.grofers.customerapp&reviewId=c0776b9b-19fa-424c-8b8b-91cf2dc82dbd
be27d8ca-163f-4049-b9a9-410a20bd99ae,play_store,IN,Artist Master Yashash,3,,when I want a pen i have added that into cart when I go to place order it wasn't in the stock,2026-07-17T03:24:15.930Z,0,18.9.3,https://play.google.com/store/apps/details?id=com.grofers.customerapp&reviewId=be27d8ca-163f-4049-b9a9-410a20bd99ae
1b978a7f-920c-4083-97a8-4a28427f7bcc,play_store,IN,Gautam Nagpal,1,,"I ordered bread, but it arrived damaged and was not fit to eat. I raised a complaint expecting a replacement, as this was needed for my family's breakfast. Instead, I was offered only a refund. A refund does not solve the immediate problem when the product is required urgently. I use Blinkit because it is convenient and I trust the service, but this experience was disappointing. I hope Blinkit improves its customer support by providing replacements for damaged essential items.",2026-07-17T03:19:45.867Z,1,18.7.0,https://play.google.com/store/apps/details?id=com.grofers.customerapp&reviewId=1b978a7f-920c-4083-97a8-4a28427f7bcc
4380e3ae-cbde-49af-92f1-29f99a37af1d,play_store,IN,Sai Anusha,5,,everything is ok but I need dore step delivery but for my area initially it's not taking orders so that I have to change my address to somewhere else so I can receive my order,2026-07-17T03:17:26.696Z,0,18.9.3,https://play.google.com/store/apps/details?id=com.grofers.customerapp&reviewId=4380e3ae-cbde-49af-92f1-29f99a37af1d
6e7414fa-9f7f-4625-a722-5967afaa77e3,play_store,IN,Guna sekar,5,,Very fast and good service,2026-07-17T03:17:18.646Z,0,18.9.3,https://play.google.com/store/apps/details?id=com.grofers.customerapp&reviewId=6e7414fa-9f7f-4625-a722-5967afaa77e3
f2e4cafb-b502-4bb6-b13a-4dcabe2cb1d6,play_store,IN,Swayanlekha Rana,2,,extra delivery charge is not fare,2026-07-17T03:14:32.420Z,0,18.7.0,https://play.google.com/store/apps/details?id=com.grofers.customerapp&reviewId=f2e4cafb-b502-4bb6-b13a-4dcabe2cb1d6
ab42cba4-fb17-40b8-a8b7-ab8d138bc52c,play_store,IN,Hanu Bajpai,5,,best delivery app ever,2026-07-17T03:13:23.786Z,0,18.9.3,https://play.google.com/store/apps/details?id=com.grofers.customerapp&reviewId=ab42cba4-fb17-40b8-a8b7-ab8d138bc52c
a5bed6bd-3791-4866-8337-16e3ce0efb99,play_store,IN,Ankita J,1,,"I am extremely disappointed with my Blinkit experience. The free storage container included with my order arrived broken. A damaged product should never be delivered to a customer, whether it is a free item or a paid one. What made the experience even worse was the poor customer support. My replacement request was denied simply because the main cat food package had already been opened. This is completely unfair, as the issue is with the broken container, not the cat food.",2026-07-17T03:13:07.915Z,0,18.9.3,https://play.google.com/store/apps/details?id=com.grofers.customerapp&reviewId=a5bed6bd-3791-4866-8337-16e3ce0efb99
a817096a-3876-40d9-8a8a-9344174a43d7,play_store,IN,Dips H,5,,super and fast service,2026-07-17T03:09:52.819Z,0,18.9.3,https://play.google.com/store/apps/details?id=com.grofers.customerapp&reviewId=a817096a-3876-40d9-8a8a-9344174a43d7
c72ee153-2ef3-42fc-a95d-77db227b253f,play_store,IN,sanjeev kumar,1,,"coat too high shown after selecting item, it's mean application is cheating to customer",2026-07-17T02:58:09.240Z,0,18.9.3,https://play.google.com/store/apps/details?id=com.grofers.customerapp&reviewId=c72ee153-2ef3-42fc-a95d-77db227b253f
f630a5f4-133d-4d0f-91ee-60a94c7fec8c,play_store,IN,M Y,1,,"Very disappointing support. The app showed a ""Retry Payment"" option, which resulted in a duplicate order. I accepted one order and cancelled the duplicate, but Blinkit still charged a ₹20 cancellation fee for an issue caused by its own payment flow. The support chat closed automatically and didn't even provide a text box to reply. Poor customer service and an unfair policy. Please fix this.",2026-07-17T02:50:54.483Z,0,18.9.3,https://play.google.com/store/apps/details?id=com.grofers.customerapp&reviewId=f630a5f4-133d-4d0f-91ee-60a94c7fec8c
0ed49e31-d02d-4d2b-98cc-cde6ae8366ef,play_store,IN,Nilofer fathima,5,,"actually really the quote is true, that blink is India's last min app,I've used this many times for printouts especially in early morning there are no printout shops but the printout feature helps me a lot and also most of the deliveries are super fast,I love Blinkit",2026-07-17T02:37:10.849Z,0,,https://play.google.com/store/apps/details?id=com.grofers.customerapp&reviewId=0ed49e31-d02d-4d2b-98cc-cde6ae8366ef
691a84c3-ac55-42fb-aac4-16e937918943,play_store,IN,ಗಂಗಾಧರ ಬಿ.ಆರ್,3,,first time dilvary next time star,2026-07-17T02:36:31.260Z,0,18.9.2,https://play.google.com/store/apps/details?id=com.grofers.customerapp&reviewId=691a84c3-ac55-42fb-aac4-16e937918943
d4125ea6-1321-4a85-9f61-f89d51de88c9,play_store,IN,simmi rajput,1,,"आज कल ब्लैंकेट बहुत बेकार प्रोडक्ट भेज रहा है और अगर कोई प्रॉब्लम होती है और अगर हम गलत प्रोडक्ट, और जब हम गलत प्रोडक्ट रिसीव करते हैं तो उनसे बात भी नहीं हो पाती ब्लैंकेट ऐप पर ऑप्शन दे रखे हैं उसमें मैसेज के कंप्यूटराइज लेकिन उससे कोई भी फायदा नहीं है कल मैंने तीन चीज ऑर्डर कीथी रसमलाई थी मैंने जो भी बहुत ज्यादा स्मेल कर रहे थे और बेकार थी लोगों से बात करने की कोशिश कर रहीहूं आई थिंक हमें अब ब्लैंकेट से शॉपिंग करना बंद करना चाहिए..",2026-07-17T02:35:04.725Z,0,,https://play.google.com/store/apps/details?id=com.grofers.customerapp&reviewId=d4125ea6-1321-4a85-9f61-f89d51de88c9
40bf25eb-c143-4a35-8c5e-d0aa58757e2d,play_store,IN,bhushan kumar,1,,it's very bad experience every time I order with this app If I try to return the order or complain about the bed products there is no response because they are not having customer service staff it's 7 day to try daily basis return process but they close the window that the customer does not return the product,2026-07-17T02:34:55.823Z,0,18.7.0,https://play.google.com/store/apps/details?id=com.grofers.customerapp&reviewId=40bf25eb-c143-4a35-8c5e-d0aa58757e2d
18da2124-8923-4c1d-bb37-ad77657a175d,play_store,IN,Shripad Pula,4,,some products are not affordable but i love this service,2026-07-17T02:30:08.422Z,0,18.9.3,https://play.google.com/store/apps/details?id=com.grofers.customerapp&reviewId=18da2124-8923-4c1d-bb37-ad77657a175d
d475c031-78cb-4862-8af7-970a41ff76b4,play_store,IN,Ajinkya Bagde,5,,"Fast, safe and friendly delivery.",2026-07-17T02:25:11.778Z,0,18.7.0,https://play.google.com/store/apps/details?id=com.grofers.customerapp&reviewId=d475c031-78cb-4862-8af7-970a41ff76b4
46c9cf35-30bf-4fe9-9bc3-fa26aebabb14,play_store,IN,Neha Yadav,5,,Last minute saviour 😄,2026-07-17T02:21:09.284Z,0,18.9.3,https://play.google.com/store/apps/details?id=com.grofers.customerapp&reviewId=46c9cf35-30bf-4fe9-9bc3-fa26aebabb14
32f677ec-9ab5-40de-988c-ef0f305d47ef,play_store,IN,Rahul Agarwal,5,,better price than Amazon.,2026-07-17T02:20:27.619Z,0,18.9.3,https://play.google.com/store/apps/details?id=com.grofers.customerapp&reviewId=32f677ec-9ab5-40de-988c-ef0f305d47ef
01ec9644-8f36-41b4-85b0-4d4c465a4dd5,play_store,IN,upendra Mishra,3,,packaging are not coming good now a days . if dairy product r there in order make it separately packed in waterproof bag,2026-07-17T02:20:04.770Z,0,18.9.3,https://play.google.com/store/apps/details?id=com.grofers.customerapp&reviewId=01ec9644-8f36-41b4-85b0-4d4c465a4dd5
05e87598-9201-4b6c-83ba-5f609c658eb1,play_store,IN,Baraiya Mehulbhai,1,,Dissapointing srvice my parcel was not really delivered and if you call delivery boy they gave you another delivery boy's number to talk and when I call the second one they gave me the third number and the third person give me fourth number and my parcel 📦 which I paid rs 5000rs was missing and nobody is a responsible person or incharge person was found big name poor service 🙁,2026-07-17T02:14:54.757Z,0,,https://play.google.com/store/apps/details?id=com.grofers.customerapp&reviewId=05e87598-9201-4b6c-83ba-5f609c658eb1
4f4a9a9b-abd6-48f3-bc1c-e2712fa54398,play_store,IN,Sreeramamurthy G,5,,Good and fast beat and clean delivery,2026-07-17T02:09:33.690Z,0,,https://play.google.com/store/apps/details?id=com.grofers.customerapp&reviewId=4f4a9a9b-abd6-48f3-bc1c-e2712fa54398
9d085cc0-5a09-4f38-bfff-837d0922a5cf,play_store,IN,CsiMoN AnDeRSoN,5,,"I just love this app, I had been using it since 1year now. The delivery is fast and reliable in good packaging, also the product prices are competitive with D-Mart like stores. keep up the good work 👍",2026-07-17T02:05:37.443Z,0,18.9.3,https://play.google.com/store/apps/details?id=com.grofers.customerapp&reviewId=9d085cc0-5a09-4f38-bfff-837d0922a5cf
7e3729ae-3dab-45d0-896f-f92a70eda42d,play_store,IN,Vaibhav Rathod,1,,not satisfied with delivery,2026-07-17T02:02:46.333Z,0,18.9.3,https://play.google.com/store/apps/details?id=com.grofers.customerapp&reviewId=7e3729ae-3dab-45d0-896f-f92a70eda42d
f04acd49-2ee2-4f48-a307-665599fb9c6e,play_store,IN,DR.U.K RANJAN,3,,डिलीवरी बॉय बहुत सीरियस नहीं रहता है समय ज्यादा लगता है,2026-07-17T01:58:26.132Z,0,18.9.3,https://play.google.com/store/apps/details?id=com.grofers.customerapp&reviewId=f04acd49-2ee2-4f48-a307-665599fb9c6e
667a1d2f-146d-4b7c-b99a-f925707a0f55,play_store,IN,MAMONI DUTTA,4,,I want to tell you guys that why you take extra charges me like middle class family can't effort it easily take it with no changes and sell then in their original prize,2026-07-17T01:57:09.939Z,0,18.9.3,https://play.google.com/store/apps/details?id=com.grofers.customerapp&reviewId=667a1d2f-146d-4b7c-b99a-f925707a0f55
f05896ad-eea0-4149-b2aa-b59692385829,play_store,IN,Satendra Singh,5,,bar bar order cancel hua ....16/07/26......4/5 bar ....not good service,2026-07-17T01:55:21.901Z,0,18.9.3,https://play.google.com/store/apps/details?id=com.grofers.customerapp&reviewId=f05896ad-eea0-4149-b2aa-b59692385829
93972669-9d53-4ace-acfb-2d5c67d3b49e,play_store,IN,Seenu Reddy,5,,"excellent service , try your best to upkeep blinkit standards",2026-07-17T01:42:29.132Z,0,18.9.3,https://play.google.com/store/apps/details?id=com.grofers.customerapp&reviewId=93972669-9d53-4ace-acfb-2d5c67d3b49e
2e1a9ec8-fed8-45ba-8d8e-aad1a588f02c,play_store,IN,Naushad Mallick,5,,it is very good experience. thanks blinkit,2026-07-17T01:21:58.227Z,0,18.7.0,https://play.google.com/store/apps/details?id=com.grofers.customerapp&reviewId=2e1a9ec8-fed8-45ba-8d8e-aad1a588f02c
07ff2d19-6b50-4ced-afde-347e327da17f,play_store,IN,Sohan Banai,5,,"Sohan Banai It's good, you can order in it.",2026-07-17T01:18:59.364Z,0,18.9.3,https://play.google.com/store/apps/details?id=com.grofers.customerapp&reviewId=07ff2d19-6b50-4ced-afde-347e327da17f
5963344e-ff0f-43d8-9ea9-72b743d5240a,play_store,IN,ABHILASHA CHOUDHARY,5,,really its blinkit have good service,2026-07-17T01:15:18.293Z,0,18.9.3,https://play.google.com/store/apps/details?id=com.grofers.customerapp&reviewId=5963344e-ff0f-43d8-9ea9-72b743d5240a
3dd4d153-9c4a-47cf-ac03-778c24f36633,play_store,IN,ASHOKSINH ZALA,5,,All Services Good but Delivery Partner Live Location Update second to second..,2026-07-17T01:14:39.513Z,0,18.9.3,https://play.google.com/store/apps/details?id=com.grofers.customerapp&reviewId=3dd4d153-9c4a-47cf-ac03-778c24f36633
1db1fe67-b979-4de7-993b-378a0019149c,play_store,IN,Sneha Thapa,5,,I lovee blinkint deliver groceries in time and delivery partners are also good I appreciate blinkit❤️,2026-07-17T01:04:04.426Z,0,17.99.1,https://play.google.com/store/apps/details?id=com.grofers.customerapp&reviewId=1db1fe67-b979-4de7-993b-378a0019149c
6cd878bd-f0f2-42c5-874e-af412386782c,play_store,IN,Sandeep Saini,1,,always late delivery,2026-07-17T00:59:36.845Z,0,18.7.0,https://play.google.com/store/apps/details?id=com.grofers.customerapp&reviewId=6cd878bd-f0f2-42c5-874e-af412386782c
9b4cdeb9-7d35-466c-b7a9-2dbadfde85f1,play_store,IN,Saud Sayyed,3,,"i select the product to buy.. And after 10 minutes blinkit automatically increases the demand and says ""due to high demand add more product for free delivery.. 😆 What a joke.. Typical thug mentality.. I just empty the cart.. And i dont buy anything... 😆 Simple.. Sudhar jao blinkit customers bewakoof nahi hain..",2026-07-16T23:46:38.184Z,4,18.9.3,https://play.google.com/store/apps/details?id=com.grofers.customerapp&reviewId=9b4cdeb9-7d35-466c-b7a9-2dbadfde85f1
644e0cfc-9f7d-40e5-b709-d68ab3886adc,play_store,IN,Pawar Aditya Dipak,1,,delivery time is very high in night 1st it shows 13 minutes later it shows 23 minutes after sometime please fix it or dont take orders,2026-07-16T22:20:09.989Z,0,18.9.3,https://play.google.com/store/apps/details?id=com.grofers.customerapp&reviewId=644e0cfc-9f7d-40e5-b709-d68ab3886adc
98207ea5-face-4ad2-aed9-b0bf436b2132,play_store,IN,Anand Jangande,1,,price too high in night and delivery charges handling charges packaging charges,2026-07-16T21:05:52.403Z,1,18.7.0,https://play.google.com/store/apps/details?id=com.grofers.customerapp&reviewId=98207ea5-face-4ad2-aed9-b0bf436b2132
ac3c0bde-ba3d-406a-a190-0a9bd0d441d5,play_store,IN,Karthiksaamy Karthiksaamy,4,,payment system? 😡🤬😤 tension 🤬🤬🤬🤬🤬🤬,2026-07-16T20:25:42.189Z,0,18.9.3,https://play.google.com/store/apps/details?id=com.grofers.customerapp&reviewId=ac3c0bde-ba3d-406a-a190-0a9bd0d441d5
a1857a05-289d-4d3c-8fe0-a3412863c269,play_store,IN,Anwar sultana,1,,"worst service representative, received a new product which is defective. and after a conversation of half an hour. I receive a msg that contact the brand for the product. conversation suddenly ends.",2026-07-16T20:12:45.618Z,0,18.9.3,https://play.google.com/store/apps/details?id=com.grofers.customerapp&reviewId=a1857a05-289d-4d3c-8fe0-a3412863c269
b898a0d3-bf75-4bc6-a7e7-d3fb4ed24fcb,play_store,IN,Jagath manotej,1,,worst app .some time item are missing and refuses to give refund waste,2026-07-16T19:50:10.951Z,0,18.9.3,https://play.google.com/store/apps/details?id=com.grofers.customerapp&reviewId=b898a0d3-bf75-4bc6-a7e7-d3fb4ed24fcb
afacfd5d-9ad6-42f8-b6d4-42500f872a6c,play_store,IN,Rom K,1,,"I ordered and waited for 1hr but not received my order, when I asked on chat the canceled my order ,",2026-07-16T19:43:40.884Z,0,18.9.3,https://play.google.com/store/apps/details?id=com.grofers.customerapp&reviewId=afacfd5d-9ad6-42f8-b6d4-42500f872a6c
899cbe1c-b4a2-42be-b485-54b0472aa608,play_store,IN,Amit Singh,1,,मेरा घर जयपुर में सिरसी विधायक का में है तो भी यह ब्लैंकेट मेरे पास में नहीं आ रहा है मुझे पता है कि हमारे पास में थोड़े से दूर में ही ब्लैंकेट की है तो भी हमारे घर पर नहीं आ रहा है ब्लैंकेट तो मेरा यह कंप्लेन है अगर यह लोग कोई सामान घर पर नहीं पहुंचा सकता है तो आप इस ऐप को बंद कर दीजिए 😡😡😡😡,2026-07-16T19:31:24.784Z,0,18.9.3,https://play.google.com/store/apps/details?id=com.grofers.customerapp&reviewId=899cbe1c-b4a2-42be-b485-54b0472aa608
33d71f8d-536a-40c3-a6d7-9491a8744264,play_store,IN,Ibra Bilal,1,,very bad I have ordered ice cream once it came all melted and now again it's came in half quantity with seal open,2026-07-16T19:29:43.698Z,0,18.3.0,https://play.google.com/store/apps/details?id=com.grofers.customerapp&reviewId=33d71f8d-536a-40c3-a6d7-9491a8744264
e8ae7f36-22ad-44cf-a52b-93e39bf0f8db,play_store,IN,Tejpal singh Tejpal,5,,very testy and Creamy,2026-07-16T19:20:48.429Z,0,18.9.3,https://play.google.com/store/apps/details?id=com.grofers.customerapp&reviewId=e8ae7f36-22ad-44cf-a52b-93e39bf0f8db
9c3a21c7-e2d6-4560-8b0a-d8cd177e64f4,play_store,IN,Hritik Sinha,5,,very useful App to shopping.,2026-07-16T19:13:54.710Z,0,,https://play.google.com/store/apps/details?id=com.grofers.customerapp&reviewId=9c3a21c7-e2d6-4560-8b0a-d8cd177e64f4
ed13af6a-49ec-4176-aaa6-bd21b6f82a25,play_store,IN,jaggu jeet,5,,"Blinkit new update is unexpected , good",2026-07-16T19:09:57.133Z,0,18.9.3,https://play.google.com/store/apps/details?id=com.grofers.customerapp&reviewId=ed13af6a-49ec-4176-aaa6-bd21b6f82a25
331857b9-9e4f-498c-98b8-39266f232f9a,play_store,IN,ravigorava gorava,5,,this app is really good 😊,2026-07-16T19:04:21.819Z,0,,https://play.google.com/store/apps/details?id=com.grofers.customerapp&reviewId=331857b9-9e4f-498c-98b8-39266f232f9a
5783b06a-a914-468f-b32e-9740b90f5fdb,play_store,IN,Vipul Chauhan,5,,very nice app and very helpful.,2026-07-16T18:52:03.843Z,0,18.9.3,https://play.google.com/store/apps/details?id=com.grofers.customerapp&reviewId=5783b06a-a914-468f-b32e-9740b90f5fdb
2e8cd57c-07c9-43a3-a90e-b08ed219bbea,play_store,IN,Ajay Ahlawat,1,,upi app se peyment done hone k bad blink it me payment recive nhi hui,2026-07-16T18:47:00.103Z,0,18.9.3,https://play.google.com/store/apps/details?id=com.grofers.customerapp&reviewId=2e8cd57c-07c9-43a3-a90e-b08ed219bbea
d93ff61f-179e-4a71-ac56-a1c1713ccdb1,play_store,IN,Uday Swami,5,,So quick and polite also many varaties,2026-07-16T18:44:12.650Z,0,18.9.3,https://play.google.com/store/apps/details?id=com.grofers.customerapp&reviewId=d93ff61f-179e-4a71-ac56-a1c1713ccdb1
4c5efb2a-f668-4e13-9869-2b785c3e048e,play_store,IN,Fazal Shaikh,5,,best app ever 10 on 10,2026-07-16T18:39:41.310Z,0,,https://play.google.com/store/apps/details?id=com.grofers.customerapp&reviewId=4c5efb2a-f668-4e13-9869-2b785c3e048e
6db2ddb2-819f-4861-9e0f-43ec6d880117,play_store,IN,Sameer,5,,best app in the whole world,2026-07-16T18:34:13.464Z,0,18.7.0,https://play.google.com/store/apps/details?id=com.grofers.customerapp&reviewId=6db2ddb2-819f-4861-9e0f-43ec6d880117
1a158624-94fe-403a-b07a-b04275bb3e94,play_store,IN,MOHIT Keshri,1,,for 10 rs item they are charging 40,2026-07-16T18:33:11.324Z,0,18.9.3,https://play.google.com/store/apps/details?id=com.grofers.customerapp&reviewId=1a158624-94fe-403a-b07a-b04275bb3e94
7c4b37c4-a00c-4d98-aed7-2f3b0d625bf0,play_store,IN,Anshika kumari,5,,yah best dilevery app hai kyu ki yah saman ke sath sath insaniyat bhi bantate Hai abhi he blinkit ke ambulance 🚑 survice ne kamal kar diya hai or toh or yah free survice hai.... please blinkit esko hamesha free rakhiye ga kyu ki aap jaise log ge hai jo insaniyat dikha rahe aapke ek service se 1 family safe ho pa Raha save ho paa raha thankyou thankyou so much blinkit...... once again you are the best,2026-07-16T18:29:11.394Z,0,,https://play.google.com/store/apps/details?id=com.grofers.customerapp&reviewId=7c4b37c4-a00c-4d98-aed7-2f3b0d625bf0
2c04af17-cf5b-4dc8-9d0d-a4676d536487,play_store,IN,prakash amboiram,3,,terribly fast delivery. very useful in times of need. problem is that they don't deliver at the doorstep. that's not correct,2026-07-16T18:11:15.320Z,0,18.7.0,https://play.google.com/store/apps/details?id=com.grofers.customerapp&reviewId=2c04af17-cf5b-4dc8-9d0d-a4676d536487
ea6b1254-4c04-471e-96c9-4ca1a050c126,play_store,IN,Kirankumar bn,1,,I ordered bluetooth but item is not received support team not take any action regardind this . please don't use blinkit,2026-07-16T18:10:05.892Z,0,18.9.3,https://play.google.com/store/apps/details?id=com.grofers.customerapp&reviewId=ea6b1254-4c04-471e-96c9-4ca1a050c126
33b8421e-368d-44fb-9619-c14e403d6762,play_store,IN,Payal Singh,5,,the app is to good in emergency it delivered the item that wasn't at home and it delivered me in 9 minutes,2026-07-16T18:08:54.741Z,0,18.9.3,https://play.google.com/store/apps/details?id=com.grofers.customerapp&reviewId=33b8421e-368d-44fb-9619-c14e403d6762
d1b8d3eb-88bb-4931-a274-ac14a6aba7fb,play_store,IN,Pushpendar Kushwaha,1,,order kiye 3 lake diye,2026-07-16T18:06:45.113Z,0,18.9.2,https://play.google.com/store/apps/details?id=com.grofers.customerapp&reviewId=d1b8d3eb-88bb-4931-a274-ac14a6aba7fb
47607d1f-eb9e-406b-b717-60300901daec,play_store,IN,Vidyaa Singh,4,,its really helpfull but sometimes delivery man doesn't want to come at doorstep!,2026-07-16T18:06:11.490Z,0,18.9.3,https://play.google.com/store/apps/details?id=com.grofers.customerapp&reviewId=47607d1f-eb9e-406b-b717-60300901daec
398abc10-c530-49b6-9954-ab9259f00bd7,play_store,IN,Adithe Maitra,4,,please check many .. crowded places don't get delivered.. i request you to see in west bengal Siliguri fulbari binnaguri allow dilivery because we also use blinkit .. please see if you can allow to deliver items from blinkit,2026-07-16T18:04:48.376Z,0,18.3.0,https://play.google.com/store/apps/details?id=com.grofers.customerapp&reviewId=398abc10-c530-49b6-9954-ab9259f00bd7
4128c395-7ad3-4aa0-9947-dae2a8380944,play_store,IN,Desi gaming,5,,very nice and beautiful,2026-07-16T18:03:13.772Z,0,18.9.3,https://play.google.com/store/apps/details?id=com.grofers.customerapp&reviewId=4128c395-7ad3-4aa0-9947-dae2a8380944
83e3554f-a118-41a1-b37f-9a844e9ba0f5,play_store,IN,koushik A05H7,5,,best service in this segment of delivery apps..,2026-07-16T18:01:24.611Z,0,,https://play.google.com/store/apps/details?id=com.grofers.customerapp&reviewId=83e3554f-a118-41a1-b37f-9a844e9ba0f5
89a94aca-1068-49e3-934c-df762d618702,play_store,IN,Harshada Bhosale,1,,"blinkit is the most useless app ,Never delivers goods on time.",2026-07-16T17:58:36.113Z,0,18.9.3,https://play.google.com/store/apps/details?id=com.grofers.customerapp&reviewId=89a94aca-1068-49e3-934c-df762d618702
f4d5cf57-aacc-465a-8f85-6004b0b7995c,play_store,IN,Faraz Khan,2,,some of thier delivery partners don't care about goods they are delivering. i ordered some foods including eggs but i received broken eggs and i don't have to say a thing to any person that can immediately resolve this.,2026-07-16T17:56:25.967Z,0,18.9.3,https://play.google.com/store/apps/details?id=com.grofers.customerapp&reviewId=f4d5cf57-aacc-465a-8f85-6004b0b7995c
34ee14f6-2c3c-42fe-96d6-f0c4df3d41db,play_store,IN,Kaifi Ahamad,5,,bahut zyada hi mast or accha app hai,2026-07-16T17:55:40.962Z,0,18.9.3,https://play.google.com/store/apps/details?id=com.grofers.customerapp&reviewId=34ee14f6-2c3c-42fe-96d6-f0c4df3d41db
6614fcbc-0b5b-414f-af82-02e05325f540,play_store,IN,Mafidur Rahman,5,,Very good service of delivery but some product specially vegetables should be focused for quality improvement.,2026-07-16T17:55:10.341Z,0,18.7.0,https://play.google.com/store/apps/details?id=com.grofers.customerapp&reviewId=6614fcbc-0b5b-414f-af82-02e05325f540
99ed7e16-9ea1-44fe-91bd-d7a552ec0939,play_store,IN,sachin arora,1,,really dispoint with blinkit wallet service very poor unable to use wallet money not using upi also cash on delivery,2026-07-16T17:51:55.000Z,0,16.37.1,https://play.google.com/store/apps/details?id=com.grofers.customerapp&reviewId=99ed7e16-9ea1-44fe-91bd-d7a552ec0939
a73a3965-4d3d-406d-b11a-fb2e868a6d35,play_store,IN,Nadheer K P,5,,next level mid night early service kudos. thankyou,2026-07-16T17:44:43.545Z,0,18.9.3,https://play.google.com/store/apps/details?id=com.grofers.customerapp&reviewId=a73a3965-4d3d-406d-b11a-fb2e868a6d35
abc9018e-11c1-470d-aeae-1b440f354561,play_store,IN,Avnish Naila,1,,very poor delivery or paisa jyada kat lete he lutne ki machine he ye sab,2026-07-16T17:40:23.506Z,0,18.3.0,https://play.google.com/store/apps/details?id=com.grofers.customerapp&reviewId=abc9018e-11c1-470d-aeae-1b440f354561
387ad81b-39c7-4377-8e1f-4940358bb121,play_store,IN,Monika Kurhade,1,,bad experience with this order very rude behaviour,2026-07-16T17:40:16.976Z,0,18.9.3,https://play.google.com/store/apps/details?id=com.grofers.customerapp&reviewId=387ad81b-39c7-4377-8e1f-4940358bb121
7d748d66-272b-4244-be46-15df24ee9591,play_store,IN,Rijaya Vardhan,1,,"tomatoes are very bad and rotten, it sticks, please collect it back and stop giving bad items at online purchase.",2026-07-16T17:39:55.900Z,0,18.9.3,https://play.google.com/store/apps/details?id=com.grofers.customerapp&reviewId=7d748d66-272b-4244-be46-15df24ee9591
868aca78-b837-4e3f-b79e-186a06d87dbf,play_store,IN,abhinay Kanth,5,,"Good, on time delivery",2026-07-16T17:37:50.539Z,0,18.7.0,https://play.google.com/store/apps/details?id=com.grofers.customerapp&reviewId=868aca78-b837-4e3f-b79e-186a06d87dbf
29fd659a-8cec-4cb2-85f1-34806ab0c408,play_store,IN,Shivani Makwana,2,,verry poor experience,2026-07-16T17:37:29.536Z,0,18.9.3,https://play.google.com/store/apps/details?id=com.grofers.customerapp&reviewId=29fd659a-8cec-4cb2-85f1-34806ab0c408
94bb1575-d400-4a87-8abc-de855de4dcf9,play_store,IN,Dhanunjay12d Dhanunjay12d,1,,you are not taking my return order 😡🤬,2026-07-16T17:33:11.339Z,0,,https://play.google.com/store/apps/details?id=com.grofers.customerapp&reviewId=94bb1575-d400-4a87-8abc-de855de4dcf9
c6714d6e-4dda-4d2f-ab43-be26e11a239a,play_store,IN,Bhima Rabari,5,,good app for shopping,2026-07-16T17:31:27.836Z,0,18.9.3,https://play.google.com/store/apps/details?id=com.grofers.customerapp&reviewId=c6714d6e-4dda-4d2f-ab43-be26e11a239a
2311e534-3988-4d07-832a-66442e75fdf2,play_store,IN,Md Adil,1,,not working properly,2026-07-16T17:26:33.382Z,0,18.9.3,https://play.google.com/store/apps/details?id=com.grofers.customerapp&reviewId=2311e534-3988-4d07-832a-66442e75fdf2
0b99eb26-5aff-4e6d-8ba2-88211001faf6,play_store,IN,Vishal,5,,yes its indias last minute app...loving it,2026-07-16T17:26:07.481Z,0,18.7.0,https://play.google.com/store/apps/details?id=com.grofers.customerapp&reviewId=0b99eb26-5aff-4e6d-8ba2-88211001faf6
f2a1ed23-02d9-4e30-ac34-6ef65363e252,play_store,IN,Vipanchi Vijay,5,,blinkit delivers your order on time,2026-07-16T17:23:00.417Z,0,18.9.3,https://play.google.com/store/apps/details?id=com.grofers.customerapp&reviewId=f2a1ed23-02d9-4e30-ac34-6ef65363e252
fb5ae716-5a83-4e47-afe3-2b3d582c4142,play_store,IN,Sarika Mishra,5,,blinkit ambulance build a trust thankyou,2026-07-16T17:22:24.851Z,0,,https://play.google.com/store/apps/details?id=com.grofers.customerapp&reviewId=fb5ae716-5a83-4e47-afe3-2b3d582c4142
1bbcd8e6-eb58-4373-9213-4ee13537a136,play_store,IN,VIRENDRA KUMAR ARYA,5,,best app for fat work,2026-07-16T17:18:18.288Z,0,18.9.3,https://play.google.com/store/apps/details?id=com.grofers.customerapp&reviewId=1bbcd8e6-eb58-4373-9213-4ee13537a136
9ce81cc4-cd29-49c1-8431-ef357a14643e,play_store,IN,Lalith De,5,,I like blinkit but what I want that was out of stock,2026-07-16T17:17:19.790Z,0,,https://play.google.com/store/apps/details?id=com.grofers.customerapp&reviewId=9ce81cc4-cd29-49c1-8431-ef357a14643e
4f387f1a-5553-45d3-9d50-4a97a2fb01e8,play_store,IN,Vins Poddar,1,,I ordered one TV Remote of Downey company and it was faulty and the voice control was not working. it was written that the replacement will be available but for 7 days of purchase. immediately after purchase I have raised concern. the assistant Aditi from the blinkit wasted my 1 & 1/2hr with her half knowledge to resolve the issue and at the end she said she can't replace because the remote is perfectly fine and the issue is with the TV even after sharing all evidence videos. very poor service.,2026-07-16T17:14:57.718Z,0,,https://play.google.com/store/apps/details?id=com.grofers.customerapp&reviewId=4f387f1a-5553-45d3-9d50-4a97a2fb01e8
774cb769-0843-48a8-89ee-556c5807fcea,play_store,IN,Ashish sharma,1,,today I have ordered a charger once I have checked in my cell phone it is not working properly once I have reserve request and blanket customer care he said there is no refund and refund policy this is your waste of services no politerately services worst of services your guys app providing to the customers I suggest each and everyone person don't install blanket I suggest try another platform which one is providing the bus service to the customers worst of services very poor services poor. 😡,2026-07-16T17:13:52.596Z,0,18.9.3,https://play.google.com/store/apps/details?id=com.grofers.customerapp&reviewId=774cb769-0843-48a8-89ee-556c5807fcea
ca6a5177-aa47-4ac9-809a-d3334faeef5f,play_store,IN,RAHUL B,1,,I can order in this blinkit i have blinkit money I am placing order it coming like unable to order what happing very bad and blink not responding waste of time in this app don't use this app for emargency waste,2026-07-16T17:07:55.533Z,0,18.9.3,https://play.google.com/store/apps/details?id=com.grofers.customerapp&reviewId=ca6a5177-aa47-4ac9-809a-d3334faeef5f
39774ca2-def0-418c-bdd8-ff225e96c69e,play_store,IN,Vikas,1,,"order par 7 day replacement likha hota h , glti se galat charger order ho gya 7 din chhodo 7 minute baad mukar gye total frod or 2 sal se use kar raha tha but please uninstall kar do me bhi kar raha hu local dukano se saman lo",2026-07-16T17:06:58.626Z,0,,https://play.google.com/store/apps/details?id=com.grofers.customerapp&reviewId=39774ca2-def0-418c-bdd8-ff225e96c69e
0da62b50-9d8a-4d99-932a-f0c84e359c3b,play_store,IN,Supriyo Dey,5,,Very Good Experience.,2026-07-16T17:04:16.465Z,0,18.9.3,https://play.google.com/store/apps/details?id=com.grofers.customerapp&reviewId=0da62b50-9d8a-4d99-932a-f0c84e359c3b
accbe296-26b0-4237-803d-3970cbd27239,play_store,IN,Anshu Shakya,5,,great only 7 minute fast delivery in my home 🏠,2026-07-16T16:55:20.971Z,0,18.9.3,https://play.google.com/store/apps/details?id=com.grofers.customerapp&reviewId=accbe296-26b0-4237-803d-3970cbd27239
c47b5a31-1b7f-4d83-9dd6-97d728fe901a,play_store,IN,Sunil Kumar,1,,"I contacted Blinkit and they refused to replace the product. I tried complaining from the time I received the product but they keep on refusing my request. Then they said the product is same, it's just the packaging but when we cooked the rice it's completely different. Our family can't eat it. Using the app for years. It's a shame. Uninstalling the app.",2026-07-16T16:54:52.540Z,0,18.9.3,https://play.google.com/store/apps/details?id=com.grofers.customerapp&reviewId=c47b5a31-1b7f-4d83-9dd6-97d728fe901a
7860e0bf-6c9a-4814-b261-39237610196d,play_store,IN,tirlok singh,5,,good first I will happy I need more discount to you,2026-07-16T16:48:07.229Z,0,17.71.2,https://play.google.com/store/apps/details?id=com.grofers.customerapp&reviewId=7860e0bf-6c9a-4814-b261-39237610196d
4940fb1e-7fe9-425a-8a59-7d44bd51b0ef,play_store,IN,Farhin Ansari,5,,so far the experience is good,2026-07-16T16:40:51.610Z,0,18.9.3,https://play.google.com/store/apps/details?id=com.grofers.customerapp&reviewId=4940fb1e-7fe9-425a-8a59-7d44bd51b0ef
b16613e1-e5f0-46e9-b0ec-ca422c4a8e47,play_store,IN,BIM INDIA,1,,"Late delivery, for 1.3km it takes 23 minutes to deliver....",2026-07-16T16:38:40.436Z,0,,https://play.google.com/store/apps/details?id=com.grofers.customerapp&reviewId=b16613e1-e5f0-46e9-b0ec-ca422c4a8e47
eed37f3d-aeac-4b0e-bc2b-7254e6c76fe8,play_store,IN,Ashish Nadiyapara,1,,it's very bed experience. not replying properly about product warranty.,2026-07-16T16:37:23.840Z,0,18.9.3,https://play.google.com/store/apps/details?id=com.grofers.customerapp&reviewId=eed37f3d-aeac-4b0e-bc2b-7254e6c76fe8
49e6cea3-96d0-402a-ada2-260cbd563262,play_store,IN,Aswathi Kumar,5,,very short way for us and it's helpful,2026-07-16T16:32:05.602Z,0,18.9.3,https://play.google.com/store/apps/details?id=com.grofers.customerapp&reviewId=49e6cea3-96d0-402a-ada2-260cbd563262
b2008afd-4212-4599-974c-07597a66802b,play_store,IN,Kamal Tyagi,1,,too much delay in most of the orders. and no responsibility from blinkit even if order is taking more than 35 mins,2026-07-16T16:31:08.741Z,0,,https://play.google.com/store/apps/details?id=com.grofers.customerapp&reviewId=b2008afd-4212-4599-974c-07597a66802b
cf66a4f7-1d23-49cf-8150-76d5c4fa3432,play_store,IN,Ganesh Rai,4,,theek thak par rat thora kam hona chahiye,2026-07-16T16:26:50.965Z,0,17.55.3,https://play.google.com/store/apps/details?id=com.grofers.customerapp&reviewId=cf66a4f7-1d23-49cf-8150-76d5c4fa3432
5b0b4f86-97cf-46dd-8399-f0eb3b309a0f,play_store,IN,Dr. Mahavidya Saraswati Gurudevji,5,,blinkit is available when nobody else all are closed . thankyou blinkit,2026-07-16T16:24:00.781Z,0,18.7.0,https://play.google.com/store/apps/details?id=com.grofers.customerapp&reviewId=5b0b4f86-97cf-46dd-8399-f0eb3b309a0f
26242355-3212-472e-9c6c-eab16caaa564,play_store,IN,Pranjal Thakur,2,,to much expensive item they have,2026-07-16T16:22:54.143Z,0,,https://play.google.com/store/apps/details?id=com.grofers.customerapp&reviewId=26242355-3212-472e-9c6c-eab16caaa564
8f5ed530-8ffb-4361-a4f9-807097282509,play_store,IN,Raj Naik,1,,They just keep going Down with service; it's never Available.. Although my place is right next to the Warehouse.. Previous Review at 3 stars: I don't think you'll last long with level of service in Margao it's been too frequent that orders are being cancelled or delayed (also tampered with once) atleast keep COD 'on' so we don't have to wait for refund when you fail at your commitment.,2026-07-16T16:22:36.164Z,1,18.9.3,https://play.google.com/store/apps/details?id=com.grofers.customerapp&reviewId=8f5ed530-8ffb-4361-a4f9-807097282509
4853ba54-7f24-4043-8157-fa596c446868,play_store,IN,Vidur Sharma,5,,It's a good platform and makes people happy by delivering on time 🙂,2026-07-16T16:21:30.351Z,0,17.99.1,https://play.google.com/store/apps/details?id=com.grofers.customerapp&reviewId=4853ba54-7f24-4043-8157-fa596c446868
5b804531-9720-413a-9e9b-7b3a98b579a9,play_store,IN,Gayathri Sivakumar,1,,My first order with blinkit was the worst delivery experience I have ever had. There was no proper connectivity between delivery partner and the customer. And even assistance provided through the app took a very long time. I request you to resolve these issues before expanding your delivery services. The very purpose of the app is to create a smoother and quick delivery(blink ittt) but it's making things harder than usual.#,2026-07-16T16:18:54.230Z,0,18.9.3,https://play.google.com/store/apps/details?id=com.grofers.customerapp&reviewId=5b804531-9720-413a-9e9b-7b3a98b579a9
613c56f2-e409-4946-9198-60cad55cb91e,play_store,IN,Munish Chandel,1,,worst app i selected current location I am getting far away location due to which I suffered alot and their delivery partner not know how to speak,2026-07-16T16:18:33.494Z,0,,https://play.google.com/store/apps/details?id=com.grofers.customerapp&reviewId=613c56f2-e409-4946-9198-60cad55cb91e
1e645fa5-7931-4ede-bd0b-007f8bf60da0,play_store,IN,Thilaka,1,,worst payment options,2026-07-16T16:17:26.543Z,0,,https://play.google.com/store/apps/details?id=com.grofers.customerapp&reviewId=1e645fa5-7931-4ede-bd0b-007f8bf60da0
d3a16189-a153-4f37-a1b0-7ed4a3620c79,play_store,IN,Shubham jain,5,,for me is the best aap I have ever seen,2026-07-16T16:17:21.126Z,0,17.95.4,https://play.google.com/store/apps/details?id=com.grofers.customerapp&reviewId=d3a16189-a153-4f37-a1b0-7ed4a3620c79
27e9289c-8b43-4374-b772-bef5155f0614,play_store,IN,moumita ghosh,1,,stocks turn limited+ no offers,2026-07-16T16:10:22.333Z,0,18.9.3,https://play.google.com/store/apps/details?id=com.grofers.customerapp&reviewId=27e9289c-8b43-4374-b772-bef5155f0614
1dc29c82-7174-470a-aacf-0aa8b9e1b2b5,play_store,IN,Pradeep Singh,1,,very pathetic service by blinkit. not delivered the order n Debit your amount. not getting refunded your amount. only gave. coupon which are useless. not recommended this app in Rudrapur. very pathetic service here.,2026-07-16T16:10:09.714Z,0,18.9.3,https://play.google.com/store/apps/details?id=com.grofers.customerapp&reviewId=1dc29c82-7174-470a-aacf-0aa8b9e1b2b5
e1a2b41a-f74e-4971-9846-012200d25ecf,play_store,IN,Raunav Khanra,1,,all is good in this app . But it's service did not deliver in rural area,2026-07-16T15:59:48.626Z,0,18.9.3,https://play.google.com/store/apps/details?id=com.grofers.customerapp&reviewId=e1a2b41a-f74e-4971-9846-012200d25ecf
2933eaae-46fb-4228-9f5d-af0486802946,play_store,IN,Nitin Vishwakarma,2,,handling and delivery charges should be as per distance,2026-07-16T15:58:18.962Z,0,,https://play.google.com/store/apps/details?id=com.grofers.customerapp&reviewId=2933eaae-46fb-4228-9f5d-af0486802946
47d2d8ea-c34e-4e8b-8039-38a830eb2838,play_store,IN,Imran Khan,1,,most of the time items received are damaged one specially bread,2026-07-16T15:55:55.314Z,0,18.9.3,https://play.google.com/store/apps/details?id=com.grofers.customerapp&reviewId=47d2d8ea-c34e-4e8b-8039-38a830eb2838
ec38f198-f9d8-4ce4-9ca9-22e8b5073e27,play_store,IN,Rahul Yadav,5,,"You guys don't give me offers, and I've been doing blanket trading for a long time. The offers I get aren't through banks or UPI, so I'm very concerned about that.",2026-07-16T15:54:38.511Z,0,18.9.3,https://play.google.com/store/apps/details?id=com.grofers.customerapp&reviewId=ec38f198-f9d8-4ce4-9ca9-22e8b5073e27
f6270410-2883-407e-b717-6fb3bebc3000,play_store,IN,PARAMR VIVEK (Vivu),3,,good product and fast delevery but they don't see more offer anymore I always a last minute person who buy online but they now not giving new offer for me or like me peoples. 🙏🙏🙏,2026-07-16T15:54:17.997Z,0,18.7.0,https://play.google.com/store/apps/details?id=com.grofers.customerapp&reviewId=f6270410-2883-407e-b717-6fb3bebc3000
2dcdeca2-d8e0-416b-acd5-ef4550596b2e,play_store,IN,Sanju Modi,1,,service very bed item rate high..,2026-07-16T15:52:21.132Z,0,,https://play.google.com/store/apps/details?id=com.grofers.customerapp&reviewId=2dcdeca2-d8e0-416b-acd5-ef4550596b2e
5204e2e4-a26c-4610-b8a3-972c004443b5,play_store,IN,Ragavendra Ragavendra,1,,worst products dont buy i ordered i bang rice of 26 kgs its getting bad smell ofter cook old stock,2026-07-16T15:52:02.499Z,0,17.97.3,https://play.google.com/store/apps/details?id=com.grofers.customerapp&reviewId=5204e2e4-a26c-4610-b8a3-972c004443b5
72d97e2c-5ff1-40b5-9034-c8ceacbe3574,play_store,IN,kiran cj,3,,the aap is good but the service charge is too much for the short distance.,2026-07-16T15:51:16.217Z,0,18.9.3,https://play.google.com/store/apps/details?id=com.grofers.customerapp&reviewId=72d97e2c-5ff1-40b5-9034-c8ceacbe3574
4a02b04d-74db-4e48-8cfb-5629ae52dada,play_store,IN,sai sri,5,,bring it safe ☺️ careful,2026-07-16T15:50:56.322Z,0,17.99.1,https://play.google.com/store/apps/details?id=com.grofers.customerapp&reviewId=4a02b04d-74db-4e48-8cfb-5629ae52dada
4dc42bc0-6914-453c-bb2f-5a4e04e23857,play_store,IN,hemant kapoor,5,,blinkit is very good in service and there products i had may apps but now only blinkit allways best and better never faced any issue with there products or services excellent service,2026-07-16T15:50:51.894Z,0,18.9.3,https://play.google.com/store/apps/details?id=com.grofers.customerapp&reviewId=4dc42bc0-6914-453c-bb2f-5a4e04e23857
b42552f6-068b-457a-8691-087dc3a6b17f,play_store,IN,Meenu Gupta,5,,great app great service,2026-07-16T15:49:55.294Z,0,18.9.3,https://play.google.com/store/apps/details?id=com.grofers.customerapp&reviewId=b42552f6-068b-457a-8691-087dc3a6b17f
0688acc8-3750-42fe-acf2-80599e3d0e97,play_store,IN,ASHOK KUMAR PEETA,5,,this app is very helpful for the item that are needed urgently,2026-07-16T15:48:10.440Z,0,18.9.3,https://play.google.com/store/apps/details?id=com.grofers.customerapp&reviewId=0688acc8-3750-42fe-acf2-80599e3d0e97
f07fccad-73b8-49ae-ac44-b3339ac84284,play_store,IN,b,1,,sab expired maal hai relabel karke bech rahe hain blinkit vale. zero quality assurance.,2026-07-16T15:36:54.351Z,1,17.97.2,https://play.google.com/store/apps/details?id=com.grofers.customerapp&reviewId=f07fccad-73b8-49ae-ac44-b3339ac84284
b9df6bf3-e443-40f1-adb6-48d4a95bd672,play_store,IN,Ausaf Ahmad,5,,very convenient for ordering any item,2026-07-16T15:36:52.435Z,0,18.9.3,https://play.google.com/store/apps/details?id=com.grofers.customerapp&reviewId=b9df6bf3-e443-40f1-adb6-48d4a95bd672
50ea6725-291c-4bd7-8597-e2dd25a7b7c8,play_store,IN,Purnima Sahoo,1,,I got many defective products after replacement also,2026-07-16T15:31:48.587Z,0,18.7.0,https://play.google.com/store/apps/details?id=com.grofers.customerapp&reviewId=50ea6725-291c-4bd7-8597-e2dd25a7b7c8
7ebb7633-02a4-4ec4-8b9f-b8898bb4b1d2,play_store,IN,Manmeet kaur Bram,5,,always my order arrived on time and I get everything in reasonable rates,2026-07-16T15:25:32.602Z,0,18.9.3,https://play.google.com/store/apps/details?id=com.grofers.customerapp&reviewId=7ebb7633-02a4-4ec4-8b9f-b8898bb4b1d2
5368b9eb-77ff-4d7c-83de-e4282f42842a,play_store,IN,Samir Gupta,1,,could not apply the discount coupon,2026-07-16T15:25:17.878Z,0,18.9.3,https://play.google.com/store/apps/details?id=com.grofers.customerapp&reviewId=5368b9eb-77ff-4d7c-83de-e4282f42842a
c979c9e3-5297-414b-bb3a-1db362f4557b,play_store,IN,Ravi Ravi,5,,if it comes really I will give out of out stars,2026-07-16T15:24:42.570Z,0,18.9.3,https://play.google.com/store/apps/details?id=com.grofers.customerapp&reviewId=c979c9e3-5297-414b-bb3a-1db362f4557b
3f89d64b-665d-475c-9d33-eb6d3db2f7ce,play_store,IN,Sangita bhoju Sonkar,5,,"You are best you don't work for yourself you work for all indians, your free ambulance service is best thanks you blinkit for doing all this things",2026-07-16T15:24:08.249Z,0,,https://play.google.com/store/apps/details?id=com.grofers.customerapp&reviewId=3f89d64b-665d-475c-9d33-eb6d3db2f7ce
0023ad2e-5d9f-433a-86aa-7bcb130f04fc,play_store,IN,Mumcooksmagic,3,,prices are lower on other apps,2026-07-16T15:24:04.178Z,0,,https://play.google.com/store/apps/details?id=com.grofers.customerapp&reviewId=0023ad2e-5d9f-433a-86aa-7bcb130f04fc
5fcdffd6-3c01-469d-8c76-17b430563df7,play_store,IN,rishabh diamonds,4,,total price is more than displayed on products,2026-07-16T15:23:03.440Z,0,18.9.3,https://play.google.com/store/apps/details?id=com.grofers.customerapp&reviewId=5fcdffd6-3c01-469d-8c76-17b430563df7
1ccea421-e2d5-4106-a5a2-a27336592d41,play_store,IN,Uday MEP,5,,very good products and fast delivery,2026-07-16T15:22:03.847Z,0,18.7.0,https://play.google.com/store/apps/details?id=com.grofers.customerapp&reviewId=1ccea421-e2d5-4106-a5a2-a27336592d41
4e898141-a851-4e59-80bd-9f1b28a2d87e,play_store,IN,Pandey Rina,5,,very fast and super service. thanks.,2026-07-16T15:20:32.990Z,0,,https://play.google.com/store/apps/details?id=com.grofers.customerapp&reviewId=4e898141-a851-4e59-80bd-9f1b28a2d87e
5b04143f-e0d3-4e21-bda9-2e5f104a64d4,play_store,IN,Patel tisha,1,,this is very bakwas service aapde 50 niche ni vastu bi na mangai shkiye ane mangai a toh cencel bi na thai shke matlab chi yar bakwas service zepto is better,2026-07-16T15:20:08.216Z,0,18.9.3,https://play.google.com/store/apps/details?id=com.grofers.customerapp&reviewId=5b04143f-e0d3-4e21-bda9-2e5f104a64d4
47e5c80e-93c9-46c3-8e9f-750329290683,play_store,IN,Bushra Naaz,1,,give rotten fruit and didn't get any resolution,2026-07-16T15:19:56.893Z,0,18.9.3,https://play.google.com/store/apps/details?id=com.grofers.customerapp&reviewId=47e5c80e-93c9-46c3-8e9f-750329290683
a89b3f6d-9f20-4e0a-8f48-941e90010be1,play_store,IN,SAURAV KUMAR,5,,very nice 👍 i am very happy,2026-07-16T15:16:55.927Z,0,18.9.3,https://play.google.com/store/apps/details?id=com.grofers.customerapp&reviewId=a89b3f6d-9f20-4e0a-8f48-941e90010be1
76112fd8-01a3-486d-8b08-8f33cfdc29da,play_store,IN,Anuj,1,,I order Verka dahi and rosemary but order is seprate,2026-07-16T15:16:17.563Z,0,17.89.1,https://play.google.com/store/apps/details?id=com.grofers.customerapp&reviewId=76112fd8-01a3-486d-8b08-8f33cfdc29da
6431597e-c4f1-4bba-a177-517a21bdc908,play_store,IN,Hitakshi Trivedi,2,,i didn't order anything now automatically something has been ordered and saying it's on it way what is all this?,2026-07-16T15:16:09.478Z,0,18.9.3,https://play.google.com/store/apps/details?id=com.grofers.customerapp&reviewId=6431597e-c4f1-4bba-a177-517a21bdc908
b4f2640d-2b22-4be5-aa0d-3ec2887a930c,play_store,IN,Ravi Kant Shastri,1,,offering 100 of on RBL card but on time of payment no option available showing 10% off on Axis but not available on the final payment,2026-07-16T15:12:29.260Z,0,18.7.0,https://play.google.com/store/apps/details?id=com.grofers.customerapp&reviewId=b4f2640d-2b22-4be5-aa0d-3ec2887a930c
630f80e2-a015-4dd1-9c2b-858e3f8fedfa,play_store,IN,Vishal Parekh,1,,taking too much time to assign delivery partner,2026-07-16T15:09:22.975Z,0,17.45.1,https://play.google.com/store/apps/details?id=com.grofers.customerapp&reviewId=630f80e2-a015-4dd1-9c2b-858e3f8fedfa
fee6167f-121d-4b6f-a62e-abe51e57a6b7,play_store,IN,sakshi malwe,3,,so many products are not available,2026-07-16T15:06:38.256Z,0,18.9.3,https://play.google.com/store/apps/details?id=com.grofers.customerapp&reviewId=fee6167f-121d-4b6f-a62e-abe51e57a6b7
1debdf22-f875-42ed-96af-724109df5b9d,play_store,IN,Kathiravabalan V,5,,faster service thank you,2026-07-16T15:05:18.263Z,0,18.9.3,https://play.google.com/store/apps/details?id=com.grofers.customerapp&reviewId=1debdf22-f875-42ed-96af-724109df5b9d
5a5f8ea5-f4fc-4b67-ae24-bcba5b33760d,play_store,IN,vassu 36,1,,delivery charges are so high,2026-07-16T15:05:11.220Z,0,18.7.0,https://play.google.com/store/apps/details?id=com.grofers.customerapp&reviewId=5a5f8ea5-f4fc-4b67-ae24-bcba5b33760d
d0ac0838-9599-412d-b9d5-06dd1ac4a938,play_store,IN,Golu Kumar,1,,my order is incomplete why,2026-07-16T15:01:33.611Z,0,18.9.3,https://play.google.com/store/apps/details?id=com.grofers.customerapp&reviewId=d0ac0838-9599-412d-b9d5-06dd1ac4a938
e65aa4f0-df2a-44b5-8a0b-7e51731c34a8,play_store,IN,Rinki Devi,5,,"Blinkit is one of the best quick-commerce apps for daily essentials. Delivery is usually very fast, often within 10–20 minutes in supported areas. The app is easy to use, has a wide range of products, and customer support is generally helpful. However, some items can be slightly more expensive than local stores, and occasionally products may be out of stock. Overall, it's a great option for convenience and urgent grocery needs.",2026-07-16T14:59:47.150Z,0,,https://play.google.com/store/apps/details?id=com.grofers.customerapp&reviewId=e65aa4f0-df2a-44b5-8a0b-7e51731c34a8
7443ee79-2714-4355-ac88-5b823c148f2e,play_store,IN,Neema Rawat,5,,this is perfect app for delivery,2026-07-16T14:59:23.604Z,0,18.9.3,https://play.google.com/store/apps/details?id=com.grofers.customerapp&reviewId=7443ee79-2714-4355-ac88-5b823c148f2e
0593b5cd-a01b-421b-898c-4330fb3b6361,play_store,IN,SWEETY SRIVASTAVA,5,,fastest delivery ever,2026-07-16T14:57:56.866Z,0,18.9.3,https://play.google.com/store/apps/details?id=com.grofers.customerapp&reviewId=0593b5cd-a01b-421b-898c-4330fb3b6361
790a8ea3-0991-43a8-8021-abf1ee55745e,play_store,IN,Arjun,2,,not packed my order so bad experience,2026-07-16T14:55:52.849Z,0,18.7.0,https://play.google.com/store/apps/details?id=com.grofers.customerapp&reviewId=790a8ea3-0991-43a8-8021-abf1ee55745e
085a1be3-7875-4389-87f7-3468c1a647f2,play_store,IN,Pranav Pagar,5,,osm on time delivery,2026-07-16T14:54:48.368Z,0,17.89.1,https://play.google.com/store/apps/details?id=com.grofers.customerapp&reviewId=085a1be3-7875-4389-87f7-3468c1a647f2
47743b24-2df6-4c8b-b75c-a316b604c7cb,play_store,IN,Sushma marri,2,,vegetables were completely bad 😔,2026-07-16T14:54:31.328Z,0,18.9.3,https://play.google.com/store/apps/details?id=com.grofers.customerapp&reviewId=47743b24-2df6-4c8b-b75c-a316b604c7cb
4ff07296-38d5-4dfa-9bdd-553c056cc2b6,play_store,IN,Ashima Saini,1,,order to ache hai but charge be sath mai le rehe ye galt bat hai 😒lout rakha logo ko 😒😏,2026-07-16T14:53:34.568Z,0,18.7.0,https://play.google.com/store/apps/details?id=com.grofers.customerapp&reviewId=4ff07296-38d5-4dfa-9bdd-553c056cc2b6
821eeb4d-46c4-4abc-9aad-1a25952618b7,play_store,IN,Madhuri Bhole,1,,Samrat MP Rava 1 kg Packet is torn. I want to return it but they closed the complaint.,2026-07-16T14:53:24.962Z,0,18.3.0,https://play.google.com/store/apps/details?id=com.grofers.customerapp&reviewId=821eeb4d-46c4-4abc-9aad-1a25952618b7
7b09ff26-58e3-49f3-830a-250442f8b181,play_store,IN,santosh george,1,,waste Miss out one item,2026-07-16T14:53:22.479Z,0,18.9.3,https://play.google.com/store/apps/details?id=com.grofers.customerapp&reviewId=7b09ff26-58e3-49f3-830a-250442f8b181
15893c96-4a46-4ee8-a6f6-793827886192,play_store,IN,Shaista Siddiqui,1,,I'm giving one star because most of items aree out of stock,2026-07-16T14:51:05.574Z,0,18.9.3,https://play.google.com/store/apps/details?id=com.grofers.customerapp&reviewId=15893c96-4a46-4ee8-a6f6-793827886192
c2b9111e-d33c-41d8-80be-5afda59821cd,play_store,IN,Sourabh kirad,5,,COD available this is the best option for minors👍🏻,2026-07-16T14:49:42.706Z,0,18.9.3,https://play.google.com/store/apps/details?id=com.grofers.customerapp&reviewId=c2b9111e-d33c-41d8-80be-5afda59821cd
47e33e2c-e597-45f2-bff0-0d201a5372fa,play_store,IN,Laddu Gopal,1,,one day they canceled our order and we did a online payment and yet they didn't refund our money,2026-07-16T14:49:31.137Z,0,18.9.3,https://play.google.com/store/apps/details?id=com.grofers.customerapp&reviewId=47e33e2c-e597-45f2-bff0-0d201a5372fa
a828e6e4-c057-4598-b138-d3a6e7bcd046,play_store,IN,Sudhanshu Tiwari,1,,"seems like both, Blinkit and Zomato, have started to take customer patience for granted. either they can't deliver the order on time or they can't deliver at all. pattern is starting to emerge. they are losing the ethical responsibility towards order delivery",2026-07-16T14:45:14.598Z,0,17.99.1,https://play.google.com/store/apps/details?id=com.grofers.customerapp&reviewId=a828e6e4-c057-4598-b138-d3a6e7bcd046
5b89746b-dfe5-44cb-b039-8ac9f967ca3f,play_store,IN,Prajwal Ganiga,1,,delivery partners are best but blinkit company sucks🤌🏻,2026-07-16T14:41:43.749Z,0,18.9.3,https://play.google.com/store/apps/details?id=com.grofers.customerapp&reviewId=5b89746b-dfe5-44cb-b039-8ac9f967ca3f
3bc24cc3-f12e-4ab6-89ac-febad222b50a,play_store,IN,Mugundan Master,5,,everything is reaching by time the delivery partners are good,2026-07-16T14:41:15.550Z,0,,https://play.google.com/store/apps/details?id=com.grofers.customerapp&reviewId=3bc24cc3-f12e-4ab6-89ac-febad222b50a
d751f62e-5bee-493f-9535-73dc4a0377e5,play_store,IN,Sanjeev Punjabi,5,,Very good product with competative price. Thanks,2026-07-16T14:37:11.710Z,0,18.9.3,https://play.google.com/store/apps/details?id=com.grofers.customerapp&reviewId=d751f62e-5bee-493f-9535-73dc4a0377e5
8a1f8423-9709-4055-a528-426c2378c54a,play_store,IN,Phool Singh,5,,thank for arriving to rainy days thanks anuj you are great he deserves promotion,2026-07-16T14:33:58.790Z,0,18.9.3,https://play.google.com/store/apps/details?id=com.grofers.customerapp&reviewId=8a1f8423-9709-4055-a528-426c2378c54a
79dce46d-2a4d-44b1-aa12-611d9c9798cf,play_store,IN,Arhaan Uddin,1,,charges are very high,2026-07-16T14:30:40.643Z,0,18.9.3,https://play.google.com/store/apps/details?id=com.grofers.customerapp&reviewId=79dce46d-2a4d-44b1-aa12-611d9c9798cf
812a6c66-750e-4c18-acc6-e7a40cc5c5ae,play_store,IN,Eshwar Sangolagi,3,,tey will charge more price like demand charges I don't like it,2026-07-16T14:25:05.971Z,0,,https://play.google.com/store/apps/details?id=com.grofers.customerapp&reviewId=812a6c66-750e-4c18-acc6-e7a40cc5c5ae
c0db8054-16d0-4dc7-a2eb-76426c715abd,play_store,IN,CHANCE JAAT,5,,IT IS OVER ALL GOOD EXPERIENCE WITH BLINKIT. IT DELIVERS IN 6 - 7 MINUTES ONLY ORDERS TO ME . WITH PROPER PACKINGS OF ICE-CREAMS AND OTHER THINGS . THE RIDER'S BEHAVIOUR WAS ALSO GOOD . IT DELIVERS IN PROPER BAG . AND A DIFFERENT BAG FOR ICE - CREAMS. ALL IT'S TO MUCH GOOD 😊👍🏻. EXPERIENCE WITH BLINKIT.,2026-07-16T14:24:48.804Z,0,18.7.0,https://play.google.com/store/apps/details?id=com.grofers.customerapp&reviewId=c0db8054-16d0-4dc7-a2eb-76426c715abd
86f6867a-2ba3-44eb-930c-dd521bb8d422,play_store,IN,Adarsh Rai,1,,location par nhi phuch paate,2026-07-16T14:21:57.789Z,0,18.9.3,https://play.google.com/store/apps/details?id=com.grofers.customerapp&reviewId=86f6867a-2ba3-44eb-930c-dd521bb8d422
c9174fc5-e118-4fd1-aa2a-14409f032552,play_store,IN,Pooja Sharma,5,,Best Purchasing and Best Dealing application,2026-07-16T14:20:48.300Z,0,18.9.3,https://play.google.com/store/apps/details?id=com.grofers.customerapp&reviewId=c9174fc5-e118-4fd1-aa2a-14409f032552
7774e976-1954-40a9-96ab-a96204c00e0e,play_store,IN,Priyanka Paliwal,5,,FAST AND FURIOUS GOOD FIR EMERGENCIES,2026-07-16T14:18:58.277Z,0,18.9.3,https://play.google.com/store/apps/details?id=com.grofers.customerapp&reviewId=7774e976-1954-40a9-96ab-a96204c00e0e
853d7d6e-efcf-4e6c-978e-0683bc7105e9,play_store,IN,Shailaja Hugar,5,,"just amazing, cuz u don't expect anything at last minutes but blinkit, so yeah a really helpful app for me and my family.",2026-07-16T14:18:50.000Z,0,18.9.3,https://play.google.com/store/apps/details?id=com.grofers.customerapp&reviewId=853d7d6e-efcf-4e6c-978e-0683bc7105e9
15d1349c-9f98-4671-8299-28fd5231fcaf,play_store,IN,विक्रम धायल,5,,amazing dilevery in katra,2026-07-16T14:16:32.905Z,0,18.7.0,https://play.google.com/store/apps/details?id=com.grofers.customerapp&reviewId=15d1349c-9f98-4671-8299-28fd5231fcaf
8c4fdb1e-62e1-4176-a28b-d3ac8652728d,play_store,IN,Qamar Khan,5,,very good experience deliver good product,2026-07-16T14:16:07.973Z,0,18.7.0,https://play.google.com/store/apps/details?id=com.grofers.customerapp&reviewId=8c4fdb1e-62e1-4176-a28b-d3ac8652728d
d7001f1a-6965-4710-8002-aea1babf41ae,play_store,IN,Savita Kaushal,5,,it is good but when it is something of low charging item it charges more makes profit from it,2026-07-16T14:14:32.566Z,0,,https://play.google.com/store/apps/details?id=com.grofers.customerapp&reviewId=d7001f1a-6965-4710-8002-aea1babf41ae
4ba8bd58-55ca-428f-a7c8-47cc936b7c78,play_store,IN,Sara Khateeb,4,,bestt app for last minute stuff😭,2026-07-16T14:14:17.172Z,0,,https://play.google.com/store/apps/details?id=com.grofers.customerapp&reviewId=4ba8bd58-55ca-428f-a7c8-47cc936b7c78
bf539791-975f-4082-aa5e-4d8e4bd97785,play_store,IN,Mahendra Nath Brahma,5,,Excellent prompt service,2026-07-16T14:14:06.769Z,0,18.9.3,https://play.google.com/store/apps/details?id=com.grofers.customerapp&reviewId=bf539791-975f-4082-aa5e-4d8e4bd97785
f182f2e4-bb8d-4a95-982f-e3529569d3fa,play_store,IN,Gaurav Banerjee,5,,#(Best Experience Ever)🇮🇳❤️🌏☄️,2026-07-16T14:12:27.827Z,0,18.9.2,https://play.google.com/store/apps/details?id=com.grofers.customerapp&reviewId=f182f2e4-bb8d-4a95-982f-e3529569d3fa
dd45e305-333d-4129-8534-bba65923cb68,play_store,IN,Ashok Kumar,5,,Indians no.1 10 min shopping app very Good 👍🏿 👌🏻 👏 😀 😄 😎 👍🏿 👌🏻,2026-07-16T14:10:52.575Z,0,18.7.0,https://play.google.com/store/apps/details?id=com.grofers.customerapp&reviewId=dd45e305-333d-4129-8534-bba65923cb68
ccc9241d-a74f-481a-8b4c-582e0a1a9a33,play_store,IN,Najia parween Parween,5,,very helpful app nice,2026-07-16T14:09:07.101Z,0,18.9.3,https://play.google.com/store/apps/details?id=com.grofers.customerapp&reviewId=ccc9241d-a74f-481a-8b4c-582e0a1a9a33
9838057e-bc5f-4de7-918e-d160943b106f,play_store,IN,Shriom Sharma,3,,It's good but something is there which i dont like 🤔,2026-07-16T14:06:56.486Z,0,18.9.3,https://play.google.com/store/apps/details?id=com.grofers.customerapp&reviewId=9838057e-bc5f-4de7-918e-d160943b106f
b140e49b-7c6d-400e-94ee-e8efa62d63a3,play_store,IN,Banumathi R,5,,the order was easily placed,2026-07-16T14:04:49.766Z,0,17.21.1,https://play.google.com/store/apps/details?id=com.grofers.customerapp&reviewId=b140e49b-7c6d-400e-94ee-e8efa62d63a3
87321caa-f2ce-4916-892e-7a3b400b87c3,play_store,IN,Reyansh Dang,3,,mossst off the ridders who attended me are so rude,2026-07-16T14:04:04.843Z,0,,https://play.google.com/store/apps/details?id=com.grofers.customerapp&reviewId=87321caa-f2ce-4916-892e-7a3b400b87c3
61987f70-3517-4e21-8625-932c1a91a5b4,play_store,IN,Dilip kumar,1,,very very poor service.... completely frustrated 🥴,2026-07-16T14:00:05.690Z,0,18.9.3,https://play.google.com/store/apps/details?id=com.grofers.customerapp&reviewId=61987f70-3517-4e21-8625-932c1a91a5b4
0bc88851-3cac-4d7d-bc12-14c3b6f36921,play_store,IN,Niranjan Mondal,5,,outstanding ********,2026-07-16T14:00:02.984Z,0,18.9.3,https://play.google.com/store/apps/details?id=com.grofers.customerapp&reviewId=0bc88851-3cac-4d7d-bc12-14c3b6f36921
e34a958c-3806-47c7-a1e3-d532f67fdd18,play_store,IN,saroj (Kunal),5,,good for necessary items provided in few times,2026-07-16T13:59:47.960Z,0,18.3.0,https://play.google.com/store/apps/details?id=com.grofers.customerapp&reviewId=e34a958c-3806-47c7-a1e3-d532f67fdd18
4bbc26a4-333c-4e39-8aa6-815e5e739c84,play_store,IN,Nayan Lakhmapure,5,,Each and every detail of the apps interface is to good the delivery experience is fantastic and effortless. The only thing is it has very limited offers on different products and prices are somewhat higher as compared to other quick commerce platform. It's in my area I can't tell about others. Thank you! ❤,2026-07-16T13:57:44.900Z,0,18.7.0,https://play.google.com/store/apps/details?id=com.grofers.customerapp&reviewId=4bbc26a4-333c-4e39-8aa6-815e5e739c84
243bdd8e-6240-4e5f-a197-a536b99f2400,play_store,IN,vishal bokaria,2,,Delays hidden charges,2026-07-16T13:57:36.210Z,0,,https://play.google.com/store/apps/details?id=com.grofers.customerapp&reviewId=243bdd8e-6240-4e5f-a197-a536b99f2400
58482f81-ce7e-423a-82c8-f1ae397bf416,play_store,IN,Krishna Prasad,5,,fast delivery . very good customer care response .,2026-07-16T13:54:43.966Z,0,,https://play.google.com/store/apps/details?id=com.grofers.customerapp&reviewId=58482f81-ce7e-423a-82c8-f1ae397bf416
89d611b3-e1a9-4ee3-94d9-4ec048b83cf7,play_store,IN,The Valley,1,,Very poor customer support,2026-07-16T13:51:48.567Z,0,,https://play.google.com/store/apps/details?id=com.grofers.customerapp&reviewId=89d611b3-e1a9-4ee3-94d9-4ec048b83cf7
66b195f8-3098-44b9-b166-90cde957fca7,play_store,IN,Tarun Bisen,5,,truly my last minute app great service,2026-07-16T13:50:39.831Z,0,18.7.0,https://play.google.com/store/apps/details?id=com.grofers.customerapp&reviewId=66b195f8-3098-44b9-b166-90cde957fca7
07fdb16c-c8b4-4b54-96db-993ba90bc847,play_store,IN,Utpal SINGHA KARJEE,4,,somehow beneficial for bachelor. Quality also average.,2026-07-16T13:47:55.777Z,0,18.7.0,https://play.google.com/store/apps/details?id=com.grofers.customerapp&reviewId=07fdb16c-c8b4-4b54-96db-993ba90bc847
1a5a06b3-9db8-4b9a-bf62-372a107365ec,play_store,IN,Pradeep chandela,5,,time delivery and easy and good platform,2026-07-16T13:45:39.117Z,0,18.7.0,https://play.google.com/store/apps/details?id=com.grofers.customerapp&reviewId=1a5a06b3-9db8-4b9a-bf62-372a107365ec
3dc8e330-27f1-48cd-91ec-fd60c6f154ed,play_store,IN,Manisha Sharma,5,,Nice app but too costly,2026-07-16T13:44:16.632Z,0,18.7.0,https://play.google.com/store/apps/details?id=com.grofers.customerapp&reviewId=3dc8e330-27f1-48cd-91ec-fd60c6f154ed
096edb29-9195-460c-b157-41b4fd7b9d80,play_store,IN,Shivesh,1,,"Hi Blinkit Team, I received my order, but the 1× Stylus Pen (Black) was missing from the package. I contacted customer support, but my refund/redelivery request was declined even though I never received the item. Could you please review my case again? I can share my order ID and supporting screenshots.",2026-07-16T13:42:29.530Z,0,,https://play.google.com/store/apps/details?id=com.grofers.customerapp&reviewId=096edb29-9195-460c-b157-41b4fd7b9d80
1efa2fbe-2d55-4195-9821-867f03cb9b0d,play_store,IN,Arvind Jamwal,5,,best and fastest delivery app of my life 🥰,2026-07-16T13:40:16.439Z,0,18.9.3,https://play.google.com/store/apps/details?id=com.grofers.customerapp&reviewId=1efa2fbe-2d55-4195-9821-867f03cb9b0d
c7a97998-5f1f-45c1-88ba-e2e234b09293,play_store,IN,Ratan Kumar,5,,service bahut achcha,2026-07-16T13:33:05.662Z,0,18.9.3,https://play.google.com/store/apps/details?id=com.grofers.customerapp&reviewId=c7a97998-5f1f-45c1-88ba-e2e234b09293
019eaa54-1e54-48a6-931d-c1331e104da6,play_store,IN,Swapna Nayak,5,,bohot hi maza aa raha he apne saman ko itni jaldi pane me.thank you blinkit 🙏,2026-07-16T13:31:18.906Z,0,18.7.0,https://play.google.com/store/apps/details?id=com.grofers.customerapp&reviewId=019eaa54-1e54-48a6-931d-c1331e104da6
9b8250cd-1182-42b7-be98-532ad12ec60b,play_store,IN,Madhu Gupta aa,5,,it's very useful in case of emergency,2026-07-16T13:31:12.706Z,0,18.9.3,https://play.google.com/store/apps/details?id=com.grofers.customerapp&reviewId=9b8250cd-1182-42b7-be98-532ad12ec60b
b8a1debd-bc2e-4c3b-9ca7-ad0de4c38f9b,play_store,IN,keshav baheti,5,,Exceptional. Keep it up.,2026-07-16T13:30:46.510Z,0,18.9.3,https://play.google.com/store/apps/details?id=com.grofers.customerapp&reviewId=b8a1debd-bc2e-4c3b-9ca7-ad0de4c38f9b
f234030e-3da5-4e35-8263-518076c1543e,play_store,IN,Chitralekha Dhruw,5,,smooth app. been ordering from the app since last year. also works if you are in another state and know nothing about the market area there.,2026-07-16T13:29:43.170Z,0,18.9.3,https://play.google.com/store/apps/details?id=com.grofers.customerapp&reviewId=f234030e-3da5-4e35-8263-518076c1543e
d34c9cdb-5e64-4d36-b865-17bb8dca180c,play_store,IN,Ayush Raj SK,4,,ok nice time is placed,2026-07-16T13:29:13.518Z,0,18.9.3,https://play.google.com/store/apps/details?id=com.grofers.customerapp&reviewId=d34c9cdb-5e64-4d36-b865-17bb8dca180c
7b49e750-8250-4783-86da-a4b37295ccf4,play_store,IN,AY gaming best,1,,does not do anything my product seal was damaged and thay do nothing but say it's not valid reason to get coupon or refund,2026-07-16T13:25:43.785Z,0,,https://play.google.com/store/apps/details?id=com.grofers.customerapp&reviewId=7b49e750-8250-4783-86da-a4b37295ccf4
40ecfff7-a4d4-4efa-ad6f-84f225e84455,play_store,IN,ESU,5,,VERY lightening Service,2026-07-16T13:25:36.548Z,0,18.7.0,https://play.google.com/store/apps/details?id=com.grofers.customerapp&reviewId=40ecfff7-a4d4-4efa-ad6f-84f225e84455
8f7bfa01-3b3f-4580-91f3-58b8a9e6140d,play_store,IN,Dinesh,1,,everytime I order something they freeze the time and for an hour they show reaching in 12 mins bloody they don't even assign a partner to pack 1 earphones and send its taking them 45 mins while the distance of delivery adress is just 1.2 kms,2026-07-16T13:24:44.272Z,0,18.7.0,https://play.google.com/store/apps/details?id=com.grofers.customerapp&reviewId=8f7bfa01-3b3f-4580-91f3-58b8a9e6140d
d625b786-c3c9-48b2-a595-f3112fa3eb13,play_store,IN,Dheeraj crazy,1,,product issue first time,2026-07-16T13:24:42.881Z,0,18.9.3,https://play.google.com/store/apps/details?id=com.grofers.customerapp&reviewId=d625b786-c3c9-48b2-a595-f3112fa3eb13
aeab123c-5ba9-401c-9be2-584ba67abd08,play_store,IN,Sarika Moraes Fernandes,1,,The worst app. they cheated me of Rs 3672. fraud company. would not recommend anyone. i didnt even want to give 1 start. but witout that cannot post a review,2026-07-16T13:24:34.450Z,0,18.9.3,https://play.google.com/store/apps/details?id=com.grofers.customerapp&reviewId=aeab123c-5ba9-401c-9be2-584ba67abd08
8c2e2ec0-e8fc-42f0-af9f-9875f963421c,play_store,IN,Zoya Mumtaz,1,,blinkit is a very useful app because every grocery items order and delivery few minutes this is very I suggest all Indians are download blinkit and try this this is very wonderful,2026-07-16T13:21:41.757Z,0,18.9.3,https://play.google.com/store/apps/details?id=com.grofers.customerapp&reviewId=8c2e2ec0-e8fc-42f0-af9f-9875f963421c
c116259e-45a9-4a05-b4c0-bacd90abbab2,play_store,IN,Shaik Mubintaj,5,,Best app to buy things at any time within 10-8 minutes 💫,2026-07-16T13:21:23.390Z,0,18.7.0,https://play.google.com/store/apps/details?id=com.grofers.customerapp&reviewId=c116259e-45a9-4a05-b4c0-bacd90abbab2
080ce43f-fcaf-45ae-b6ce-a49ad2c7fbec,play_store,IN,John Marky,1,,what is this surge charge?,2026-07-16T13:21:09.445Z,0,,https://play.google.com/store/apps/details?id=com.grofers.customerapp&reviewId=080ce43f-fcaf-45ae-b6ce-a49ad2c7fbec
0be2153b-8c3d-4dff-bbb1-bcb9a9353f9e,play_store,IN,Saadman Abtahi,4,,"The delivery person was right on time , but there was a system fault regarding the location of the delivery. The person was not at fault. For this reason I am giving a 4 star. (Please note: A new feature should be added to the system , where both the buyer's and the delivery man's consent are taken regarding the successful delivery of the product in the app , this acts as a remedy to the technical fault that happens in the Blinkit app) If this is implemented, I will consider giving it a 5 star.",2026-07-16T13:19:54.580Z,0,,https://play.google.com/store/apps/details?id=com.grofers.customerapp&reviewId=0be2153b-8c3d-4dff-bbb1-bcb9a9353f9e
8189e9d0-9162-467a-9dff-b6230ed694c3,play_store,IN,Yashpal Gurjar,5,,low price best items,2026-07-16T13:18:46.481Z,0,18.7.0,https://play.google.com/store/apps/details?id=com.grofers.customerapp&reviewId=8189e9d0-9162-467a-9dff-b6230ed694c3
88542277-f3c7-4db6-a8f9-2c8f5cf6c90a,play_store,IN,Kartik Chordia,1,,the packaging was not good the bag was open and if it is some personal essential then whaat to do it is my first time with this situation and i am totaly disappointed and the man who dilivered was also very rude and cant even wait for a while,2026-07-16T13:18:36.622Z,0,18.9.3,https://play.google.com/store/apps/details?id=com.grofers.customerapp&reviewId=88542277-f3c7-4db6-a8f9-2c8f5cf6c90a
4902a081-9115-4459-b1f6-a281805cedb9,play_store,IN,Yusera Fatima,3,,not so good not so bad just okay .. because every time you have to buy more than 150RS products.. and Sometimes You got different products .. In my first order I got wrong dairy milk chocolate... That why It's just okay,2026-07-16T13:15:56.130Z,0,,https://play.google.com/store/apps/details?id=com.grofers.customerapp&reviewId=4902a081-9115-4459-b1f6-a281805cedb9
9a798095-641b-4dc4-bc86-817d76a95b36,play_store,IN,Kajal Vishwakarma,5,,or fastt ho sktaa hh,2026-07-16T13:13:45.566Z,0,18.9.3,https://play.google.com/store/apps/details?id=com.grofers.customerapp&reviewId=9a798095-641b-4dc4-bc86-817d76a95b36
bc321e4c-dfeb-4529-bbd3-41b8475ff2c0,play_store,IN,Yash Patil,1,,worthless app no cancel option or conformation option,2026-07-16T13:12:59.740Z,0,18.7.0,https://play.google.com/store/apps/details?id=com.grofers.customerapp&reviewId=bc321e4c-dfeb-4529-bbd3-41b8475ff2c0
9a100b40-38fc-4da3-83dc-5d615f4ef07d,play_store,IN,Manraj Singh,5,,you can get everything very fast and can order many electronic and other house assesories,2026-07-16T13:10:26.321Z,0,18.9.3,https://play.google.com/store/apps/details?id=com.grofers.customerapp&reviewId=9a100b40-38fc-4da3-83dc-5d615f4ef07d
e7d50e07-bf0c-4e1f-9216-b95625732d5c,play_store,IN,ishika pal,4,,because you close cash on delivery pls open cash on delivery,2026-07-16T13:10:14.852Z,0,18.7.0,https://play.google.com/store/apps/details?id=com.grofers.customerapp&reviewId=e7d50e07-bf0c-4e1f-9216-b95625732d5c
0fbe1201-ea15-4fb4-98f9-ff28ee50d454,play_store,IN,Sabina Ansari,5,,everything is on time on this app,2026-07-16T13:08:58.462Z,0,18.7.0,https://play.google.com/store/apps/details?id=com.grofers.customerapp&reviewId=0fbe1201-ea15-4fb4-98f9-ff28ee50d454
28fbe4be-010c-424e-a43d-b3c5e2dfaaf2,play_store,IN,Sarahahmad Ahmad,1,,product quality not good ...i will never perchage this app,2026-07-16T13:08:02.442Z,0,,https://play.google.com/store/apps/details?id=com.grofers.customerapp&reviewId=28fbe4be-010c-424e-a43d-b3c5e2dfaaf2
9ac364d1-0147-4617-8787-bd1551804ac8,play_store,IN,Teja Karthikeya,5,,very good for daily use,2026-07-16T13:08:02.268Z,0,18.7.0,https://play.google.com/store/apps/details?id=com.grofers.customerapp&reviewId=9ac364d1-0147-4617-8787-bd1551804ac8
f2724016-ce14-46aa-93bd-aa7c1b7640d2,play_store,IN,Ajit K. Singh,4,,Quite Satisfied But Advice To Control On Prices.Compare To Another On Line Delivery System Concerns.!!,2026-07-16T13:05:32.375Z,0,18.9.2,https://play.google.com/store/apps/details?id=com.grofers.customerapp&reviewId=f2724016-ce14-46aa-93bd-aa7c1b7640d2
c2cd1b6b-b00b-47dd-932d-ce18d219eb64,play_store,IN,Ayush Maurya,1,,poor app no swiss roll available 😡😡😡😡,2026-07-16T13:04:23.880Z,0,18.7.0,https://play.google.com/store/apps/details?id=com.grofers.customerapp&reviewId=c2cd1b6b-b00b-47dd-932d-ce18d219eb64
07a331e4-3b3a-4e6a-bb7b-4ff4f008510c,play_store,IN,Paridhi Jain,1,,"I was disappointed with the quality of the products. The fruits I ordered appeared to be artificially ripened and were not fresh. Additionally, the coconut water tasted unpleasant and seemed to be of poor quality. Unfortunately, after consuming these items, I became unwell. I hope you improve your quality control and ensure that customers receive fresh and safe products.",2026-07-16T13:04:01.182Z,0,18.7.0,https://play.google.com/store/apps/details?id=com.grofers.customerapp&reviewId=07a331e4-3b3a-4e6a-bb7b-4ff4f008510c
a9fc13e3-532d-489d-981e-835905bde813,play_store,IN,Rahul Thakur,5,,India's best creation,2026-07-16T13:02:11.911Z,0,18.7.0,https://play.google.com/store/apps/details?id=com.grofers.customerapp&reviewId=a9fc13e3-532d-489d-981e-835905bde813
efe48124-b019-4fa0-9851-ab24b37f875f,play_store,IN,DR Patil,1,,we don't have service in nandurbar,2026-07-16T13:00:42.180Z,0,18.9.3,https://play.google.com/store/apps/details?id=com.grofers.customerapp&reviewId=efe48124-b019-4fa0-9851-ab24b37f875f
8055eb4f-efdf-4e7c-b1bc-83efa9ef59d0,play_store,IN,Sanju Kumar,1,,very late delivery I'm getting late,2026-07-16T13:00:36.720Z,0,,https://play.google.com/store/apps/details?id=com.grofers.customerapp&reviewId=8055eb4f-efdf-4e7c-b1bc-83efa9ef59d0