id,source,country,author,rating,title,review,date,likes,version,url
reddit_post_12mw4f3,reddit,IN,ajzone007,,BlinkIt Delivery Partners are on strike for 3 days.,"Yet another incident of gig workers getting the short end of the stick this person I have known for quite sometime has been working as a delivery partner for BlinkIT, he used to get 50 Rs initially ( without tips) per delivery, then it was reduced to 25 after they added the option of tips, now they have further reduced it to 15 Rs. So all delivery partners are on strike, he cannot afford to go on strike as he needs the money, and lives hand to mouth.

The end customer still probably gets charged a lot more for delivery and is guilted several times into paying tips. 

The hugher amounts you see below are because of heavy items and long delivery, but minimum has been reduced to 15 Rs.",2023-04-15T09:09:12.000Z,1034,,https://i.redd.it/18eqy8rq22ua1.jpg
reddit_post_12s35u0,reddit,IN,Frequent-Draft-2477,,Pay structure for Blinkit(Zomato) delivery workers.,Pay structure for Blinkit(Zomato) delivery workers.,2023-04-19T17:10:40.000Z,727,,https://i.redd.it/lr8o0upnivua1.jpg
reddit_post_14irap9,reddit,IN,Algaav_wadi,,"If you want discrete delivery, DO NOT order sexual wellness items from Blinkit","If you want discrete delivery, DO NOT order sexual wellness items from Blinkit",2023-06-25T17:03:17.000Z,115,,https://www.reddit.com/gallery/14irap9
reddit_post_1i3ic71,reddit,IN,maglo_maniac,,Having to beg for food from neighbours for survival.,"Hello Everyone, I'm making this post on the behalf of u/Euphoric_Subject_218, he texted me from my Zomatao AMA post to enquire about the job details. I talked to him further and got to know his gut-wrenching everyday struggles so I decided to share this with y'all and get some help. He has to collect leftovers from his neighbours to eat. He has had a very tough childhood as his dad passed away when he was only four. His mother is totally dependent on him. I'm pasting his story which I had asked him to post but it got deleted due to low Karma. 


His Text:

My current condition, options and attemts. Share your thoughts if you understand.

I'm 21, 10th fail, self dropped out of school 
because of poor survival/quality of life.

Dad passed away since i was 4, no connections, no relatives, only a mother, and she worked minimum wage housemaid jobs till i was 15, after that the people where my mom worked started helping us by giving us leftover foods 2 times like lunch and dinner,
and it became a habit for my mom, she stopped making food and working all together. and i was okay till that time, living cheap not having a nice childhood &amp; school life, doing home chores like pani bharna, food collecting, cleaning etc.

the reason why i couldn't pursue education is doing all this home chores with poor diet and trauma that came from being the poor kid, i thought if i need something for myself i need to do job now, and i was in govt. school so most of my school life was restricted like everytime i used to do something (masti or talking ) an impolite warning came over my head that your Freeship will be cancelled.

basically it was hard, but i thought i can barely afford school, how am i gonna afford a college degree or anything plus i was 16 at that time in 2019, i thought i can do job now to have atleast average life and live a little, keep in mind that seems like a sob story / victim mindset but I'm just trying to ask something, and its easy for people to just say that do a nice job ex- 10k a month labour job and provide and be cool. I've heard this phrase my whole life, the problem is now my mother is completely dependent and if i start providing by exchanging my time for money I'll just stay in the loop and waste my youth for survival.
 
not to mention the amount of stress i had in my brain having lived this life and now i wanna get out of this and i want peace and happiness for once.

i don't wanna live my life just for food and survival i want to live.

this codependency of a family member and also doing home chores that your parent mom should do so you can focus on your career,

i don't have that privilege.

I'm not blaming, I'm finally get out of this trauma, and I'm trying to do gig jobs like zomato, blinkit, while also trying to work on myself and take care of basic home expenses.

but i have 3 goals for the future,

low maintenance job that doesn't take a toll on my health like crazy labour does.

high to moderate earning (if i earn 20k a month that'll be enough for now to improve my standard of living, like have some time and good food to eat rather than leftovers.

and some peace to see the time and living my life.

i have thought about resuming my education and starting diploma and college but I'm afraid how I'm going to pay for it, instead I'll make better use of that money in savings to buy 1 BHK own home on emi or something,

but prioritising peace over hustle and not overworking like crazy wasting time of this life for money and seeing money for what it really is, i iust need good hot food everyday, and shelter of a home.

I'm currently working minimum wage job my salary is 4k inr a month working 4 hours a day / 7 days a week. I'm not working crazy labour job like 10k inr a month cuz I can't collect the leftover food i have to collect every noon and night &amp; do home chores while simultaneously trying ot make sense of this and be sane (it's low maintenance for me and i can do home work too) i have to do job in the neighborhood local shop, and I'm working part time to have some time on my hands, but I'll shift to this delivery jobs for they pay better and no boss over you, and basically it fits the preference. i still have a lot of work to do but i think I'll be able to. 

thank-you for reading this long and if you have spare clothes you don't use anymore you can send them to me via courier I'll appreciate your help, thankyou so much for your time and your understanding.

",2025-01-17T15:05:16.000Z,99,,https://www.reddit.com/r/india/comments/1i3ic71/having_to_beg_for_food_from_neighbours_for/
reddit_post_183ee5w,reddit,IN,FarAdvice9417,,New scam arising,"I am in Delhi from last one year and it has happened 2 times with me. Blinkit guy come to me and ask for online money and  cash for that. He offered me 500 rs and asked to pay him online. Luckily I had one 500 rs note with me and I compared both the notes. 

I dont know if I am over analyzing, but that note doesn't seam legit to me. The silver stripe was not having good finishing. And it seemed like a fake note.

I think there is a big scam going on in market. We need to bust it. I am going to file a complaint on this. 

Edit: Mujhe wo note lelena chahiye tha, ache se check karwa leta. I will bust this scam and save innocent people from this.",2023-11-25T07:29:43.000Z,28,,https://www.reddit.com/r/india/comments/183ee5w/new_scam_arising/
reddit_post_1jw3ba3,reddit,IN,hfbvm2,,Best country to buy low quality expensive goods,"I have finally ventured outside my bubble to start some home repairs and it's been a bloody fest. Everything is extremely expensive and lower quality. Here's my observation for a few stuff :

Electronics : Was looking for an Air conditioner and dishwasher. The pricing is criminal.  Dishwasher for 40k, AC for 50k. So I opened amazon and switched region to saudi arabia. Same item for 20-22k each.  And the biggest joke is that it's manufactured in india. 

Clothes and Shoes : The pricing is criminal if you want to buy branded stuff, even after discount crocs and ultraboost is 3x the price there.  

Food stuff : This is the biggest criminal department,  food as with everything is very expensive and if you are shopping online with zepto or blinkit,  there is no ingredients list. Well I decided to buy milk shakes from the supermarket without looking at ingredients, which was my mistake. I got cream bell milk shakes because the flavour looked appealing, it was literally water,  it had double toned milk. In what world does a milk shake have double toned milk, it should be negative toned if anything with extra cream. Thought I will continue my gym, and looked for protein powder. The local ones are priced at intensional prices and dyamatize is literally 3x what i pay for it.

This might seem normal to people here,  but my salary in india would be 1/8 what I'm getting paid outside.  And the biggest joke is my cost of living is somehow cheaper than what it would be in india. Even buying fresh food and groceries, the cost is 20% less when it should be a fraction what I'm paying outside.  ",2025-04-10T17:18:37.000Z,3,,https://www.reddit.com/r/india/comments/1jw3ba3/best_country_to_buy_low_quality_expensive_goods/
reddit_post_1k53cel,reddit,IN,Away_Letterhead9204,,Can I file a complaint with the Consumer Forum for receiving an old product sold as new? Need some advice,"Hi everyone,

I recently bought an earphone from Blinkit, and upon receiving it, I noticed that the manufacturing date is from 2023, even though it's already 2025. The product was sold to me as new, but now I feel misled because it's almost 2 years old.

When I reached out to customer support, they informed me that the warranty starts from the date of delivery, and they directed me to the brand's customer service for any concerns regarding the manufacturing date. However, I feel that Blinkit, as the seller, should be responsible for ensuring the quality and freshness of the product, not just acting as a delivery platform.

I’ve tried to resolve the issue with Blinkit, but they haven’t provided any satisfactory solution, and now I’m considering filing a complaint with the Consumer Forum.

Has anyone faced a similar issue? Can I file a complaint with the Consumer Forum in this case, and what should I include in my complaint to strengthen my case?

Any advice or experiences would be greatly appreciated!

Thanks in advance!
",2025-04-22T10:52:50.000Z,2,,https://www.reddit.com/r/india/comments/1k53cel/can_i_file_a_complaint_with_the_consumer_forum/
reddit_post_1jj01u0,reddit,IN,Kashish_17,,The Indian Startup Ecosystem is solely based on cheap labor exploitation in the name of tech,"Let’s have a look at the most popular startups since profits are a far away dream for these investor spoilt, innovation starved startups.

1. Uber India

Let’s not kid ourselves — Uber isn’t a tech company. It’s a glorified cab cartel with an app interface. The only “innovation” here is how creatively they dodge regulations, steal customers data unethically, screw drivers over with unpredictable fares, and somehow still convince VCs it’s a tech unicorn. It is still far away from seeing a drop of profits. If you wish, I can share the actual proven numerous numbers of real life data to prove neither you nor your data is safe in it.

2. Zomato

Zomato calls its delivery workers “partners” — that’s code for “we won’t pay them minimum wage, offer benefits, or treat them like employees.” These “partners” work 12–14 hour shifts in prime heat, traffic and pollution, face no health insurance, and earn as low as ₹20 per delivery, often without fuel reimbursement. Yet Zomato spends crores on celebrity ads, IPOs, and losses dressed up as “growth metrics.”

3. Swiggy

Swiggy does the same thing, maybe with slightly better ops than Zomato. But the model’s the same: squeeze the workers, saturate the market, and pray that someday, somewhere, there’ll be a path to profitability. Newsflash — there isn’t, unless you count “worker exploitation” as a scalable revenue model.

4. Blinkit / Instamart

Blinkit, Swiggy Instamart, Zepto — same shitty idea repackaged as “quick commerce.” Do we really need ₹200 worth of groceries delivered in 10 minutes at the cost of someone’s life? Is this innovation, or just burning investor money to create artificial convenience?

5. Others: Ola - asshole CEO taking the firm nowhere, Byju’s - as big of a scam as any other app here, paytm - data stealing but in italics.

Is it that crazy to expect actual tech and innovation from these so-called tech companies? 

I’m okay with no innovation but come on, do something better than the firm that already exists in the space - investor daddy’s money cannot be your only edge. 

I’m so pissed at these large firms exploiting the voiceless.

Where are we going wrong in not being able to drive innovation like China is? Every second person in India is an engineer and yet, we can’t innovate with all our fancy degrees.",2025-03-24T19:51:33.000Z,1,,https://www.reddit.com/r/india/comments/1jj01u0/the_indian_startup_ecosystem_is_solely_based_on/
reddit_post_1j3doeg,reddit,IN,reddishgreen_,,zomato's and blinkit's billboard,zomato's and blinkit's billboard,2025-03-04T15:44:40.000Z,1,,https://i.redd.it/ku3mx2ub1pme1.png
reddit_post_1iogsbb,reddit,IN,ethereum_addict,,Has anyone recently gone through the blinkit onboarding process for their business?,Has anyone recently gone through the blinkit onboarding process for their business?,2025-02-13T11:12:45.000Z,1,,https://i.redd.it/v1dzf88g3wie1.png
reddit_post_1imbs72,reddit,IN,Flat_Opportunity3888,,Blinkit is Wilding 💀,Blinkit is Wilding 💀,2025-02-10T17:34:22.000Z,1,,https://i.redd.it/7kmoa5rvkcie1.png
reddit_post_1ifvink,reddit,IN,Rag2244,,Blinkit’s Creative Packaging – DIY Gift Box from a Paper Bag!,"Just got a delivery from Blinkit and noticed their paper bag had this super creative DIY gift box design! Decided to try it out, and here’s how it turned out.

The bag has a cut-out template with instructions, and after some cutting, folding, and gluing, I got this cute little heart-themed box. Perfect for small gifts!

Really love when brands add thoughtful, reusable elements to their packaging. What do you think? Would you use something like this?",2025-02-02T11:42:29.000Z,1,,https://www.reddit.com/gallery/1ifvink
reddit_post_1i0cd5q,reddit,IN,luckyankit,,Blinkit Thinks They're Above Consumer Laws - Is Marking Unresolved Consumer Complaints as 'Resolved' Not Criminal? Blinkit Seems to Think So,"""It was just a bottle of ketchup.""

That's what I thought when I ordered from Blinkit on January 4th, 2025. Little did I know this Rs. 198 purchase would expose a company's elaborate scheme designed to defraud customers and mock our consumer protection laws.

Here's how it started:

* Ordered ketchup from Blinkit - Rs. 198
* Same product everywhere else - Rs. 104
* Tried refusing delivery - Their staff wouldn't allow it
* Customer service too refused to take it back but rather promised larger quantity replacement (have it on call recording)
* Promise never fulfilled

https://preview.redd.it/4ghzcdev2rce1.png?width=2216&amp;format=png&amp;auto=webp&amp;s=e29d23e98396f65185d458d87bbd8df2d85ece5e

What happened next exposed their entire fraudulent system...

THE TIMELINE OF DECEPTION:

First complaint: Price gouging (Rs. 198 vs market price Rs. 104)  
Their response: ""Product was delivered"" - IGNORING the price issue

Second complaint: Highlighted their ignoring of price gouging  
Their response: ""Duplicate case, see first unresolved complaint""

https://preview.redd.it/14fj78p13rce1.png?width=1111&amp;format=png&amp;auto=webp&amp;s=581defeb5bb14dc2c6dda02fb0968af0e9908232

Third through TWELFTH complaints: Each highlighting their fraudulent practices  
Their response: Copy-paste ""Already resolved in complaint #1"" (WHICH WAS NEVER RESOLVED)

TWELVE SEPARATE COMPLAINTS on the official Consumer Helpline portal. TWELVE TIMES they've fraudulently marked complaints as ""resolved"" while referencing an unresolved complaint. This isn't just bad customer service - this is WILLFUL MISCONDUCT:

https://preview.redd.it/xwne0l543rce1.png?width=1120&amp;format=png&amp;auto=webp&amp;s=334b14a242d7f7113c5866ad9918674124410139

THEIR SYSTEMATIC FRAUD &amp; PRICE GOUGING SCAM:

* 90% price gouging on basic items (Rs. 396 charged for Rs. 208 worth products)
* Delivery staff PREVENTING returns at delivery
* False promises of replacement/resolution
* TWELVE fraudulent complaint closures on official government portal
* Creating fake resolution paper trail through circular referencing

IF IT'S NOT A WILLFUL FRAUD, THEN WHAT IS IT - FALSE COMPLAINT RESOLUTION:

* The Consumer Protection Act mandates proper grievance redressal
* Blinkit marks complaints as ""resolved"" without any resolution
* Deliberately references unresolved complaints as ""resolved""
* Creates fraudulent paper trail of false resolutions
* Direct violation of the Consumer Protection Act

THEIR SYSTEMATIC LEGAL VIOLATIONS:

* Excessive pricing without justification
* Preventing rightful returns during delivery
* Making false promises of replacement/resolution
* Fraudulent marking of complaints as resolved
* Creating circular reference system to exhaust consumers
* Violating basic consumer rights guaranteed by law

THEIR DECEPTIVE COMPLAINT HANDLING:

* File complaint about price gouging
* They close it saying ""product delivered""
* File new complaint
* ""Already resolved in previous complaint"" (WHICH WAS NEVER RESOLVED)
* Every new complaint met with same fraudulent response
* Clear violation of Consumer Protection Act's grievance redressal requirements

LEGAL IMPLICATIONS:

* Fraudulent marking of unresolved complaints = Willful misrepresentation
* Circular referencing system = Deliberate suppression of consumer rights
* False promises of resolution = Violation of unfair trade practice laws
* Preventing returns = Violation of consumer rights
* 90% markup without justification = Unfair pricing practice

Questions for Blinkit's Legal Team:

* How is marking unresolved complaints as ""resolved"" not fraud?
* How does your circular complaint system comply with Consumer Protection Act?
* Why train staff to prevent legally entitled returns?
* How do you justify 90% markup under pricing regulations?

Consumer Protection Act 2019 exists for a reason. Blinkit's systematic violation of every consumer protection guideline shows they think they're above the law.

Every false resolution is another violation. Every circular reference is evidence of systematic fraud.",2025-01-13T11:59:26.000Z,1,,https://www.reddit.com/r/india/comments/1i0cd5q/blinkit_thinks_theyre_above_consumer_laws_is/
reddit_post_1hxxjqc,reddit,IN,Cybertronian1512,,"Blinkit to deliver laptops, monitors within 10 minutes","Blinkit to deliver laptops, monitors within 10 minutes",2025-01-10T05:40:47.000Z,1,,https://www.thehindu.com/sci-tech/technology/blinkit-to-deliver-laptops-monitors-within-10-minutes/article69083656.ece
reddit_post_1htaqmr,reddit,IN,RollBun,,"Just got scammed in a new kind of a scam, be aware please (New Amazon Scam)","I ordered a Titan watch on 2nd January via Amazon. I recieved the parcel yesterday. The delivery was a little shady but I was in a hurry so I asked him for UPI QR. He said it's not allowed and only cash is allowed. I was a little shocked but as I was hurrying for work, I paid and he left. Before leaving, he said 'now open box has been done, so should I throw the box away?' and I said yes and he threw the box away. 

However, my Amazon account showed delivery was attemped, not completed. So I was like oh? And then today, two amazon people came with this box. They said that this is your parcel and it's 2774 rupees. Exactly what I paid yesterday. I was a little shocked but in between a call, I couldn't care less and paid the Amazon UPI. And then opened to find 2 foot cream worth 349/- each. I was a little shocked but soon realised that I had been scammed. 

Now, these people do this: 
1. You order from Amazon Cash on Delivery
2. Product gets delivered but you have to pay in cash but it's the real product
3. It shows delivery attemped
4. It'll again come tomorrow 
5. Shady guys will come, they'll take payment on UPI
6. Previous payment has no proof
7. They'll refuse open box delivery (also I asked today and they denied. Yesterday, they did it) 
8. You pay and accept parcel and SCAMMED

Be careful. 2700 is not a big amount to fret over, it's a price I paid to learn a lesson. But you be careful. Shifting to blinkit and offline shopping now I guess.

",2025-01-04T09:18:27.000Z,1,,https://www.reddit.com/r/india/comments/1htaqmr/just_got_scammed_in_a_new_kind_of_a_scam_be_aware/
reddit_post_1kcwafs,reddit,IN,tilling_grounds,,"Ordered water from blinkit, it arrived covered in maggots.",I cannot even refund it because blinkit support won't even let me do that. I couldn't even talk to a support executive. I do not want them to get away with things like this so easily. This is so messed up. The delivery executive dropped it off and left so quickly before we could even look at it. It smells horrible. There are dead and living maggots all over. I am going to go puke now. I am not even thirsty anymore.,2025-05-02T08:55:26.000Z,1,,https://v.redd.it/hk3t51ky1cye1
reddit_post_1jnfoag,reddit,IN,Glittering_Battle460,,"Blinkit ""Saga"" Continues.","Ordered beetroot of 500 to 600 gms(2nd pic) as per the blinkit app along with other items. Actual weight of beetroot is literally half of it(1st pic) when delivered. Experienced this many, many times before especially with veg items. And no, there's no issue with the weighing scale, it's working with currect readings that I already verified before.",2025-03-30T16:02:51.000Z,1,,https://www.reddit.com/gallery/1jnfoag
reddit_post_1jni7yb,reddit,IN,askmetostudy,,I wanna rent a boyfriend for a day. Why am I not in Japan ?,"So, here’s the thing—I’m on my second day of periods. And my best friend and I? Synced. She’s on her first day. We were on call, both in massive pain, both kinda pissed off at... well, everything. Not at each other, just pissed. So, we decided to gossip. And not just gossip—like, aggressively roast and trash-talk our mutuals just to vent that anger out. Pain therapy, you know?

Mid-rant, her phone rings. Some Blinkit guy calling her. Neither of us ordered anything. She goes downstairs, and boom—she comes back with a whole-ass bucket of ice cream. Butterscotch. Our favorite.

Now, she’s assuming I ordered it for her, and she’s all like, “Thank you, I love you,” with the sweetest voice ever.
 And I’m like, “Girl, I’m literally on call with you. How would I even do that?”

And then, right on cue, her so-called situationship dude, ""whom she gonna marry and have kids bleh bleh"" calls. She puts him on conference, so now it's all three of us. 
Here’s the plot twist: I know the guy. We were all friends once—past tense and all that. But turns out, he’s the one who sent her the ice cream. Like, an entire bucket. Just to surprise her.

And listen, as her best friend, I'm happy. Like, genuinely happy she’s got a dude who thinks of her like that. Maybe there’s a cute future there or whatever.

But also?
 I’m freaking, freaking jealous. 
And it’s not even about the ice cream itself—I can order that whenever. It’s the surprise part. 
The ‘I know you’re dying in pain so here’s your favorite ice cream to make it suck less’ part.
 I crave that. Like, literally. I just want someone to send me a bucket of ice cream from Blinkit when I’m dying on my first or second day of periods.

It’s the thoughtfulness. The little effort. Not me ordering it for myself and eating it alone. I can do that too, obviously. But it's the 30th of the month, I’m broke, and it’s just not the same.

And now my best friend is busy with her guy on a video call, probably eating that butterscotch and blushing like an idiot. And I’m here. Alone. Why am I alone? 😭 




",2025-03-30T17:55:35.000Z,1,,https://www.reddit.com/r/india/comments/1jni7yb/i_wanna_rent_a_boyfriend_for_a_day_why_am_i_not/
reddit_post_1je2xyz,reddit,IN,No_Challenge_22,,Help me maximise my earnings as a delivery partner.,"I am planning to become a delivery partner for some food, parcel, etc delivery services or some quick e-commerce services in delhi.

So, in order to maximise my earnings, I need your advice/guidance/suggestions  regarding the following:

1. Whether should I buy an e-scooter Or get one on rent.

2. If buy, then which parameters/criteria should I keep in mind while comparing different e-scooterts. I think the e-scooter which gives highest range per charge, minimum 70 km/hr speed, big enough load capacity, lowest running cost, high load capacity, less charging time, etc.
Do tell me if I miss any other important parameter.

3. If rent, then which one, from which company. Do tell which things I should keep in mind while renting an e-scooter for making deliveries.

4. Which delivery service should I work for? Swiggy, zomato, blinkit, zepto, etc. in delhi. 

5. If there is a perfect/best e-scooter for delivery purposes, then do let me know. 

6. Which insurance company should I take vehicle insurance from, in case of buying an e-scooter.

7. If you have any other advice, suggestions, etc that would help me maximise my earning in this field , then do let me know.

8. If you know a better subreddit where I should post this post at, then do let me know.

Thanks for reading",2025-03-18T11:40:47.000Z,1,,https://www.reddit.com/r/india/comments/1je2xyz/help_me_maximise_my_earnings_as_a_delivery_partner/
reddit_post_1iw6wzr,reddit,IN,dabadol,,Horrible side of Blinkit,Horrible side of Blinkit,2025-02-23T10:04:01.000Z,1,,https://www.reddit.com/gallery/1iw6wzr
reddit_post_1iuznv2,reddit,IN,Ornery-Fortune-7466,,JioMart is SCAM. Don’t fall for the “no fees” BS.,"Seriously, I'm beyond frustrated with JioMart.

I've been giving them the benefit of the doubt for months, ordering groceries repeatedly, but it's just gotten worse. Their whole ""no hidden fees, no delivery fees"" thing? A complete and utter lie.
Here's the rundown of my JioMart hell:

• Rotten Produce and Expired Goods: It's clear they're just dumping near-expiry stock from Reliance SMART Points. Everything is wilted, bruised, or about to expire. I'm basically paying for garbage.

• Phantom Deliveries and Missing Items:
Half my orders are missing items, and they just mark them as ""returned"" without telling me. No refund, no explanation. Just gone.

• Non-existent Inventory: Forget anything remotely fancy. Even basic stuff like capsicum and brinjal are constantly out of stock. What's the point of an online grocery service if you can't even get the basics?

• The ""No Fees"" Lie: The hidden fee is the time and money wasted on dealing with their terrible service and inedible products.

• Customer Service is a Joke: Trying to get help from them is like pulling teeth. They just ignore emails and complaints.

I've finally given up and switched to Blinkit and Zepto. Yeah, they charge a small fee, but at least I get fresh groceries and reliable 
deliveries. The difference is night and day.

Seriously, avoid JioMart like the plague. You're better off going to the store yourself.

TL;DR: JioMart is a scam. They sell expired food, mess up orders, and their ""no fees"" promise is a joke. Just use Blinkit or Zepto.",2025-02-21T19:40:38.000Z,1,,https://www.reddit.com/r/india/comments/1iuznv2/jiomart_is_scam_dont_fall_for_the_no_fees_bs/
reddit_post_1irbyo4,reddit,IN,AccomplishedLet4020,,"Created an App QuickCompare to compare prices between Zepto, Swiggy, Blinkit. Looking for feedback and more suggestions.","Created an App QuickCompare to compare prices between Zepto, Swiggy, Blinkit. Looking for feedback and more suggestions.",2025-02-17T04:51:28.000Z,1,,https://quickcompare.app.link/qc
reddit_post_1imwblw,reddit,IN,Venomm737,,Thedesigns on blinkit paper bags is underrated,Thedesigns on blinkit paper bags is underrated,2025-02-11T11:18:50.000Z,1,,https://www.reddit.com/gallery/1imwblw
reddit_post_1ij2z4u,reddit,IN,lordatlas,,"Zomato to change parent company name to Eternal; will house Blinkit, others","Zomato to change parent company name to Eternal; will house Blinkit, others",2025-02-06T13:50:30.000Z,1,,https://economictimes.indiatimes.com/tech/technology/zomatos-board-approves-name-change-to-eternal/articleshow/117983343.cms?from=mdr
reddit_post_1hwsek8,reddit,IN,SomewhereHot3484,,Free Amazon/Flipkart Product : A Scam Alert ,"Hi India,

Just wanted to share an update about a scam I personally fell victim to. I never thought I could be scammed, but honestly, greed got the better of me lol. Here’s what happened:

I came across an Instagram ad that said, “Free Amazon/Flipkart orders. No advance payment required. Pay only when you receive the package.” It was obviously enticing since I needed certain gadgets for work, though deep down I suspected it could be a scam. Out of curiosity, I clicked on the WhatsApp link.

The person on the other end responded instantly. I asked a lot of questions, and he seemed patient and convincing. To cross-check the validity, I even consulted a friend of mine who’s a grey hat hacker. He mentioned it was possible to exploit Amazon panels to get refunds, as refund processing is done in bulk and some cases go undetected. I also searched Reddit and the internet for similar scams but couldn’t find anything. This gave me some false confidence.

I decided to test it out, thinking of getting an iPad Air for my drawings. But then I thought, let’s not be greedy and start with something small. So, I selected headphones. He asked me to add ₹2,000 to my Mobikwik wallet (why ₹2,000? Check screenshots). I did as instructed. Then he asked me to join a Google Meet call and share my screen so he could explain the process.

During the call, he asked me to open my Mobikwik app to confirm the payment had been added to my wallet. I did this. He then instructed me to open Amazon and try feeding certain card numbers he provided. After trying several, he kept saying they weren’t working and acted surprised, saying things like, “Aise toh kabhi nahi hota” (this has never happened before).

Later, I realized that the ₹2,000 I had deposited was taken from my wallet. Upon investigation, it turned out he had linked my Mobikwik account to Blinkit using my number (which he already had from our WhatsApp conversation). While I was busy entering his card details, I received an OTP notification to link my wallet to Blinkit, but I didn’t notice it (still not sure how). That’s how he managed to steal the money.

I’m glad I didn’t try for a bigger purchase—this could have been a much greater loss.

I don’t understand why Mobikwik allows screen sharing of the app, especially when other popular payment apps don’t.",2025-01-08T19:20:17.000Z,1,,https://www.reddit.com/gallery/1hwsek8
reddit_post_1hrtklw,reddit,IN,fffdontfoolyourself,,Blinkit launches 10-minute ambulance service,Blinkit launches 10-minute ambulance service,2025-01-02T13:22:20.000Z,1,,https://www.youtube.com/watch?v=bd4Y5LjbqGI
reddit_post_1hrsqyb,reddit,IN,bhodrolok,,Blinkit launches 10-minute ambulance service in Gurugram; plans to expand in other cities,Blinkit launches 10-minute ambulance service in Gurugram; plans to expand in other cities,2025-01-02T12:36:40.000Z,1,,https://www.livemint.com/companies/news/blinkit-launches-10-minute-ambulance-service-in-gurugram-plans-to-expand-in-other-cities-11735819724813.html
reddit_post_1jisb73,reddit,IN,kwlonly,,Where have all the gadgets gone? Flipkart &amp; Amazon’s shelves Look Empty!!! Is quick commerce eating their lunch?,"Over the past few months, I’ve noticed something strange, almost all of my wishlisted electronics on Flipkart and Amazon have either gone out of stock or now say “not deliverable to your location.” And I’m not talking about obscure items. These are regular laptops, mobile phones, hard drives, accessories... even bestselling stuff!!! This is happening consistently in the western part of India, and it’s not just a one-off glitch. Feels like the electronics section is thinning out day by day.

What’s even more bizarre? QC platforms like Blinkit and Zepto, originally meant for groceries, are now offering smartphones, earbuds, tablets, and more (they were taking a booking for a skoda car few days ago!) and delivering them in under 30 minutes.

So now I’m genuinely curious:
Is there a hidden supply chain crunch no one’s talking about? Are Flipkart and Amazon holding back stock for the next mega sale? Or are they slowly losing the electronics game to quick commerce players who are literally faster and, oddly, better stocked?

Would love to hear if others are facing this too, especially folks from other regions or someone in retail or logistics. 

What’s the catch?!?!",2025-03-24T14:43:57.000Z,1,,https://www.reddit.com/r/india/comments/1jisb73/where_have_all_the_gadgets_gone_flipkart_amazons/
reddit_post_1jh2xcg,reddit,IN,justexploring-1,,Frustrated with Late Deliveries? Building a Faster Courier Service – Need Opinions!,"Hi everyone, I’m exploring an idea for a faster, more reliable last-mile delivery service. Many people face late deliveries from existing services like Blue Dart, Delhivery, and even Rapido Parcel. I want to fix this by ensuring 30-60 min parcel deliveries, but I need feedback before starting. Please help by answering a few questions based on your experience!

⸻

1️⃣ For Businesses (Restaurants, Pharmacies, Shops, Offices)
	1.	Have you ever faced delays with Blue Dart, Delhivery, or any courier? How often?
	2.	Would you pay extra for guaranteed 30-60 min deliveries instead of waiting for hours/days?
	3.	How much do you currently spend on deliveries? Would you switch if a service offered faster and more reliable deliveries at the same price?
	4.	What’s the biggest problem you face with your current delivery services?

⸻

2️⃣ For Consumers (Regular Users)
	1.	Have you ever needed same-day delivery but found no good option?
	2.	Would you pay ₹20-50 extra for instant delivery within an hour?
	3.	What’s your worst delivery experience with courier services?
	4.	If a service promised faster, cheaper, and more reliable delivery, would you switch?

⸻

3️⃣ For Delivery Riders (Blinkit, Zomato, Rapido, Dunzo, etc.)
	1.	How much do you earn per ride and per day?
	2.	Would you switch to a platform that pays ₹5-10 extra per ride?
	3.	What’s the biggest issue with your current delivery job?
	4.	Would you prefer fixed earnings per day or a higher per-delivery payout?

⸻

4️⃣ For People Who Use Blue Dart, Delhivery, Rapido Parcel, Dunzo
	1.	What’s your biggest frustration with these services?
	2.	Have you ever had an urgent parcel arrive late when you needed it on time?
	3.	Would you switch if a new service guaranteed faster and more reliable deliveries?
	4.	What features or improvements would you want in a delivery service?

⸻

📢 Please drop your thoughts below! Honest feedback is super valuable before I move forward with this idea.

Thank you ",2025-03-22T07:15:13.000Z,1,,https://www.reddit.com/r/india/comments/1jh2xcg/frustrated_with_late_deliveries_building_a_faster/
reddit_post_1jh3bh2,reddit,IN,justexploring-1,,Frustrated with Late Deliveries? Building a Faster Courier Service – Need Opinions!,"
Hi everyone, I’m exploring an idea for a faster, more reliable last-mile delivery service. Many people face late deliveries from existing services like Blue Dart, Delhivery, and even Rapido Parcel. I want to fix this by ensuring 30-60 min parcel deliveries, but I need feedback before starting. Please help by answering a few questions based on your experience!


1️⃣ For Businesses (Restaurants, Pharmacies, Shops, Offices)
	1.	Have you ever faced delays with Blue Dart, Delhivery, or any courier? How often?
	2.	Would you pay extra for guaranteed 30-60 min deliveries instead of waiting for hours/days?
	3.	How much do you currently spend on deliveries? Would you switch if a service offered faster and more reliable deliveries at the same price?
	4.	What’s the biggest problem you face with your current delivery services?

⸻

2️⃣ For Consumers (Regular Users)
	1.	Have you ever needed same-day delivery but found no good option?
	2.	Would you pay ₹20-50 extra for instant delivery within an hour?
	3.	What’s your worst delivery experience with courier services?
	4.	If a service promised faster, cheaper, and more reliable delivery, would you switch?

⸻

3️⃣ For Delivery Riders (Blinkit, Zomato, Rapido, Dunzo, etc.)
	1.	How much do you earn per ride and per day?
	2.	Would you switch to a platform that pays ₹5-10 extra per ride?
	3.	What’s the biggest issue with your current delivery job?
	4.	Would you prefer fixed earnings per day or a higher per-delivery payout?

⸻

4️⃣ For People Who Use Blue Dart, Delhivery, Rapido Parcel, Dunzo
	1.	What’s your biggest frustration with these services?
	2.	Have you ever had an urgent parcel arrive late when you needed it on time?
	3.	Would you switch if a new service guaranteed faster and more reliable deliveries?
	4.	What features or improvements would you want in a delivery service?

⸻

📢 Please drop your thoughts below! Honest feedback is super valuable before I move forward with this idea

Thank You",2025-03-22T07:44:59.000Z,1,,https://www.reddit.com/r/india/comments/1jh3bh2/frustrated_with_late_deliveries_building_a_faster/
reddit_post_1jborei,reddit,IN,hauntin,,'A Thought-Out Way To Scam': Customer Slams Blinkit After Ordered Grapes Weigh Less Than Advertise,'A Thought-Out Way To Scam': Customer Slams Blinkit After Ordered Grapes Weigh Less Than Advertise,2025-03-15T06:10:59.000Z,1,,https://www.news18.com/amp/viral/a-thought-out-way-to-scam-customer-slams-blinkit-after-ordered-grapes-weigh-less-than-promised-9261185.html
reddit_post_1j76265,reddit,IN,Jusklickin,,Pls check your Blinkit deliveries,"Pls don't trust Blinkit blindly.

Ordered grapes from Blinkit a couple of weeks back and the packet received felt suspiciously lighter. Weighed it to realise it was only 370 gms. 
I let it go thinking of it as a one off error. 

To my surprise the same thing happened again yesterday. The half kg package of grapes weighed only 395gms (including the weight of packaging). 

We've had similar issues in the past with respect to both quantity and quality of what was delivered. 
(Received open cat food boxes with a few pouches missing, cheaper fruits n vegetables instead of the ones ordered, overpriced products etc.)
I feel this isn't by accident but a rather thought out way to scam customers. 

Pls use blinkit only if absolutely necessary and double check everything to ensure you are not being scammed. 
",2025-03-09T11:53:44.000Z,1,,https://www.reddit.com/gallery/1j76265
reddit_post_1j3y188,reddit,IN,Prashant_4200,,Created a Mobile App Smart Buy which allows users to compare prices between Swiggy and Blinkit. I am looking for feedback and more suggestions.,Created a Mobile App Smart Buy which allows users to compare prices between Swiggy and Blinkit. I am looking for feedback and more suggestions.,2025-03-05T07:51:26.000Z,1,,https://play.google.com/store/apps/details?id=com.prashantnigam.smartbuy&amp;hl=en
reddit_post_1in4klc,reddit,IN,ColetteBernadette13,,"Blinkit, Goa - behind the scenes","Blinkit, Goa - behind the scenes",2025-02-11T17:50:00.000Z,1,,/r/AskIndia/comments/1in4ig6/blinkit_goa_behind_the_scenes/
reddit_post_1ie4m9w,reddit,IN,Maleficent-Gap-2386,,Created an advertisement for Blinkit(from a Scene from Chain Khuli ki main Khuli),Created an advertisement for Blinkit(from a Scene from Chain Khuli ki main Khuli),2025-01-31T02:31:08.000Z,1,,https://www.instagram.com/reel/DFeRjcyPazC/?igsh=Y2Rjamp2MTMyeWFr
reddit_post_1icj2um,reddit,IN,yeadisismyusername,,you all remember this?,"Been craving choki choki for a long time par amazon mein overpriced tha, saw this on blinkit and rushed 🥹
(doesnt taste the same but worth it for the nostalgia)",2025-01-29T02:08:43.000Z,1,,https://www.reddit.com/gallery/1icj2um
reddit_post_1hqxbrn,reddit,IN,milktanksadmirer,,[OC] Blinkit delivery guy delivered the items to somebody else and marked it as delivered. After contacting customer care they were asking me to contact the guy. I did and that guy didn’t respond for 20 mins. After 20 mins he admitted he delivered to someone else on call. Blinkit Customer care sucks ,"They come back with broken eggs leaked all over the bags. They dropped eggs on the corridor which I had to clean while all the neighbors were watching 

I had to chat with the customer care and wait for them to find a resolution super slowly 

Worst experience ever ",2025-01-01T06:28:12.000Z,1,,https://www.reddit.com/gallery/1hqxbrn
reddit_post_1h6g11l,reddit,IN,amrikidalal,,"Can I Use Zepto, Instamart, Blinkit to Earn Money by Picking Up My Mom's Grocery List? Just an Intrusive Thought...","Okay, so hear me out. *What if*, instead of just picking up groceries for my mom like some kind of unpaid servant, I could actually *earn money* while doing it?  
Here's my plan: I sign up as a delivery partner on Zepto, Instamart, or Blinkit (because who needs a life?), grab my mom’s grocery list, do the usual shopping for her (which, let’s be honest, I’ve been doing for years without  a ""thank you""), and then, instead of just carrying all this stuff home for free, I get to make money while I'm at it!  
So, I’ll be ""delivering"" the groceries to myself. It's a win-win, right? I get paid for literally doing the same thing I was going to do anyway, and mom thinks I'm just a good kid getting her groceries. But plot twist—I’m actually hustling like an entrepreneur.  
I mean, who can stop me? It’s just *technically* a delivery, right? Maybe I’ll even take a few extra items on the side to really make it worth my while. I could even wear a little delivery hat to complete the illusion.  
I’m waiting for someone to tell me this is a *terrible idea* because clearly, I’m just *sooooo* good at following rules.  
Anyway, just a thought. I’ll let you know when I’ve signed up as a delivery partner... and when I deliver a small grocery empire to my own door.",2024-12-04T13:30:38.000Z,1,,https://www.reddit.com/r/india/comments/1h6g11l/can_i_use_zepto_instamart_blinkit_to_earn_money/
reddit_post_uap8dp,reddit,IN,ajzone007,,Blinkit says this is something else. What could it be?,Blinkit says this is something else. What could it be?,2022-04-24T07:20:24.000Z,300,,https://i.redd.it/ajakwoqahfv81.jpg
reddit_post_zw9f6t,reddit,IN,churning_fables,,Pomegranate farmer trying to find good buyers,"I am not sure if this is the right platform to ask about this, but please help if you know anything about buying-selling fruits online. 

My dad is a pomegranate farmer in the village of Tadavle, Sangli, Maharashtra. I am looking for options to sell the produce online, as local vendors and dealers are quoting less price speculating Covid outburst and market disruption. 

We have **110 plants** in our farm in total which have pomegranates of around **1.5 tonnes**. No chemical fertilisers were used throughout the process of production. All the produce is **organically produced**. 

I have written to BigBasket, Blinkit and KisanKonnect but they have not responded yet.

If we cannot find an online source, this would be the third year in a row that we would be selling the produce at a loss. Please help.",2022-12-27T07:02:22.000Z,273,,https://www.reddit.com/r/india/comments/zw9f6t/pomegranate_farmer_trying_to_find_good_buyers/
reddit_post_10zd5cv,reddit,IN,Accomplished-Fly1003,,Man finds rat inside packet of bread delivered by Blinkit. Company responds,Man finds rat inside packet of bread delivered by Blinkit. Company responds,2023-02-11T05:24:48.000Z,177,,https://www.indiatoday.in/trending-news/story/man-finds-rat-inside-packet-of-bread-delivered-by-blinkit-company-responds-2333146-2023-02-10
reddit_post_vmsamp,reddit,IN,ll--o--ll,,Zomato loses about $1.1 billion of market value in two days after Blinkit acquisition deal,Zomato loses about $1.1 billion of market value in two days after Blinkit acquisition deal,2022-06-28T17:12:32.000Z,77,,https://theprint.in/economy/zomato-loses-about-1-1-billion-of-market-value-in-two-days-after-blinkit-acquisition-deal/1015875/
reddit_post_12p4z03,reddit,IN,snicker33,,Blinkit permanently shuts down some dark stores amid delivery workers' strike,Blinkit permanently shuts down some dark stores amid delivery workers' strike,2023-04-17T06:23:17.000Z,61,,https://www.moneycontrol.com/news/business/startup/blinkit-permanently-shuts-down-some-dark-stores-amid-delivery-workers-strike-10423951.html
reddit_post_vjrkgs,reddit,IN,AAPkeMoohMe,,"Zomato approves Blinkit acquisition for ₹4,447 crore","Zomato approves Blinkit acquisition for ₹4,447 crore",2022-06-24T15:52:41.000Z,49,,https://www.livemint.com/companies/news/zomato-to-buy-additional-stake-in-blinkit-for-about-568-million-11656078266200.html
reddit_post_teqemp,reddit,IN,lordatlas,,"Zomato, Blinkit sign deal for merger, to move CCI soon for approval","Zomato, Blinkit sign deal for merger, to move CCI soon for approval",2022-03-15T14:35:33.000Z,35,,https://www.moneycontrol.com/news/business/startup/zomato-blinkit-sign-deal-for-merger-to-move-cci-soon-for-approval-8235241.html
reddit_post_vkaj37,reddit,IN,de_redditor,,"Zomato to acquire grocery delivery platform Blinkit for ₹4,447 Cr","Zomato to acquire grocery delivery platform Blinkit for ₹4,447 Cr",2022-06-25T08:32:03.000Z,32,,https://www.hindustantimes.com/business/zomato-to-acquire-grocery-delivery-platform-blinkit-for-over-rs-4-440-cr-5-points-101656125499963.html
reddit_post_12sw4hx,reddit,IN,LollerCorleone,,"Blinkit protests: For gig workers, there is no income security – and little legal recourse","Blinkit protests: For gig workers, there is no income security – and little legal recourse",2023-04-20T11:55:42.000Z,19,,https://indianexpress.com/article/opinion/columns/blinkit-protests-for-gig-workers-there-is-no-income-security-8567205/
reddit_post_11f82ih,reddit,IN,ThatPortraitGuy,,"Blinkit set to launch Urban Company-like services, Deepinder Goyal resigns from UC’s board","Blinkit set to launch Urban Company-like services, Deepinder Goyal resigns from UC’s board",2023-03-01T16:25:00.000Z,19,,https://entrackr.com/2023/03/exclusive-blinkit-set-to-launch-urban-company-like-services-deepinder-goyal-resigns-from-ucs-board/
reddit_post_wuny46,reddit,IN,lordatlas,,Blinkit is offering printouts for Rs 9 per page plus delivery charges. Internet has mixed reactions,Blinkit is offering printouts for Rs 9 per page plus delivery charges. Internet has mixed reactions,2022-08-22T08:30:00.000Z,16,,https://www.indiatoday.in/trending-news/story/blinkit-is-offering-printouts-for-rs-9-per-page-plus-delivery-charges-internet-has-mixed-reactions-1990727-2022-08-21
reddit_post_vufb7z,reddit,IN,AbhiFT,,What is the best rice for making soft idli/dosa.,"Ponni vs Sona Masuri vs parboiled rice for Idli/Dosa?

Whichis the best overall rice? Which gives soft dosa and Idlis? I cannot find par-boiled rice anywhere (some sell par boiled Basmati rice). I tried bigbasket, blinkit and they sell Boiled rice which I am not sure is par boiled? I am in North India.",2022-07-08T16:55:40.000Z,14,,https://www.reddit.com/r/india/comments/vufb7z/what_is_the_best_rice_for_making_soft_idlidosa/
reddit_post_uitxsh,reddit,IN,Devaorios,,"Do you get your ice cream in proper condition from apps like swiggy, blinkit, Dunzo etc.?","I live in Mumbai but I was visiting my parents in Pune, Me and my brother thought we could order some ice cream in the midst of this 40+ degree weather from blinkit. 

Blinkit seems to specifically sell only tubs of ice cream and not bars. When they DO deliver the ice cream it usually comes with a guy on a motor cycle in a plastic packet completely melted inside but a few hours in the fridge usually does the trick.

Dunzo, on the other hand, use insulated zip lock bags, ice packs and a sort of cooler for storing delivery items but when we received the ice cream, other than the tub, the bars of ice cream we got were absolutely DESTROYED. One of them had a hole on the outside of the chocobar packet and the icecream melted out of it leaving an underlayer of chocolate sauce. 

Just wanted to know how this varies from city to city because personally, In Mumbai atleast, I avoid ordering ice cream at all it's always a bad idea.",2022-05-05T09:50:59.000Z,11,,https://www.reddit.com/r/india/comments/uitxsh/do_you_get_your_ice_cream_in_proper_condition/
reddit_post_vy7oi3,reddit,IN,wick29,,Zomato ended their Pro subscriptions?,"I liked the no delivery and pro discounts. It was a good deal for me on some of the restaurants.  Today i noticed I can't renew it. It showed that they are working on something new.

I hope this is not their way of increasing revenue for blinkit debacle.",2022-07-13T16:39:29.000Z,9,,https://www.reddit.com/r/india/comments/vy7oi3/zomato_ended_their_pro_subscriptions/
reddit_post_tehyhp,reddit,IN,hatetheglazers,,Explained: Why Blinkit is shutting down some dark stores?,Explained: Why Blinkit is shutting down some dark stores?,2022-03-15T05:45:48.000Z,7,,https://indianexpress.com/article/explained/explained-why-blinkit-shutting-down-some-dark-stores-7819171/
reddit_post_10zkwiv,reddit,IN,VCardBGone,,Blinkit Delists Store After Man Tweets Photo Of Rat Inside Bread Packet Ordered From App,Blinkit Delists Store After Man Tweets Photo Of Rat Inside Bread Packet Ordered From App,2023-02-11T11:20:23.000Z,6,,https://www.ndtv.com/offbeat/man-tweets-photo-of-rat-inside-bread-packet-ordered-from-blinkit-company-responds-3773131
reddit_post_wscs9s,reddit,IN,webVerts,,Get printouts at your doorstep through Blinkit app! Read here to know process,Get printouts at your doorstep through Blinkit app! Read here to know process,2022-08-19T12:29:29.000Z,5,,https://www.livemint.com/companies/news/get-printouts-at-your-doorstep-through-blinkit-app-read-here-to-know-process-11660888374120.html
reddit_post_ttgjsa,reddit,IN,just_some_ANALyst,,Got a notification from blinkit app that I have a free gift. This is the gift....,Got a notification from blinkit app that I have a free gift. This is the gift....,2022-04-01T02:52:55.000Z,5,,https://i.imgur.com/KgVuqHx.jpg
reddit_post_zrnkor,reddit,IN,No_Ferret2216,,A gentle push towards digital?,"Ordered from zomato and got charged a cash handling fee
That seems completely ridiculous tbh.
Lately rapido blinkit employees have been refusing cash citing some sort of charge they have to face and prefer online payment via app

Is all this part of some official policy by govt or is there some sort of advantage to companies in online modes of payment?",2022-12-21T14:11:49.000Z,4,,https://www.reddit.com/r/india/comments/zrnkor/a_gentle_push_towards_digital/
reddit_post_yqb8yn,reddit,IN,Kashish_17,,Searching for my 'soulmate' credit card,"I grew up with the mindset of villainizing credit cards, but I'm trying to mend that and **build up my credit score** for some upcoming future goals in the next 2-3 years- education or investment in fixed assets.

Currently, majority of my money goes to:

1. Rent
2. Groceries (mostly Blinkit and from local stores) and eating out sometimes
3. Conveyance (cabs and metro)
4. Industry certifications and trainings
5. I travel a lot but mostly it's covered by the corporate card. I do plan to take 2 (domestic) vacations (or workcation?) an year though

Currently, I've considered HDFC Millenia, 6E Ka-Ching Indigo and Amazon Pay. Any that you'd suggest? Any tips to not mess it up because I'm nervous? How helpful is Cred?",2022-11-09T06:57:14.000Z,3,,https://www.reddit.com/r/india/comments/yqb8yn/searching_for_my_soulmate_credit_card/
reddit_post_1amk56r,reddit,IN,helloday17,,What are the requirements to start a supply chain warehouse?,"Hello Everyone! I wanted to learn more about getting a Blinkit, Zepto or Instamart warehouse, I have own commercial properties available in Tier 1 cities and want to learn more on how much investment it is, what are the requirements, any advice would be helpful.",2024-02-09T09:12:57.000Z,2,,https://www.reddit.com/r/india/comments/1amk56r/what_are_the_requirements_to_start_a_supply_chain/
reddit_post_1109pax,reddit,IN,chiascosmos,,kya hai bhai blinkit ki problem,kya hai bhai blinkit ki problem,2023-02-12T07:11:24.000Z,2,,https://i.redd.it/1olbinn71rha1.png
reddit_post_136dcza,reddit,IN,Apprehensive_Sort978,,Instamart/ blinkit/ zepto in your local area?,"Hey one of my friends have a warehouse in a very small city and they are looking for renting it out to either of these above mentioned delivery partners, does anyone knows the procedure?",2023-05-03T07:17:15.000Z,2,,https://www.reddit.com/r/india/comments/136dcza/instamart_blinkit_zepto_in_your_local_area/
reddit_post_10zmzin,reddit,IN,achilles_nemesis,,Mad Over Marketing posts these days! BlinkIt collaborates with Ratatouille 2,Mad Over Marketing posts these days! BlinkIt collaborates with Ratatouille 2,2023-02-11T12:55:07.000Z,2,,https://i.redd.it/3zfp98wlllha1.jpg
reddit_post_z0qglm,reddit,IN,BJJ_M_A,,Looking for Swiggy Users for PAID RESEARCH (Rs.1000) (Online),"We are building a competitor to Swiggy and want your opinion on various designs. The online interview will last 30-45 minutes in which you will be shown various designs and asked for your feedback on them.

You must be:

* Age: 25-45
* Location: Delhi
* You make the decision in which groceries to buy and make a list of items to buy.
* You use a online grocery shopping app like Swiggy IM, Dunzo, Zepto, Big Basket or Blinkit
   * You make at least 4 purchases a month using one of these apps
   * You mainly use **Swiggy**
   * You have used this / these apps for over 4 months
* You have at least 4 orders over Rs.500 or should have placed at least one order above Rs.1200 and other orders could be of smaller value orders. Which may come up to 2000+ rupees per month, for 4-5 orders placed in total.

If you fit this criteria, please email or fill the form in the link or message me on reddit! We would like to interview you asap! You will be **rewarded with Rs.1000** for your time.

**Alternatively, if you know someone who fits this criteria and can refer them to us, you will be rewarded with Rs.350 per person referred** (We ask participants at the end of the interview for who referred them. If you give the participant your email or phone number then we can get in touch once they have completed the interview and pay you).

[https://forms.gle/RxK31ene9D3DcbK77](https://forms.gle/RxK31ene9D3DcbK77)

[contact@modernyz.com](mailto:contact@modernyz.com)",2022-11-21T05:23:46.000Z,2,,https://www.reddit.com/r/india/comments/z0qglm/looking_for_swiggy_users_for_paid_research_rs1000/
reddit_post_uywivj,reddit,IN,nmfgn,,Layoffs on the rise at Start ups,"All articles below are from the past 10 days. 

&amp;#x200B;

Sharma represents thousands, who have been sacked by well-funded startups since the start of 2022. According to data compiled by *Moneycontrol*, startups have fired over 5,000 employees so far this year. 

[https://www.moneycontrol.com/news/business/startup/layoffs-shutdowns-funding-crunch-the-great-indian-startup-party-is-over-8562681.html](https://www.moneycontrol.com/news/business/startup/layoffs-shutdowns-funding-crunch-the-great-indian-startup-party-is-over-8562681.html)

&amp;#x200B;

Zomato-backed Blinkit is reported to have laid off 1,600 emp ..

Read more at:  
[http://timesofindia.indiatimes.com/articleshow/91752626.cms?utm\_source=contentofinterest&amp;utm\_medium=text&amp;utm\_campaign=cppst](http://timesofindia.indiatimes.com/articleshow/91752626.cms?utm_source=contentofinterest&amp;utm_medium=text&amp;utm_campaign=cppst)

&amp;#x200B;

Indian startups have already laid off around 6,000 employees in the last five months. But this startup firing season will continue, according to several experts that Business Insider spoke to. 

[https://www.businessinsider.in/business/startups/news/60000-jobs-in-startup-companies-may-lose-their-jobs-this-year-in-india-experts-say/articleshow/91804572.cms](https://www.businessinsider.in/business/startups/news/60000-jobs-in-startup-companies-may-lose-their-jobs-this-year-in-india-experts-say/articleshow/91804572.cms)",2022-05-27T11:51:52.000Z,2,,https://www.reddit.com/r/india/comments/uywivj/layoffs_on_the_rise_at_start_ups/
reddit_post_1g9dhnc,reddit,IN,VCardBGone,,"India's biggest retail distributors association AICPDF sends letter to CCI against Blinkit, Zepto and Swiggy ","India's biggest retail distributors association AICPDF sends letter to CCI against Blinkit, Zepto and Swiggy ",2024-10-22T08:45:44.000Z,1,,https://timesofindia.indiatimes.com/technology/tech-news/indias-biggest-retail-distributors-association-aicpdf-sends-letter-to-cci-against-blinkit-zepto-and-swiggy/articleshow/114438526.cms
reddit_post_1g2g5wi,reddit,IN,Melodic-Era1790,,Blnkit,"tl;dr  
Delivered at wrong location, delivery guy was shown a diff addr  
Delivery guy just hangs up the phone, tells you to contact ""supporter""  
Customer support = Chat bot (that too is busy due to surge in queries, i DARE you to open blinkit rn)  
got a reply to my email after i had locally bought everything  
cannot get refund so now i pay double for things i dont need

yesterday i ordered a few dairy products worth 400 on blinkit and in just 15 min the delivery guy calls me to ask my address. i tell him to open his app but he keeps insisting he's near my house. i give me address only for him to realise he is 20 km away from me, at some corner of my city, its among the largest in the country.

i ask what should be done now, and he tells me to contact ""supporter"" from my app, i could not find that option and hangs up. i call him again, but there is a waiting period where they play waiting music. first time he doesnt pick up, second time he does and speaks something aggressively i dont understand and hangs up again.

i try to find customer support number, couldnt find one. i had to talk to the chat bot, that says, i quote, ""chat support may be hampered due to surge in queries"". been this way since yesterday morning till rn(next day morning).

i had to email them yesterday afternoon about it, and they finally responded saying i cannot get a refund, but those things will be delivered to my house again today. i keep insisting i have already bought everything i need and am not willing to spend another 400, but they arent listening. i think ill get those things anyway now, but will never order from them again.

conclusion:  
i only saved rs22 on order of 400, and payed rs4 more as handling charge, whatever that is. i suggest dont buy on these apps, they capitalise on your unwillingness to go get out and buy those products yourself. yesterday dmart saved me 22% on all purchases (which is a lot compared to rs22 - rs4 on 400)

being online provides them with a lot of freedom to loot the customer and get away being politely rude about it .",2024-10-13T02:46:57.000Z,1,,https://www.reddit.com/r/india/comments/1g2g5wi/blnkit/
reddit_post_1fwl1s5,reddit,IN,Paul_Semicolon1,,Primary School Education costs more than an MBA in India!,"I am in my mid-30s and most of my friends already have a kid. They are entering the phase of getting their kids admitted to the best possible schools near them. 

If you are one of them, you will be shocked.

Primary education in India has gone out of hand, thanks to the private schools, franchise schools, and international aspirations of parents.

Let me explain. 

Since I don't have a kid, I am least bothered about how much it costs to educate them in the current times. But, I came across a video recently made by one of my friends and learned about the term IB.

No, it's not Investment Banking. This IB means 'International Baccalaureate'.

Now, what is that you would say?

Well, it is a 'non-profit' organization that catalogs some schools across the world and provides 'world-class' education.

In short, where Ambani's kids go.

So, long story short, there are currently 225 IB-recognized schools in India.

The annual tuition fee for these schools ranges between Rs. 2 Lakh to 10 lakh for Nursery Kids.

Read that again. 

FOR NURSERY KIDS.

And the madness doesn't stop here.

You must have heard about Delhi Public School.

Currently, DPS has 13 core and 200+ Franchise Schools across India. DPS charges somewhere around Rs. 1.5 to 2 lakh for a year from a student (parent) in primary classes.

All this while, I thought that MBAs are charged highly in this country.

Today, I realized, that education in general is reserved just for the people who belong to a certain class.

The rest are being forced to opt for rote learning schools that can't make you smart or be able to ask questions.

At this point I want to ask Blinkit if they can deliver education in 10 minutes also?",2024-10-05T07:33:10.000Z,1,,https://www.reddit.com/r/india/comments/1fwl1s5/primary_school_education_costs_more_than_an_mba/
reddit_post_1fwle66,reddit,IN,Paul_Semicolon1,,Primary School Education costs more than an MBA in India!,"I am in my mid-30s and most of my friends already have a kid. 

They are entering the phase of getting their kids admitted to the best possible schools near them.

If you are one of them, you will be shocked.Primary education in India has gone out of hand, thanks to the private schools, franchise schools, and international aspirations of parents.

Let me explain.

Since I don't have a kid, I am least bothered about how much it costs to educate them in the current times. 

But, I came across a video recently made by one of my friends and learned about the term IB.

No, it's not Investment Banking. This IB means 'International Baccalaureate'.

Now, what is that you would say?

Well, it is a 'non-profit' organization that catalogs some schools across the world and provides 'world-class' education. 

In short, where Ambani's kids go.

So, long story short, there are currently 225 IB-recognized schools in India.

The annual tuition fee for these schools ranges between Rs. 2 Lakh to 10 lakh for Nursery Kids.

Read that again. FOR NURSERY KIDS.

And the madness doesn't stop here.

You must have heard about Delhi Public School.

Currently, DPS has 13 core and 200+ Franchise Schools across India.

DPS charges somewhere around Rs. 1.5 to 2 lakh for a year from a student (parent) in primary classes.

All this while, I thought that MBAs are charged highly in this country.

Today, I realized, that education in general is reserved just for the people who belong to a certain class.

The rest are being forced to opt for rote learning schools that can't make you smart or be able to ask questions.

Blinkit can you deliver education in 10 minutes also, please?",2024-10-05T07:58:54.000Z,1,,https://www.reddit.com/r/india/comments/1fwle66/primary_school_education_costs_more_than_an_mba/
reddit_post_1fdbg41,reddit,IN,iamfirdous,,Crumble vs BlinkIt – The Only Cross-Border Conflict We Need 🤣🤭,Crumble vs BlinkIt – The Only Cross-Border Conflict We Need 🤣🤭,2024-09-10T06:34:55.000Z,1,,https://www.reddit.com/gallery/1fdbg41
reddit_post_1ewsr0f,reddit,IN,asteriskspace,,UBS Gives Zomato's BlinkIt $15.4 Billion Valuation,UBS Gives Zomato's BlinkIt $15.4 Billion Valuation,2024-08-20T11:08:51.000Z,1,,https://indiadispatch.com/2024/08/20/ubs-gives-blinkit-15-4-billion-valuation/
reddit_post_1at2ea1,reddit,IN,Direct_Ad3755,,Dear r/India blinkit users on Reddit. I'm working on a project for my research methodology subject in my UG. If you could help fill out this form with 2 minutes of time. I have to submit it on Monday and reach 200 target fill outs. Thanks if you are down to help. ❤️,Dear r/India blinkit users on Reddit. I'm working on a project for my research methodology subject in my UG. If you could help fill out this form with 2 minutes of time. I have to submit it on Monday and reach 200 target fill outs. Thanks if you are down to help. ❤️,2024-02-17T13:49:37.000Z,1,,https://i.redd.it/7ndynx5jh5jc1.jpeg
reddit_post_164er2i,reddit,IN,Own-Possibility3220,,Blinkit's paper bag design for Rakshabandhan. Ain't it cute!? 💝 #littlethings.,Blinkit's paper bag design for Rakshabandhan. Ain't it cute!? 💝 #littlethings.,2023-08-29T10:31:21.000Z,1,,https://i.redd.it/uqjvcb9d11lb1.jpg
reddit_post_12wjjze,reddit,IN,rpollost,,Blinkit app-delivery workers in India strike against increasing exploitation.,Blinkit app-delivery workers in India strike against increasing exploitation.,2023-04-23T17:42:19.000Z,1,,https://www.youtube.com/watch?v=9o2ppFsYgco
reddit_post_1gtzmpo,reddit,IN,Clean-Ad4235,,Massive ingredient scam by Instamarts ,"I ordered these Beyond Snacks banana chips from one of the Instamarts (Zepto, Swiggy, Blinkit) it’s the same everywhere. On the app, the ingredient list is very small and shows real ingredients only as you can see on the photo. 

HOWEVER, after I received the product, I noticed that the ingredients listed on the actual packet are very different. Suddenly there’s maltodextrin and anticaking agents and other things included??

How is this ok? How are they uploading fake images of products? Isn’t this illegal? I’m really very shocked. F",2024-11-18T07:41:36.000Z,1,,https://www.reddit.com/gallery/1gtzmpo
reddit_post_1gd99x4,reddit,IN,Change_petition,,Is this the end? Kiranas struggle to keep up with quick commerce,"Not surprisingly, [mini warehouses are sprouting up in residential neighbourhoods, replacing kiranas](https://youtube.com/shorts/OKkhQVeK1R4?si=A8q31IQqb7LAawmR)

Son of a former shopkeeper in our area is now a BlinkIt delivery guy ",2024-10-27T11:54:27.000Z,1,,https://www.deccanherald.com/business/is-this-the-end-kiranas-struggle-to-keep-up-with-quick-commerce-3250584
reddit_post_1gc24p6,reddit,IN,no-more-kpop,,JioMart is a scam,"I ordered from jiomart 2 days ago, it was supposed to be a hyperlocal delivery and I was supposed to get the order within 10 - 30 minutes as the app said. Firstly there is no way to track when is your order coming or who is delivering your order. It just said it will be delivered on 23rd Oct, I waited for 2 hours, order wasn't delivered. Tried contacting customer care, they said it is taking some time, will reach me soon. Some time after the call, I checked the app the delivery date was showing 25th Oct I was like WTF!!!! This was supposed to be a quick commerce delivery and now they need TWO days for what??? All I needed was bread butter milk eggs kinda stuff. Smart Bazaar is 2 km from my home, if it was gonna go down to this I would have walked to the store and bought it but naah.

Today I was waiting for my order to be delivered and kept waiting, didn't check with any customer support today but believed the order would come. Randomly in the evening I checked the app, now it is showing the order will be delivered on 28th Oct like BRUHHH are you milking the cows and breeding the chickens for eggs right now???? What the fuck is going on here? What am I supposed to do here? Will my order ever come? Are they scamming everyone this whole time? Is it even a trusted app? The app experience is shit anyways. I was ordering from jiomart since the products were cheaper than instamart and blinkit. But holy crap of an app have they made!!!",2024-10-25T19:10:36.000Z,1,,https://www.reddit.com/r/india/comments/1gc24p6/jiomart_is_a_scam/
reddit_post_1gb42ww,reddit,IN,edtimesofficial,,"India’s Biggest Retailers Demand Action Against Zepto, Blinkit, and Swiggy","India’s Biggest Retailers Demand Action Against Zepto, Blinkit, and Swiggy",2024-10-24T14:34:22.000Z,1,,https://edtimes.in/indias-biggest-retailers-demand-action-against-zepto-blinkit-and-swiggy/
reddit_post_1g13cfm,reddit,IN,No_Competition_4809,,Avoid Zomato! Here's What Happened to Me,"I ordered food from Zomato on October 10, 2024 (Order ID #6253954560). The order included soup, which spilled all over the other food when the delivery arrived. The food was in such bad condition that I refused to take it.

Instead of understanding, the Zomato guy managing the delivery partners   tried to force me to accept the order on phone . I contacted customer support, but after a lot of back-and-forth, they canceled my order and refused to give me a refund.

This is completely unacceptable. Zomato failed to deliver my food safely and then acted like it was my fault. Their customer support, including the chatbot, was useless and didn’t help at all. Even the humans on support didn’t take the issue seriously.

Zomato needs to fix this and treat their customers better. I’m asking everyone here to share this post and spread the word so that others are aware of how terrible their support can be. If you’ve had a similar experience, comment below! Maybe if enough of us speak up, Zomato will actually do something about it.

Until they improve their service and policies, I suggest avoiding Zomato (and Blinkit) altogether.",2024-10-11T06:17:41.000Z,1,,https://www.reddit.com/r/india/comments/1g13cfm/avoid_zomato_heres_what_happened_to_me/
reddit_post_1fuejsq,reddit,IN,jayant_16,,Received Damaged Items… What Are Your Biggest Fears When Ordering Online?,"Hey guys, so something really frustrating happened today. I ordered some groceries and a few snacks from Blinkit and when the delivery arrived, a couple of items were completely damaged. The bread was squished flat, and a few of the snack packets had holes in them. To top it off, the delivery guy just rushed off before I could check everything. 😤

Now I’m stuck dealing with their support team, trying to get a refund or replacement, and it's honestly making me rethink my experience with these quick-delivery platforms.

But this got me thinking — what are your biggest fears when ordering from platforms like Blinkit, Zepto, or even others like Instamart? For me, it's definitely receiving damaged or expired products. The speed of delivery is great, but sometimes I wonder if it compromises the care they take with our items.

On the flip side, what motivates you to keep ordering from these platforms? For me, the convenience is a big one — I don’t always have time to go to the store, and when it works out, it's a real lifesaver. But with this latest experience, I'm starting to second-guess.

Would love to hear your thoughts! What’s your worst fear when ordering online? And what keeps you coming back despite the risks?",2024-10-02T12:05:18.000Z,1,,https://www.reddit.com/r/india/comments/1fuejsq/received_damaged_items_what_are_your_biggest/
reddit_post_1fltavn,reddit,IN,Distinct_Pudding6883,,"Exploring the Latest Hot News: BigBasket, Zepto, and Blinkit Begin Conveying Apple iPhone 16 in Only 10 Minutes","Exploring the Latest Hot News: BigBasket, Zepto, and Blinkit Begin Conveying Apple iPhone 16 in Only 10 Minutes",2024-09-21T02:48:29.000Z,1,,https://i.redd.it/kzu0ycvct2qd1.jpeg
reddit_post_1esuvf6,reddit,IN,Equivalent-Chest152,,Zomato/Swiggy membership makes no sense. ,"Few years back, when these two rolled out their memberships it was so much better. Zomato never had minimum order fee or anything. (Zomato Pro Plus) Then Zomato revamped the whole thing, and decided to make it only upto 7km and above 199, which made me turn to Swiggy, and buy Swiggy One.

Swiggy One was so useful, because it had minimum order fee of 159, and I could order from restaurants 10km away.
Now even they changed the policies and made it upto 7km with 199 order fee. 

The problem is, I stay in a place where all the good and amazing restaurants are 7.1-9km far away.
Just because of that, I have to pay FULL DELIVERY FEE, even though I have a membership. It would make sense if I had to pay the fee for that extra distance, but not the full amount. I'm entitled to have the free delivery upto 7km right? 

I'm ready to pay for their membership, if it costs 400 or 500. 
But now it's just too ludicrous to even buy it, considering the benefits they're providing. Nowadays they even hike their platform fee too. 

Literally both Zomato and Swiggy have no difference, almost offering the same benefits, but Swiggy has instamart, and Zomato has BlinkIt, but I prefer Zepto mainly.

People really need to raise this issue and demand a policy change from both the brands. 
",2024-08-15T13:14:38.000Z,1,,https://www.reddit.com/r/india/comments/1esuvf6/zomatoswiggy_membership_makes_no_sense/
reddit_post_1elbfrc,reddit,IN,throw_away_69x24x7,,Do not order rush delivery/time slot delivery from Amazon - it gets delivered by Amazon Fresh which is crap,"So earlier Amazon used to clearly demarcate if your order will be delivered by Amazon Fresh or Amazon. I have always had terrible experience with Amazon Fresh and hence never used to order from Amazon Fresh. Lately, I have learnt that the so called ""rush delivery"" whereby they ask you to choose time slots for delivery are actually handled by Amazon Fresh.

Twice I opted for rush deliveries by choosing a time slot and both the times the order was delayed by more than 24hrs. Today as well one of my rush delivery was delayed and I contacted Amazon, I later learnt that all these so called ""rush deliveries"" are handled by Amazon Fresh. I then realized why they were getting delayed. Amazon Fresh has always been crap since Day 1. The worst part is they won't even let you cancel an Amazon Fresh order even if it has not been dispatched. 

So if you are ordering something from Amazon, **never choose any of the time slots**, your order will be then handled by Amazon Fresh and you will be sorry you chose them.

As a side note, always check the item on Blinkit before ordering from Amazon. Their SKU has expanded significantly. The order which was delayed by Amazon Fresh, I checked it on Blinkit and got it in 5 minutes. Meanwhile the original Amazon order is now more than 36 hrs. old and there is no option to cancel it on Amazon. I really wonder how they (Amazon Fresh) are still alive as a division.",2024-08-06T07:18:42.000Z,1,,https://www.reddit.com/r/india/comments/1elbfrc/do_not_order_rush_deliverytime_slot_delivery_from/
reddit_post_1dfhf4x,reddit,IN,urge_kiya_hai,,What a misleading headline! ,Isn't the company who outsourced the manufacturing is responsible for QC and not any supply chain partner. How will Zepto or Blinkit or for that matter any retailer figure out what is wrong with the product without opening the packaging ,2024-06-14T03:28:33.000Z,1,,https://i.redd.it/rv7jhpgaig6d1.jpeg
reddit_post_1c5bgk1,reddit,IN,ResearcherNo4728,,"Why are so many young Indians choosing to be childless and look down upon people who have, or want to have, children?","I believe the following **disclaimer** is necessary given how people are and the nature of this question/discussion/rant. This is not to judge you if you don't hold the views in question - a lot of people (most?) think they're being personally judged when being told about a point of view that they don't hold. So don't attack me if you are triggered - attack my arguments, by all means, if you can explain why they are wrong.

With that out of the way, here's the **TLDR** version - **Rather than looking down upon folks with kids, realise that it is YOU for whom having a kid is either unaffordable (financially) or untenable (due to mental health, lack of work life-balance, or other social reasons), and that the problem doesn't lie with folks who do want to have kids.**

Having a child, or children, is supposed to be the biggest joy in any person's life. We are biologically programmed to be so. But when I look around at my peers and friends in India, about half of them want to be child-free, and not only that, they tend to look down on people who do want to have kids. And I'm not talking about people who are not financially well off - I'm talking about people who earn upwards of INR 50L annually, each of the partners individually, so the annual household income is &gt;1 Cr. And it's not just my friends as well - look around this group itself, how many people mention in posts and comments, proudly too, that they choose and want to be childless. The reasons may vary - for some it's the cost of upbringing a child; for some others it's due to childhood trauma, so they don't want to even remotely inflict the same shit on their offsprings; and for some others yet, it is plain nihilism, like ""this inane existence ends with me, I won't extend my bloodline simply to subject them to this shitty existence we call life"". As a result, **they inculcate this feeling that not having a child is the moral, or intellectually superior, thing to do, instead of seeing the situation for what it really is - you are not having a child because it is unaffordable and unsustainable for YOU,** perhaps because of the way things are in your life which is a combination of societal constructs, mental health issues, income inequality and a host of other reasons. But the point to realise is, **you** ***would have*** **wanted a child and a family**, as has pretty much everybody for 99% of human history, **if your situation was good** (whatever that means in your life or context). 

This is mostly for affluent folks who look down on want-to-be parents, and not for people who genuinely can't financially afford to have kids. You in India have most facilities as good as, if not sometimes better than (hello UPI) and more affordable than the West. You have a higher standard of life in some sense with your maids and house helps, and instant services like blinkit and what not, than people in the West. Yet, you can't afford to raise a child? For generations, it has been the default - everybody (barring infertile couples and few exceptions of course) had children. Yet in my generation - the millenials, and also gen Z - people are choosing to forego this most precious, joyous and fulfilling of experiences that is parenthood, despite their lives being objectively better by every measurable metric. And not only that, you look to validate and justify your choices by looking down on people who want to be parents?

A lot of these couples adopt dog(s) and/or cat(s), and say that its the same as having a kid and that they don't have time to raise a child due to their careers. It's like, what would you do by amassing wealth in a booming economy by focusing on your career and being childless at the end of it? Live alone with your cat or dog? I love dogs too - I've mourned the death of two of my dogs - but believe me, they don't even come close to comparing with having your own kids. **And let's be honest here, the reason you are have a dog or a cat is that they are expendable or replaceable, in the sense that you KNOW that it won't hurt nearly as bad as if you were to lose your human child.** So its a ""low risk"" endeavour. And if you've never had your own kid(s), you can't say that it is the same, because how would you know? **So, instead, just be honest and say the truth, that you don't want to have kids because you don't want to make the sacrifices necessary (losing sleep, cutting down on impromptu vacations, and having an easy and chill life).** But you don't have a right to mock people who are willing to make those sacrifices and work hard at raising children. But then, I guess if you accept that, it makes you look bad and you can't have that. 

Look, I'm not going to sit and here and lecture you things like once you hit 40 or 50 or 60 years of age (different for different people), you'll - statistically speaking - begin to regret not having a child, and that fulfilment at older age comes from family; that's your choice if you want to live like that. But realise that it is not a ""better"" life choice than people who have or want to have kids. Realise that if starting a family is unaffordable and unfeasible for you - be it for financial reasons or lack of work-life-balance or childhood trauma or plain nihilism and disillusionment due to society and a misplaced value system that fucked up your mental health - then it just means that **you** are in an unhappy and stressful place. And realise that want-to-parents have either managed to overcome those challenges, or never had these problems in the first place, or want to want to have kids regardless, and that doesn't make them bad people. They need our help, support and appreciation - not hate.",2024-04-16T09:01:31.000Z,1,,https://www.reddit.com/r/india/comments/1c5bgk1/why_are_so_many_young_indians_choosing_to_be/
reddit_post_1b8ps6k,reddit,IN,ThatPortraitGuy,,"Flipkart to take on Zepto, Blinkit with quick commerce foray","Flipkart to take on Zepto, Blinkit with quick commerce foray",2024-03-07T08:40:22.000Z,1,,https://entrackr.com/2024/03/exclusive-flipkart-to-take-on-zepto-blinkit-with-quick-commerce-foray/
reddit_post_19b8xc7,reddit,IN,PawsomePat,,The Unseen Data Collection Onslaught in India: A Pihole Revelation," I've been experimenting with Pihole at home, and the results I've gathered over the past 13 hours are, to put it mildly, alarming. Out of approximately 87,000 DNS queries, a staggering 64,000 were blocked by Pihole—that's about 74%! Now, here's the kicker: nearly 40,000 of these blocked attempts were trying to reach Clevertap's domains, with another 10,000 gunning for Wizrocket's domains (which, for those unaware, are essentially the same entity since Wizrocket rebranded to Clevertap).

For those not in the loop, Clevertap is a tracking and marketing juggernaut commonly used by apps in India. They're in the business of journey orchestration. In layman's terms, they take your data from multiple sources, track your digital footprint, and coax you into purchasing from their clientele, which includes names like Zomato and Blinkit. What I need to figure out next is which other apps are in league with these services.

While I get that these companies need to make their dough, the privacy laws in India are still playing catch-up, leaving consumers exposed in this data collection Wild West. The volume of requests Clevertap generates is staggering, and the impact this has on data consumption and device battery life is nothing short of egregious.

To combat this, I've set up Pihole to block these intruders network-wide. Furthermore, for when I'm out and about, I've configured Wireguard and Pivpn. This setup allows me to connect to my home Pihole via VPN and use it as an exit node, shielding me from these data vultures no matter where I roam.

I'm genuinely taken aback by the sheer excessiveness of these queries. It's high time we sparked a discussion on this topic and sent a clear message to these corporations: We demand a stop to the relentless data collection and its misuse.

Here are some screenshots from my Pihole dashboard highlighting the gravity of the situation:

&amp;#x200B;

https://preview.redd.it/hsp8o1n2okdc1.png?width=1019&amp;format=png&amp;auto=webp&amp;s=262bb34e3c30e77e55a8461ddb8262bf3e8347f6

&amp;#x200B;

https://preview.redd.it/54b01or3okdc1.png?width=481&amp;format=png&amp;auto=webp&amp;s=ba3bdfe4f8da69a3c4d43bea4868566c2b5144f6

&amp;#x200B;

What are your thoughts on this, folks? Have you had similar experiences? Let's talk about what steps we can take to safeguard our digital privacy.",2024-01-20T10:29:47.000Z,1,,https://www.reddit.com/r/india/comments/19b8xc7/the_unseen_data_collection_onslaught_in_india_a/
reddit_post_181w5q8,reddit,IN,MufuGeeks,,"Recently arrived in Chennai, India and have used a number of applications like Zomato, BigBasket, BlinkIt. Here is a video with a review of some that I have used.","Recently arrived in Chennai, India and have used a number of applications like Zomato, BigBasket, BlinkIt. Here is a video with a review of some that I have used.",2023-11-23T07:56:40.000Z,1,,https://www.youtube.com/watch?v=xVfWH2j0kPE
reddit_post_16thrna,reddit,IN,Educational_Tap_2845,,https://blinkit.com/cln/deals/clid/6509728156c9f50022df74ab?af_xp=custom&amp;af_dp=grofers%3A%2F%2F&amp;deep_link_sub1=grofers%3A%2F%2Fcollection-products%3Fcollection_id%3D6509728156c9f50022df74ab&amp;source_caller=ui&amp;pid=Frooti&amp;is_retargeting=true&amp;af_click_lookback=7d&amp;gclid=CjwKCAjwgsqoBhBNEiwAwe5w0w0vDZ7k9ev,https://blinkit.com/cln/deals/clid/6509728156c9f50022df74ab?af_xp=custom&amp;af_dp=grofers%3A%2F%2F&amp;deep_link_sub1=grofers%3A%2F%2Fcollection-products%3Fcollection_id%3D6509728156c9f50022df74ab&amp;source_caller=ui&amp;pid=Frooti&amp;is_retargeting=true&amp;af_click_lookback=7d&amp;gclid=CjwKCAjwgsqoBhBNEiwAwe5w0w0vDZ7k9ev,2023-09-27T11:15:32.000Z,1,,https://blinkit.com/cln/deals/clid/6509728156c9f50022df74ab?af_xp=custom&amp;af_dp=grofers%3A%2F%2F&amp;deep_link_sub1=grofers%3A%2F%2Fcollection-products%3Fcollection_id%3D6509728156c9f50022df74ab&amp;source_caller=ui&amp;pid=Frooti&amp;is_retargeting=true&amp;af_click_lookback=7d&amp;gclid=CjwKCAjwgsqoBhBNEiwAwe5w0w0vDZ7k9evSitjKv5IwDSCajjqKFJHzNIdLPb22N1LGWyAzohd9WBoCv0wQAvD_BwE&amp;shortlink=Frooti&amp;deep_link_value=grofers%3A%2F%2Fcollection-products%3Fcollection_id%3D6509728156c9f50022df74ab&amp;af_reengagement_window=30d&amp;c=Frooti&amp;referrer=af_tranid%3D5JlKAHhAxQp8H8T5QmrUZA%26af_android_url%3Dhttps%3A%2F%2Fblinkit.com%2Fcln%2Fdeals%2Fclid%2F6509728156c9f50022df74ab%26af_dp%3Dgrofers%253A%252F%252F%26deep_link_sub1%3Dgrofers%253A%252F%252Fcollection-products%253Fcollection_id%253D6509728156c9f50022df74ab%26c%3DFrooti%26pid%3DFrooti%26deep_link_value%3Dgrofers%253A%252F%252Fcollection-products%253Fcollection_id%253D6509728156c9f50022df74ab%26af_ios_url%3Dhttps%3A%2F%2Fblinkit.com%2Fcln%2Fdeals%2Fclid%2F6509728156c9f50022df74ab
reddit_post_12rr2gv,reddit,IN,excitedadultdog,,Pay structure for Blinkit(Zomato) delivery workers,Pay structure for Blinkit(Zomato) delivery workers,2023-04-19T12:08:45.000Z,1,,https://i.redd.it/8e56mv6f0uua1.jpg
reddit_post_11t9p4v,reddit,IN,Narrow-Spend-4813,,blinkit | Error Page,blinkit | Error Page,2023-03-16T23:16:55.000Z,1,,https://blinkit.com/cln/deals/clid/640980133af8d30022fb01ac
reddit_post_ybnl96,reddit,IN,somelittleindiankid,,"Has anyone here worked at BlinkIt, Zepto or any other quick delivery apps?",How has your experience been? And what do you think can be improved by the company or customers to provide a better experience to you?,2022-10-23T17:27:46.000Z,1,,https://www.reddit.com/r/india/comments/ybnl96/has_anyone_here_worked_at_blinkit_zepto_or_any/
reddit_post_1fbgmnq,reddit,IN,Praveshkmr,,Hello blinkit ,"Hello @letsblinkit wtf is this i have ordered jockey male underwears and you have send me this 

Now how to return this i have reported this to your help center still no return or refund had not done yet",2024-09-07T20:39:25.000Z,1,,https://www.reddit.com/gallery/1fbgmnq
reddit_post_s68mo7,reddit,IN,[deleted],,BURN 😂 Grofers/Blinkit vs Zepto,BURN 😂 Grofers/Blinkit vs Zepto,2022-01-17T16:54:41.000Z,1,,https://i.redd.it/oniaskyb3ac81.jpg
reddit_post_16nkih7,reddit,IN,Forinfothatisunimp,,How to contact Blinkit?,I ordered things from the app but mistakenly I ordered the wrong size and now I can’t return it due to their bad support system which just let us talk to bots. I can’t seem to find the customer care number anywhere. If you know how to contact em let me know.,2023-09-20T12:50:38.000Z,1,,https://www.reddit.com/r/india/comments/16nkih7/how_to_contact_blinkit/
reddit_post_149e6t8,reddit,IN,HYPER_CATZILLA,,Am I tripping or is my suspicion bonafide? (M19),"So I'm a long time user of Blinkit and I've never faced any problems with them but recently (about 1.5 months ago) I moved to a new location.

There's a delivery driver that is trying to get a bit close to me. He always strikes up a conversation. Today he asked whether I was a student and whether I was living in a rented house and other stuff like that.

He doesn't talk like a malicious person but he kinda looks like one.

Today he told me that as soon as he saw my name pop up he accepted the order.

Is he doing this to get better reviews or is something malicious going on?

I'm a guy who gets anxious pretty quickly so it could just be that but I'm still not sure.

Is there a way to block delivery drivers so that they don't see my order pop up? 

If I seem delusional then feel free to correct me. 

Thanks.",2023-06-14T17:46:19.000Z,1,,https://www.reddit.com/r/india/comments/149e6t8/am_i_tripping_or_is_my_suspicion_bonafide_m19/
reddit_post_1dqj4xo,reddit,IN,reallytallguy_,,Blinkit casually asking me to drop 5 lakhs on an order,Blinkit casually asking me to drop 5 lakhs on an order,2024-06-28T13:03:11.000Z,1,,https://i.redd.it/upguu2tk9b9d1.png
reddit_post_1dlcyzn,reddit,IN,98farhan94,,“Itna order mat karo” — AITA?,"So day before yesterday, I had this enlightenment late into the night that I need to add more veggies and fruits to my diet.

I checked the fruits and vegetables collections of 3 delivery apps and settled on Zepto because they had a wider range.

I also added a pack of 5KG cat litter because I was close to running out.

When the delivery guy showed up he rudely told me “ITNA ORDER MAT KARO”. I asked him “KYUN!?”.

Then he said the guards didn’t let him bring his scooty all the way to building’s wing, and he had to park it at the gate (the norm).

I informed him I cannot do anything about society rules, and that if he had so much trouble carrying that now he has to shout at my face to not order, perhaps he should have taken it up with Zepto itself while collecting the order and maybe had additional guy come with him to help or just let them know he can’t carry so much alone.

A lot of times you see multiple delivery guys show up for a small order for no reason, they could have arranged it.

It was two square bags that they carry, and cat litter separately.

Anyway, so then he takes out the bags he was carrying and instead of taking out the items just shoves it to me and says in a raised voice “NIKALO YE SAB”.

I was like the what the hell but emptied it out because I wasn’t looking to create a scene and disturb neighbors as it was post 1AM, and then while returning the bag I politely asked him to call his superior and that I wanted to speak to him.

He picked up his phone, and cluelessly scrolled with a look of worry on his face and then told me he doesn’t have the number. I asked him how is this possible, they all have managers. He said he doesn’t have a manager and that “online complaint daal do” and rushed off.

So I did that and the customer support exec said he wasn’t picking up calls. So I decided to look at my invoice and drive to address printed on the bill, it didn’t turn out to be the store. 

Then I googled and found a store and drove to it, but it turned out to be a BlinkIt store. The Blinkit guys gave me the direction to the zepto store.

I went there but decided I had to ensure this was the store that delivered my order so I asked customer support because I really was looking to speak to this guy and his manager. They refused to share and told me they’ll get back to me next day. I decided it to call it a night.

The next day I called them again, and they assured me he was given a “warning”.

So basically, AITA for ordering the number of items I did, at once (pics for legitimacy and reference)? Was his rudeness justified?",2024-06-21T19:52:42.000Z,1,,https://www.reddit.com/gallery/1dlcyzn
reddit_post_1da5zrv,reddit,IN,lordatlas,,"Blinkit warehouse raid in Hyderabad: Expired food, infested flour and daal found","Blinkit warehouse raid in Hyderabad: Expired food, infested flour and daal found",2024-06-07T08:49:28.000Z,1,,https://www.hindustantimes.com/business/blinkit-warehouse-raid-in-hyderabad-expired-food-infested-flour-and-daal-found-101717729187312.html
reddit_post_1bx2x6z,reddit,IN,Karna1394,,"Blinkit will deliver Sony PlayStation 5 in just 10 minutes. But why, asks Internet","Blinkit will deliver Sony PlayStation 5 in just 10 minutes. But why, asks Internet",2024-04-06T04:40:35.000Z,1,,https://www.indiatoday.in/trending-news/story/blinkit-will-deliver-sony-playstation5-in-just-10-minutes-but-why-asks-internet-2523986-2024-04-06
reddit_post_16701er,reddit,IN,oyasumipizza,,Does blinkit give free delivery to some Zomato gold users?,Blinkit is showing free delivery above 300rs for my flatmate while for me it's still charging 30/11rs. Both of us have logged in with diff gold accounts.,2023-09-01T07:10:10.000Z,1,,https://www.reddit.com/r/india/comments/16701er/does_blinkit_give_free_delivery_to_some_zomato/
reddit_post_uhd0br,reddit,IN,ritzupsi,,"i FUCKING hate the Blinkit ads. I don't think I will ever install their app or order from them because of their super annoying, repetitive, angsty ads. I mean what were they thinking?","that's it, that's the post.",2022-05-03T10:24:44.000Z,1,,https://www.reddit.com/r/india/comments/uhd0br/i_fucking_hate_the_blinkit_ads_i_dont_think_i/
reddit_post_unz0e0,reddit,IN,r_kumar89,,Who pays for the refund of missing items in BlinkIt? Company or delivery guy?,"Today I ordered few items on BlinkIt. Some items were missing. I should have checked before the delivery guy left. Part of it was my mistake too. Then I contacted customer support team and after long back and forth war of words finally I convinced him to refund the amount.

But now I am having a doubt whether they pay from the company or they will fine the delivery guy. The delivery guy was nice. I am sure Packing guys might have done some mistake. I don't want the delivery guy to be fined.

How does the refund works in these situations of missing items inside the bag? Who pays for the refund?",2022-05-12T11:36:17.000Z,0,,https://www.reddit.com/r/india/comments/unz0e0/who_pays_for_the_refund_of_missing_items_in/
reddit_post_11r7cuo,reddit,IN,chitownboyhere,,Which credit cards do you use? Which one do you recommend?,"I have the following credit cards and I don't think I am getting the best out of them

\- HDFC Diners Black (lifetime free through my college affiliation, for domestic and international airport lounges, dineout, and some other high discounts items like iPhones)

\- ICICI Amazon card ( 5% on Amazon spend)

\- CITI Bank rewards card (Pretty Useless)

\- SBI Ola card ( I used to get 7% back on Ola but I got a car so pretty useless now)

\- ICICI Rubyx card (Pretty useless since they moved away from payback rewards program)

&amp;#x200B;

I need a card for non-Amazon online purchases and offline purchases. Here is what I spend approximately each month

\- 20k on Travel (averaged over a year) 

\- 15K on Amazon

\- 10k on Petrol 

\- 15k on Groceries (Blinkit, BigBasket)

\- 10K to 20K on Other offline purchases

\- 5k on Swiggy/Zomato

&amp;#x200B;

Could you share what combination of cards you use and which one you recommend to me?",2023-03-14T14:19:03.000Z,0,,https://www.reddit.com/r/india/comments/11r7cuo/which_credit_cards_do_you_use_which_one_do_you/
reddit_post_wg63r0,reddit,IN,HaJaBaRaLo,,Why Amazon india delivery guys don't wear uniform?,"From zomato, swiggy, blinkit, most of these company make their delivery guys distinct.

Why doesn't Amazon india do the same and provide uniforms to their delivery personnel?",2022-08-04T16:49:15.000Z,0,,https://www.reddit.com/r/india/comments/wg63r0/why_amazon_india_delivery_guys_dont_wear_uniform/
reddit_comment_lcc5uuj,reddit,IN,timukh,,,"Don't come to a conclusion before doing a pregnancy test. At times contraceptives can cause a delayed period and also can mess up other things in the body. So, the best way is to first do a home pregnancy test with a kit (you can find it on swiggy, blinkit etc) and go to a doctor only if its positive.",2024-07-09T11:50:31.000Z,168,,https://reddit.com/r/india/comments/1dz01gr/girlfriend_pregnant_how_to_go_about_terminating/lcc5uuj/
reddit_comment_j82v7j1,reddit,IN,Bawlibooch69,,,"Blinkit is a delivery app. As the brand of bread is not mentioned it looks like a vendetta against blinkit. 
Cheap move by rivals I would say. 
Blinkit should file a lawsuit.",2023-02-11T05:34:12.000Z,93,,https://reddit.com/r/india/comments/10zd5cv/man_finds_rat_inside_packet_of_bread_delivered_by/j82v7j1/
reddit_comment_jpi2vu6,reddit,IN,notabatman11,,,"Bruh once i ordered, from blinkit i received a fucking empty box(That too the biggest box😂), after that i never ordered it from blinkit,Since then always used Instamart 
This is not even a joke,When i received,I literally felt that the box was so light i knew that the box was empty,Never received a refund as well fuck Blinkit",2023-06-25T19:38:46.000Z,27,,https://reddit.com/r/india/comments/14irap9/if_you_want_discrete_delivery_do_not_order_sexual/jpi2vu6/
reddit_comment_lcc5v1m,reddit,IN,7rulycool,,,">There is no way we can have a baby given our age and circumstances

Contraceptives aren't fail proof. Best is to meet a Gyno asap. Before everything, First, confirm, however possible. Kits are available even on Blinkit and Zepto. There's a reason why you should hold your urges, anyway",2024-07-09T11:50:33.000Z,23,,https://reddit.com/r/india/comments/1dz01gr/girlfriend_pregnant_how_to_go_about_terminating/lcc5v1m/
reddit_comment_jgdcwvt,reddit,IN,DaftSaraf,,,"I've become increasingly dependent on instamart and blinkit for grocery or just midnight snacking. not one good thing has come from this habit compared to shopping at a local kirana store. decreased physical movement paired with increased variety of junk foods, oblivious spending due to frictionless online payments, and now this realization (thanks OP). I'm going back to my caveman ways.",2023-04-15T15:59:12.000Z,22,,https://reddit.com/r/india/comments/12mw4f3/blinkit_delivery_partners_are_on_strike_for_3_days/jgdcwvt/
reddit_comment_jkhshhw,reddit,IN,zilchhope,,,"Yes. Blinkit, Swiggy, Dunzo and Zepto all deliver cigs. Only Big Basket doesn't deliver.",2023-05-17T12:54:42.000Z,11,,https://reddit.com/r/india/comments/13jv9d4/how_to_purchase_condom_first_time/jkhshhw/
reddit_comment_jscahhu,reddit,IN,steve_bluffman,,,flipkart is the biggest POS site I have used. IDK why people still use it. Add to that blinkit and myntra,2023-07-17T17:02:18.000Z,10,,https://reddit.com/r/india/comments/1520ton/am_being_harassed_by_flipkart_customer_support/jscahhu/
reddit_comment_jkh73xb,reddit,IN,anonybong,,,"Go to any known location in your locality that is available on map, feed that location in your blinkit/instamart/zepto/dunzo app as your delivery location. Order what you want, live track the delivery and be at the location when the delivery guy reaches, take your order and say goodbye. Now go back to your home. Simple. Also make a new account since you can't delete order history on these apps.",2023-05-17T08:57:52.000Z,8,,https://reddit.com/r/india/comments/13jv9d4/how_to_purchase_condom_first_time/jkh73xb/
reddit_comment_j85b8te,reddit,IN,the_storm_rider,,,"Man Swiggy is getting desperate if they have to put up billboard ads. But I as a person who gets delivery in 5 minutes from Blinkit vs. 45 from Swiggy for the same items, will not switch no matter how many times someone puts a rat inside a bread packet and claims Blinkit did it.",2023-02-11T19:10:19.000Z,8,,https://reddit.com/r/india/comments/10zd5cv/man_finds_rat_inside_packet_of_bread_delivered_by/j85b8te/
reddit_comment_loatqqs,reddit,IN,HarisHammadKhan,,,"Here, I can't find a single decent knife to prep my chicken and fish portions and here's someone chopping up a whole human. What knife or chopper do they use! Do they like just get it off of Blinkit!",2024-09-22T01:44:15.000Z,5,,https://reddit.com/r/india/comments/1fm2qa9/womans_body_cut_into_pieces_and_stored_in_a/loatqqs/
reddit_comment_jo8pd7f,reddit,IN,-__-ll,,,"Not wanna sound harsh /idiotic but why we still have to make them use bicycle. We have tempos etc. Dunzo, blinkit have their way of transporting stuffs. Why can't gov decide on that.

I'm assuming the dabba walas earn less than dunzo /binkit delivery guys and have to run in hot sun too. I understand this is an very important part of mumbai and we care but why not to help them to shift to a better position.",2023-06-15T16:13:27.000Z,5,,https://reddit.com/r/india/comments/14a60pe/mumbai_dabbawala_needs_your_support/jo8pd7f/
reddit_comment_jkh6wpu,reddit,IN,tandoorimomoss,,,Just go to the medical shop and ask for Durex invisible/air. If your friend is shy for the store then order it from instamart/blinkit etc,2023-05-17T08:54:51.000Z,4,,https://reddit.com/r/india/comments/13jv9d4/how_to_purchase_condom_first_time/jkh6wpu/
reddit_comment_jgz8mcl,reddit,IN,kaisadusht,,,Isn't 100% of the delivery fee(which is higher than the Blinkit per order fee) and other incentives are given to the food delivery driver?,2023-04-20T04:57:39.000Z,4,,https://reddit.com/r/india/comments/12s35u0/pay_structure_for_blinkitzomato_delivery_workers/jgz8mcl/
reddit_comment_lnvod2z,reddit,IN,Probustzzz,,,"women lacking ""awareness""
boss ""harassing"" me
family ""abusing"" me

What's up with all these vague statements?
Boss harassing you physically or verbally or buy givingg your more work than your peers?
Family abusing you in what way?
Will a pepper spray really save you from your boss making you work overtime?

If you want to say something say exactly what you want to say, don't use vague buzzwords.

By the way, most women in India are aware that pepper sprays are available in the market. They know they can just order a pepper spray from amazon, flipkart or blinkit if they want to. They just don't feel threatened enough to go out there and get it. A lot of them say that they are scared of the streets but their actions say the opposite. Imagine I say that I'm scared of water and then I jump into a swimming pool with no floating tube like its nothing. If I did that would you still believe that I'm scared of water.

There's nothing wrong with asking people for advice to a problem even though you already have a solition in mind. People do it all the time even in real life and outide India. Have you really never asked someone for advice on anything despite having a solution in mind? I doubt it.
And reddit is a way better source to find a variety of ideas from diferent perspectives than helplines which are run by bureacracies.
If talking to a helpline or filing a complaint resolves all problems in the best and most efficient way, then why are you asking this question in reddit? Why not ask this question in reddit? Why not ask it in some government-owned helpline?

Don't pretend like you find it wierd when you're literally doing the same.",2024-09-19T11:17:09.000Z,3,,https://reddit.com/r/india/comments/1fk900o/a_concerned_foreigner_here_why_do_women_not_know/lnvod2z/
reddit_comment_mnzgvgo,reddit,IN,HaoBePakaMat,,,"Zepto won't survive long. They can do this shit to earn a quick buck but once the customers lose trust, which they will, there's no way they get back to this shit app.

Instamart and Blinkit with issues of their own are at least not this shady.",2025-04-19T20:39:23.000Z,3,,https://reddit.com/r/india/comments/1k2wpth/dark_patterns_on_zepto_have_gone_next_level/mnzgvgo/
reddit_comment_loct65y,reddit,IN,afGAYnistan,,,"I once parked near a blinkit store, and the hoard of delivery boys were near me. To my surprise, 2-3 delivery people, made a comment about, how they are looking for new job, and said, ""I am exclusively looking for a big COD order, and then Poof, f\*ck the company"". Crazy comment!",2024-09-22T12:59:39.000Z,3,,https://reddit.com/r/india/comments/1fmq3ex/removed_by_reddit/loct65y/
reddit_comment_ld19l8g,reddit,IN,Pitt_stop01,,,"Don't know of a way to send money anonymously but you could send him daily necessities via Amazon, Blinkit or what ever delivery service operates where OP lives?

OP could you create a public wishlist on Amazon and post the link? 
folks here (myself included) should be able to take care of immediate daily needs...",2024-07-13T19:50:07.000Z,3,,https://reddit.com/r/india/comments/1e2c6dd/paralysed_and_completely_out_of_options/ld19l8g/
reddit_comment_mpsolge,reddit,IN,Only-Life-3649,,,"Quick commerce apps like Blinkit, Swiggy, and Zepto record GPS coordinates and call logs as security measures to ensure that deliveries are made to the correct location. Verifying this could provide the necessary proof. When I tried to contact the delivery agent immediately after, he didn’t pick up, which only added to the frustration. It’s not just about the OTP—there are other steps these platforms could take to prevent such issues from occurring in the first place.

Like I said before, I accept my mistake, but it's not fair that scamming is considered okay while getting scammed due to busy work, ignorance,  or simple oversight is seen as wrong.",2025-04-30T06:02:44.000Z,2,,https://reddit.com/r/india/comments/1k9tgsj/zepto_delivery_agent_misused_otp_product_not/mpsolge/
reddit_comment_m2zz6d0,reddit,IN,chromaniac,,,"It's sort of possible in certain areas where Zomato already presence through Blinkit. They have presence in a large number of areas here in Gurgaon and you can actually get grocery delivery within 10 minutes. The nearest outlet to me is like 0.3KM away which is nuts. And they are probably using the same outlet for their Bistro branded food delivery service. 

I did not install the app but the screenshot on app page show items like tea, coffee, eggs, croissants, momos, poha. i imagine zepto cafe has a similar menu. these are items that do not need to be created from scratch if you have a constant stream of orders coming in. it's not going to be perfect or maybe even safe on every delivery. but everyone is nuts about instant gratification. i see so many people posting good experience about zepto cafe's coffee. god bless the indian customer.",2024-12-20T16:10:48.000Z,2,,https://reddit.com/r/india/comments/1hibgq7/disruptive_10minute_deliveries_spread_to_indias/m2zz6d0/
reddit_comment_m0helnj,reddit,IN,ChelshireGoose,,,"You mean you want to set up your own stores with the infrastructure and investment all around the country? Don't know how profitable that would be at present. At least in Tier 1, small standalone photocopy shops are already a thing of the past. The only ones still standing are those whose main business is something else (travel agent, shops helping technologically challenged people with aadhaar/passport applications etc).

Blinkit's business model, where customers only interact with the app, but then they source the job through existing businesses with the infrastructure in place seems like a better alternative. But even for them, I don't know how profitable it is since their competitors haven't jumped on it for some reason.",2024-12-05T03:24:03.000Z,2,,https://reddit.com/r/india/comments/1gh0p05/ask_india_thread/m0helnj/
reddit_comment_ls0um86,reddit,IN,Mayank_j,,,"Be like me, I force stop all these stupid ad riddled apps like Zomato, Blinkit, Zepto Swiggy. The only time I turn them on is when I actually need to use them.          
Apps like Greenify and Hibernator work like a charm on these pestering platforms.

Also when the app isn't running u also save some battery and cpu/ram aren't being used.",2024-10-15T11:35:54.000Z,2,,https://reddit.com/r/india/comments/1g44uhl/bengaluru_woman_gets_miss_you_says_ipill/ls0um86/
reddit_comment_jw1njhy,reddit,IN,ashisha312,,,Bharat currently provides a life of convenience which is of a higher standard than the western world on account of its digital infrastructure - I laugh at people in America doing weekend Walmart runs when I easily order groceries on Blinkit and get them delivered in 8 mins - just one of the examples,2023-08-13T20:01:26.000Z,2,,https://reddit.com/r/india/comments/15pns2l/why_are_we_so_obsessed_with_validation_from/jw1njhy/
reddit_comment_jp7dyjo,reddit,IN,cheese_munsta,,,"Skyn is 130 Rs. for pack of three. 

It is available on blinkit, tata 1mg stores .",2023-06-23T10:08:08.000Z,2,,https://reddit.com/r/india/comments/14ftuec/which_condom_brand_do_you_prefer/jp7dyjo/
reddit_comment_jnr8e7s,reddit,IN,TheFoodieBoy,,,Order on blinkit or dunzo,2023-06-11T07:59:27.000Z,2,,https://reddit.com/r/india/comments/146nglf/first_time_having_sex_with_my_so_how_do_i_do_it/jnr8e7s/
reddit_comment_jkhcgfz,reddit,IN,Anonybeech,,,blinkit swiggy zepto,2023-05-17T10:14:37.000Z,2,,https://reddit.com/r/india/comments/13jv9d4/how_to_purchase_condom_first_time/jkhcgfz/
reddit_comment_jgznzij,reddit,IN,TRITUSLegend,,,"Man this is so fcked up, plus its also a massive inconvenience for people like us who are very dependent on blinkit for day to day things here and there, but I wish these workers the best of luck in their protests",2023-04-20T08:21:38.000Z,2,,https://reddit.com/r/india/comments/12s35u0/pay_structure_for_blinkitzomato_delivery_workers/jgznzij/
reddit_comment_j91nyqr,reddit,IN,iiitstudent,,,Because vo product blinkit and big basket khud hi store karke sell kar rahi h,2023-02-18T15:38:58.000Z,2,,https://reddit.com/r/india/comments/115gysk/why_is_fevikwik_not_available_with_prime_or_free/j91nyqr/
reddit_comment_kyau9md,reddit,IN,[deleted],,,"Not PS5. But controllers will sellout pretty fast imo. 
Last week my nephew came home and wanted to play fifa co-op. 
But I had only one controller then, would have loved if someone delivered me another controller. 

Went to Vijay sales - they had ps5 but not the controller. So nephew sad. 

Would have beat him 10-0. If Blinkit deliever was available then.",2024-04-06T09:29:56.000Z,2,,https://reddit.com/r/india/comments/1bx2x6z/blinkit_will_deliver_sony_playstation_5_in_just/kyau9md/
reddit_comment_mr2rdto,reddit,IN,BlueShip123,,,"Man, you are just speaking of your own opinions and the lifestyles of people residing in tier 1/2 cities. This doesn't define a nation of 1.4B.

&gt;Never said they did. But they were revolutionary in India.

They were revolutionary around the world, not just India.

&gt;Do you carry a compass or use a compass app ? The compass app in smartphones eliminated the need for carrying a physical compass. 

Yes, I do carry a compass every time I go on a trek. Smartphone compasses do get interfere with the EMF of smartphones and metallic elements.

&gt;That's not my problem. The tech is there. It's revolutionary.

That's straight-up being an ignorant. Can I say the private jet is there, and it's not my problem that you can't afford it as they save hassle of boarding, security checks ?

An average Indian earns less than 30k a month. That can't afford the lavish lifestyle of being digital.

A piece of advice, get out of tier 1 city and travel to villages or town city of nation. You will see the real India there.

Swiggy, Zomato, Blinkit, BookMyShow isn't the lifestyle one must live. Sure, they are handy in case of emergency, but being completely dependent on these services brings more harm. First of all they are expensive. I often found them overcharging the users. It's better to purchase daily essentials from local stores. If you have stores nearby within &gt;1km radius better walk it there. It will be good for health too. BTW, IC was invented in 1949. Having it in consumer electronics doesn't make it revolutionary. It's our own government that brought this technology lately in the country.",2025-05-07T15:02:13.000Z,1,,https://reddit.com/r/india/comments/1kg0xlq/digital_revolution_in_india/mr2rdto/
reddit_comment_mqvdjwg,reddit,IN,CleanCulture8159,,,"bhai why is every platform having ai bot take over their customer service and ruining it for fucks sake! be it zepto, zomato (damn do bhai dono tabahi), blinkit big basket everything has ai bots now",2025-05-06T12:08:17.000Z,1,,https://reddit.com/r/india/comments/1kg1boi/swiggy_sent_me_the_wrong_order_and_thinks_its/mqvdjwg/
reddit_comment_mpp8qj0,reddit,IN,CleanCulture8159,,,thought zepto would eventually win over blinkit only to realise its even worse,2025-04-29T18:12:24.000Z,1,,https://reddit.com/r/india/comments/1kar6yt/unfair_opaque_pricing_on_zepto_a_serious_concern/mpp8qj0/
reddit_comment_mp0ydbk,reddit,IN,teabag2024,,,"Same feelings. I used to think moving abroad is not a good idea considering purchasing power, ease of having domestic help, swiggy , blinkit etc. but it has become a shit show here.",2025-04-25T19:48:00.000Z,1,,https://reddit.com/r/india/comments/1k7e6nb/is_india_ever_going_to_change_or_should_i_just/mp0ydbk/
reddit_comment_momili2,reddit,IN,CleanCulture8159,,,"products gonna be pretty shit if you see... unless they are burning loads and loads of cash. either way a pretty bad way to market, its irritating... kinda the same thing which zepto and blinkit does and its annoying af",2025-04-23T15:40:48.000Z,1,,https://reddit.com/r/india/comments/1k624uk/what_kind_of_desperate_marketing_is_this/momili2/
reddit_comment_mnyv9qb,reddit,IN,Any-Bumblebee7582,,,Thats the reason why I avoid Zepto Blinkit Instamart. Wtf is Handling charge? Just for putting the stuff from the rack into the paper bag? And that Zepto CEO was talking about dethroning Dmart from the market. Delusional,2025-04-19T18:39:35.000Z,1,,https://reddit.com/r/india/comments/1k2wpth/dark_patterns_on_zepto_have_gone_next_level/mnyv9qb/
reddit_comment_mlvepef,reddit,IN,ElectronicHoneydew86,,,"bhai what i meant is ola has a competitor i.e uber, similarly swiggy has zomato as competitor, and bbdaily has blinkit, but bookmyshow doesn't have any competitor.

people here really have attention span of a fish or comprehension level of a 3rd standard kid. a slight misunderstanding and downvote button is all you know.",2025-04-07T14:55:01.000Z,1,,https://reddit.com/r/india/comments/1jsosci/bookmyshow_bows_to_shiv_sena_silences_kunal_kamra/mlvepef/
reddit_comment_mlo5vmn,reddit,IN,ElectronicHoneydew86,,,"i mean there is ola and uber, swiggy and zomato, bbdaily and blinkit.",2025-04-06T08:26:52.000Z,1,,https://reddit.com/r/india/comments/1jsosci/bookmyshow_bows_to_shiv_sena_silences_kunal_kamra/mlo5vmn/
reddit_comment_mlhym95,reddit,IN,confused_cat44,,,"Arre pehle china jesi badi Internet companies bana lo for ye hifi cheezo me Jana. Hai hamare pass Tencent, QQ, TikTok, Baidu jesi cheeze? Nahi na, toh pehle jis sector mai hume growth dikh raha hai, jese ye saare software startups usme invest Karo. Ai Ai karte karte baaki sab neglect nahi kar sakte. 

I know companies are there to profit from us, but even startups like zepto, zomato, blinkit are a big achievement in a country like ours. 

And also get educated, there are many hardware based startups, evs and and aerospace. But do you support them? No, everyone is too busy watching cricket and making teams on gambling apps",2025-04-05T05:35:28.000Z,1,,https://reddit.com/r/india/comments/1jrvgvm/a_message_delivered_at_the_startup_mahakumbh/mlhym95/
reddit_comment_mkjmz70,reddit,IN,RebellionStars76,,,sorry bro you deserve this. ZEPTO BLINKIT IS TRASH. use big basket and city mall these are best quality + cheap,2025-03-30T17:04:18.000Z,1,,https://reddit.com/r/india/comments/1jnfomj/zepto_delivered_a_rotten_watermelon_twice_in_one/mkjmz70/
reddit_comment_mkjr76w,reddit,IN,RebellionStars76,,,"why don't u try city mall genuinely it's so good and prices are like
500 on zepto
490 on blinkit
460 on big basket
430 on city mall
also i dont know much abt the customer service bcz i never had the use but their delivery agent are good",2025-03-30T17:25:38.000Z,1,,https://reddit.com/r/india/comments/1jnfomj/zepto_delivered_a_rotten_watermelon_twice_in_one/mkjr76w/
reddit_comment_mkmw3e3,reddit,IN,AADIJAI,,,Agreed but nonetheless blinkit must face some punishment-what they’re doing is fraud.,2025-03-31T04:26:45.000Z,1,,https://reddit.com/r/india/comments/1jnfoag/blinkit_saga_continues/mkmw3e3/
reddit_comment_mkhj08s,reddit,IN,Ok_Blackberry5710,,,I have deleted blinkit/instamart/zepto. It's better to walk 500 steps and go to a physical grocery store.,2025-03-30T07:47:04.000Z,1,,https://reddit.com/r/india/comments/1jn78cv/disgusted_by_the_sneaky_way_zepto_adds_charges/mkhj08s/
reddit_comment_mkhmuv4,reddit,IN,Mufasa0611,,,"This is the reason I uninstalled zepto. These morons are fraud and unethical to the core. 


And the product quality is third class not worth it.


Shifted to bb &amp; blinkit.",2025-03-30T08:29:57.000Z,1,,https://reddit.com/r/india/comments/1jn78cv/disgusted_by_the_sneaky_way_zepto_adds_charges/mkhmuv4/
reddit_comment_mkhqk2r,reddit,IN,Opening_Tap5169,,,"Sabhi app ka yahi haal hai. Beemar tha blinkit se fal mangaya aur thoda gajar. Packet khola toh gajar gayab. Complaint dala toh 5 min ki ""communication"" ke baad apologies it won't happen next time. Maine bola atleast paisa dedo. Kuch response nhi. Maine account delete krdke app delete maar di.",2025-03-30T09:10:53.000Z,1,,https://reddit.com/r/india/comments/1jn78cv/disgusted_by_the_sneaky_way_zepto_adds_charges/mkhqk2r/
reddit_comment_mk6nrng,reddit,IN,OkMaize9773,,,I think they are talking about a restaurant like in swiggy/zomato. Not the grocery model like blinkit. This will ensure that the alcohol is still sold by specific shops with licenses.,2025-03-28T13:55:21.000Z,1,,https://reddit.com/r/india/comments/gef7eh/why_not_make_liquor_available_online_delivery/mk6nrng/
reddit_comment_mhr8ypu,reddit,IN,AnyKaleidoscope4552,,,Blinkit  must check quality and weight of fresh fruits and vegetables  please my request ,2025-03-14T14:51:46.000Z,1,,https://reddit.com/r/india/comments/1j76265/pls_check_your_blinkit_deliveries/mhr8ypu/
reddit_comment_mh2orxq,reddit,IN,Upset-Grape1159,,,No. Blinkit has a printing store now so you can order printouts but sending them your documents or images etc.,2025-03-10T19:25:00.000Z,1,,https://reddit.com/r/india/comments/1j79knb/blinkit_scam/mh2orxq/
reddit_comment_mgtuprs,reddit,IN,jokermobile333,,,"I have stopped ordering from zomato, swiggy, amazon, flipkart. My average daily spending goes to groceries from local shops and roads(no blinkit,zepto). I buy cheap clothes once a year (planning to expand that to 3 years), trying to squeeze every household ammenity as much as i can and trying to discover new ways to reduce use of basic amenities. If i dont get the time to cook at home then will eat at local mess or udupi, sometimes i relapse and i resort to eating food from restaurants(never from zomato, swiggy) but i have reduced this relapse significantly, and my goal is to completely stop it. I walk alot instead of using vehicle or public transportation to save money and petrol(now electricity) which in turn improving my health and reducing future medical costs. I'm getting into this minimalistic lifestyle, i'm not going tilo impress anyone anymore. This way I try to avoid paying gst as much as possible. I will no longer play by these governments scams and looting of middle class.",2025-03-09T09:36:09.000Z,1,,https://reddit.com/r/india/comments/1j6zbg1/gst_rates_will_come_down_further_nirmala/mgtuprs/
reddit_comment_mgul7o4,reddit,IN,Rubber_duckdebugging,,,Instead go to local market grape seller and ask them to weigh your blinkit grapes,2025-03-09T13:33:05.000Z,1,,https://reddit.com/r/india/comments/1j76265/pls_check_your_blinkit_deliveries/mgul7o4/
reddit_comment_mgulfhb,reddit,IN,anurag_0,,,"Not just blinkit, I've faced this with zepto and instamart too. 8 out of 10 times items have less quantity. 

And even with food through zomato. 500g noodles weight 340g with container. In this case zomato doesn't even offer refund.",2025-03-09T13:34:32.000Z,1,,https://reddit.com/r/india/comments/1j76265/pls_check_your_blinkit_deliveries/mgulfhb/
reddit_comment_mgwhk3v,reddit,IN,AtomFromEmptySpace,,,"I do it with blinkit, food delivery apps too. 

Once i ordered blueberry 250 gram, it was 180 only. Complained and got refund. 

Same with food , ordered 1kg biryani but it was 920 gram only. 

Always check weight.",2025-03-09T19:36:48.000Z,1,,https://reddit.com/r/india/comments/1j76265/pls_check_your_blinkit_deliveries/mgwhk3v/
reddit_comment_mgwpob4,reddit,IN,thegodfather0504,,,"Kitna complain kare bhai. Logo ke pas nahin hota time, isliye toh blinkit use karte hain",2025-03-09T20:18:57.000Z,1,,https://reddit.com/r/india/comments/1j76265/pls_check_your_blinkit_deliveries/mgwpob4/
reddit_comment_mg6kqls,reddit,IN,india-ModTeam,,,"Hi Prashant_4200,

Your submission [Created a Mobile App Smart Buy which allows users to compare prices between Swiggy and Blinkit. I am looking for feedback and more suggestions.](https://play.google.com/store/apps/details?id=com.prashantnigam.smartbuy&amp;amp;hl=en) breaks [the rules](http://www.reddit.com/r/india/wiki/rules) and has been removed for the following reason(s):

* You have to participate in the community before you can promote your own content.

Refer:  https://www.reddit.com/r/india/wiki/rules#wiki_disallowed_content

  



---

*^(If you feel this was done in error, or would like further clarification, please don't hesitate to reply to this message.)*",2025-03-05T17:47:07.000Z,1,,https://reddit.com/r/india/comments/1j3y188/created_a_mobile_app_smart_buy_which_allows_users/mg6kqls/
reddit_comment_mexoxnf,reddit,IN,KausalaUndrisyasring,,,Well blinkit and zepto still selling,2025-02-26T19:11:59.000Z,1,,https://reddit.com/r/india/comments/1iyiygo/looks_like_swiggys_not_selling_eggs_and_meat_on/mexoxnf/
reddit_comment_mexgbsy,reddit,IN,throwawaybarbies1,,,Nothing on BB and blinkit since 10 days. It was a sudden change and very weird -Lucknow.,2025-02-26T18:32:19.000Z,1,,https://reddit.com/r/india/comments/1iyiygo/looks_like_swiggys_not_selling_eggs_and_meat_on/mexgbsy/
reddit_comment_mf0q1ob,reddit,IN,frankylampy,,,I had the same issue in Bangalore and ended up ordering from Blinkit. Instamart wasn't showing any meat products.,2025-02-27T04:44:03.000Z,1,,https://reddit.com/r/india/comments/1iyiygo/looks_like_swiggys_not_selling_eggs_and_meat_on/mf0q1ob/
reddit_comment_meu6lst,reddit,IN,india-ModTeam,,,"Hi whyhowwhatwhere,

Your submission [Blinkit’s whatsapp bot is polite af](https://i.redd.it/vy2ynf8pcble1.jpeg) breaks [the rules](http://www.reddit.com/r/india/wiki/rules) and has been removed for the following reason(s):

* We do not allow political memes, low effort memes/shitpost memes and recycled memes from other subreddits or social media platforms. 





---

*^(If you feel this was done in error, or would like further clarification, please don't hesitate to reply to this message.)*",2025-02-26T05:15:21.000Z,1,,https://reddit.com/r/india/comments/1ixzayz/blinkits_whatsapp_bot_is_polite_af/meu6lst/
reddit_comment_meutxkl,reddit,IN,First_Ad_2258,,,"Swiggy isn't, Blinkit is",2025-02-26T08:45:31.000Z,1,,https://reddit.com/r/india/comments/1iyiygo/looks_like_swiggys_not_selling_eggs_and_meat_on/meutxkl/
reddit_comment_meuvo6k,reddit,IN,SquareTarbooj,,,"I honestly thought you were making this up, so I checked Instamart. You are correct. 

But BlinkIt and Zepto are selling. I wonder why this is only done by Swiggy.",2025-02-26T09:03:34.000Z,1,,https://reddit.com/r/india/comments/1iyiygo/looks_like_swiggys_not_selling_eggs_and_meat_on/meuvo6k/
reddit_comment_meuztuh,reddit,IN,snafull,,,Other apps (blinkit/zepto) in Mumbai are delivering though. So it's a Swiggy-only issue.,2025-02-26T09:46:48.000Z,1,,https://reddit.com/r/india/comments/1iyiygo/looks_like_swiggys_not_selling_eggs_and_meat_on/meuztuh/
reddit_comment_mevbvmm,reddit,IN,ConstructionSea2670,,,Its available on Blinkit for Mumbai folks,2025-02-26T11:41:12.000Z,1,,https://reddit.com/r/india/comments/1iyiygo/looks_like_swiggys_not_selling_eggs_and_meat_on/mevbvmm/
reddit_comment_mevkjw4,reddit,IN,EnigmaticOmega,,,"I’m from Thane, Maharashtra. Meat and eggs not available on swiggy. Available on blinkit and zepto",2025-02-26T12:45:59.000Z,1,,https://reddit.com/r/india/comments/1iyiygo/looks_like_swiggys_not_selling_eggs_and_meat_on/mevkjw4/
reddit_comment_meoj5wp,reddit,IN,wtflife_ew,,,Yes u can get it on blinkit or nearby pet shop.. product name is Himalaya Erina EP powder,2025-02-25T10:44:10.000Z,1,,https://reddit.com/r/india/comments/1ixqzcc/regarding_my_street_dog/meoj5wp/
reddit_comment_mea1r8b,reddit,IN,ApunBolaTohBola,,,"Zomato, or Swiggy, or BlinkIt etc. They pay top money to data scientists to come up with shenanigans like this. Your best best would be to figure out 2-3 restaurants around you, call them and fix an arrangement with them. If your goal is to save  money, stop using these apps. Perhaps monthly ration through bigbasket or Blinkit but using any of these apps more than once a week is a sure shot loss for the consumer.",2025-02-23T02:53:51.000Z,1,,https://reddit.com/r/india/comments/1ivzvda/casual_swiggy_scam/mea1r8b/
reddit_comment_me19bdq,reddit,IN,RishavSaha,,,Midnight Ko dekha rahaa hun. Bhook lag gayi. Jaa rahaan Hun blinkit karne.😭,2025-02-21T18:46:51.000Z,1,,https://reddit.com/r/india/comments/1iur3h6/plain_bhujia_vs_aloo_bhujia_lets_end_this_debate/me19bdq/
reddit_comment_me10424,reddit,IN,nanha_munna_pyara,,,Blinkit pe bhi mil jata hai ig btw yoo we meet again ✌️,2025-02-21T18:04:20.000Z,1,,https://reddit.com/r/india/comments/1iur3h6/plain_bhujia_vs_aloo_bhujia_lets_end_this_debate/me10424/
reddit_comment_mddkm5u,reddit,IN,kakashihatake076,,,I am avoiding zepto at all costs after seeing their dark patterns and shady tactics.. I was loyal customer for almost 3 yrs.. now use blinkit or local shop delivery..,2025-02-18T04:19:40.000Z,1,,https://reddit.com/r/india/comments/1irr8ls/how_the_market_actually_works_my_experience_at/mddkm5u/
reddit_comment_md7jrbe,reddit,IN,crazyfreak316,,,"Their APIs are public, open blinkit in browser and see the dev tools to reverse their APIs",2025-02-17T06:32:30.000Z,1,,https://reddit.com/r/india/comments/1irc155/created_an_app_quickcompare_to_compare_prices/md7jrbe/
reddit_comment_maqfpr0,reddit,IN,CodeFall,,,"It's a tough choice. I would like to move, but renting and living alone will increase my financial burden. Right now if I'm frugal, on good months where there is no major demand of money from my parents, I'm able to save about 30K per month (after my expenses). But if I move out, my savings will be halved to about 15K. Even when I was working from my office in Pune, demand for money from my parents hadn't stopped and my monthly savings was barely 10K at that time. Moving to home since last year, I'm able to save 30K, but every now and then all my saving just goes towards paying for my parents for something or the other. ""Oh! I don't want to go out, order grocery from Blinkit because I don't know how the app works (obviously I need to pay)."" ""Oh! I don't want to cook today, let's order something from Swiggy/Zomato. Ask your younger brother what he would like to eat too and order for him as well (obviously I need to pay).""

I just don't know.",2025-02-03T13:38:54.000Z,1,,https://reddit.com/r/india/comments/1igllly/frustrated_due_to_my_familys_constant_demand_of/maqfpr0/
reddit_comment_maqnxck,reddit,IN,CodeFall,,,"I'm already contributing towards our monthly grocery. I pay for the house maids, wifi, cable, subscriptions, phone recharges for both my parents. Swiggy/Zomato/Blinkit, I'm the one paying for it 90% of the time. After all these expenses, I'm left with about 30K per month is savings. This 30K is supposed to be my savings after all the expenses and taking care of my parents, right? But the issue is, every 3-4 months something will come up where my parents will demand for a big amount of money and all my saving upto that point goes away.

Regarding my finances, my parents only know my salary. They don't care about my FD and investment, because as per their logic, it doesn't matter because if the need for money arises, I can just break my FD or withdraw my investments if I'm a filial son.

I do not want to get married right now. When my life is a mess right now, I don't want to make it more complicated with marriage.

I'll try moving out once my financials are a bit better.",2025-02-03T14:27:02.000Z,1,,https://reddit.com/r/india/comments/1igllly/frustrated_due_to_my_familys_constant_demand_of/maqnxck/
reddit_comment_mak4a01,reddit,IN,Careless_Bank_7891,,,Blinkit se manga lo isse accha toh lol,2025-02-02T14:38:33.000Z,1,,https://reddit.com/r/india/comments/1idksdh/amazon_india_is_a_fraud/mak4a01/
reddit_comment_mak4oz8,reddit,IN,ConclusionNo7187,,,BlinkIt's team!!! This is not the first time their packages had creative designs on them. Absolutely love it,2025-02-02T14:40:55.000Z,1,,https://reddit.com/r/india/comments/1ifvink/blinkits_creative_packaging_diy_gift_box_from_a/mak4oz8/
reddit_comment_mabk42m,reddit,IN,potato_tummy,,,Isse accha blinkit se manga lete bhai. 10 min me aa jata,2025-02-01T03:49:38.000Z,1,,https://reddit.com/r/india/comments/1idksdh/amazon_india_is_a_fraud/mabk42m/
reddit_comment_mabl2wc,reddit,IN,Captain-boom07,,,You should have ordered from blinkit,2025-02-01T03:56:00.000Z,1,,https://reddit.com/r/india/comments/1idksdh/amazon_india_is_a_fraud/mabl2wc/
reddit_comment_ma1qttr,reddit,IN,addyfolker,,,Now a days you can get them in 10 mins from blinkit or shit.. why order them from amazon?,2025-01-30T18:00:52.000Z,1,,https://reddit.com/r/india/comments/1idksdh/amazon_india_is_a_fraud/ma1qttr/
reddit_comment_ma1r1jj,reddit,IN,Imcheeku,,,"My bad luck, this was suppose to happen with me i guess. I went to Croma &amp; reliance but they only had digital version that time &amp; it was out of stock on blinkit.",2025-01-30T18:01:53.000Z,1,,https://reddit.com/r/india/comments/1idksdh/amazon_india_is_a_fraud/ma1r1jj/
reddit_comment_ma3oeyf,reddit,IN,krashnburn117,,,"This is why I don't get anything Gaming related from Amazon. Lol Blinkit would be better for PS5. In India getting from shops who have worst return policy some times work out best.

https://preview.redd.it/nfrvfhcot7ge1.png?width=1080&amp;format=png&amp;auto=webp&amp;s=286e92823ebcf51d5ebc70503f53210ee79a8cd8",2025-01-30T23:26:30.000Z,1,,https://reddit.com/r/india/comments/1idksdh/amazon_india_is_a_fraud/ma3oeyf/
reddit_comment_m9qguhr,reddit,IN,guntassinghIN,,,"India has blinkit/zepto, quick commerce. No other country is doing that",2025-01-29T00:13:54.000Z,1,,https://reddit.com/r/india/comments/1icbbzs/i_dont_think_this_needs_a_title/m9qguhr/
reddit_comment_m92g5h0,reddit,IN,Competitive-Loss-159,,,"Dude im trying to search this, where is it available? I cant find it on zepto blinkit etc also",2025-01-25T09:43:59.000Z,1,,https://reddit.com/r/india/comments/1i6sril/i_fixed_the_dark_parleg_packaging_this_was_the/m92g5h0/
reddit_comment_m854nvx,reddit,IN,rx1989v,,,"Yea baat idhar koi nahi samjhta .. isko samjhne ke liye aapko country se bahar ja kar dekhne padega ki rules and basic common sense se life kitni diff ho jaati hai.. 

but idhar sab 10 min me Swiggy and Blinkit delivery lekar khush ho jaate hai .. agree with all the points you made.",2025-01-20T10:50:46.000Z,1,,https://reddit.com/r/india/comments/1i5lkor/things_in_india_that_are_normalized_but_really/m854nvx/
reddit_comment_m6ws8h6,reddit,IN,thekush08,,,"How is it a scam ? 

You posted screenshots of two different products from blinkit vs bigbasket. 

The veeba ketchup product shown from blinkit is priced correctly as per veeba site as well. 

Check the link

https://veeba.in/products/no-added-sugar-tomato-sauce-460g",2025-01-13T12:30:14.000Z,1,,https://reddit.com/r/india/comments/1i0cd5q/blinkit_thinks_theyre_above_consumer_laws_is/m6ws8h6/
reddit_comment_m6f0bjr,reddit,IN,1-randomonium,,,"(Article)

---

Even as India’s online delivery app businesses are booming, the bleak situation of the sector’s “delivery partners” – i.e. the gig workers of the online delivery platforms – is going largely ignored by India’s corporate-friendly government.
On December 31, delivery app Blinkit’s CEO Albinder Dhindsa cited the company’s sales data that day to describe it as the company’s “highest ever orders day.” In a series of posts on X, he went on to detail the “biggest party order,” the most popular items ordered, etc. on the app.
Responding to these celebratory tweets, standup comedian, Kunal Kamra, who is known for his political satire and social activism, questioned Dhindsa about the “wages” of Blinkit delivery workers. “Can you also enlighten us with data on the average wages you paid your ‘Delivery Partners’ in 2024 …” he wrote on X.
With no reply forthcoming from the Blinkit CEO, Kamra reminded people of the “dark side” of the delivery app business. While “enjoying the convenience of quick commerce,” platform owners exploit gig workers. “They aren’t creating jobs,” he pointed out, decrying online delivery platforms as “landlords without owning any land.”
The issues Kamra has raised are not new. The gig economy is notorious for its lack of transparency and the low earnings and long working hours of its “delivery partners.” It is accused of exploiting the desperation of India’s ocean of unemployed youth. While the latter are made to work long hours for low wages, the online app reaps huge profits.
This is not the first time that Kamra has burst the celebratory bubble of the start-up ecosystem. In October 2024, he drew attention to how customers are being cheated with poor quality Ola Electric bikes. Bhavish Aggarwal, CEO of Ola Electric, a start-up, resorted to an online slugfest with Kamra when the latter exposed ugly facts about the working of new tech start-ups.
The International Labor Organization’s latest India Employment Report 2024 points to alarming levels of unemployment in the country. Youth account for 83 percent of India’s unemployed labor force. In 2022, the unemployment rate among educated youth was higher than for those who could barely read and write. Consider this: 29 percent of graduates and 18.4 percent of those who had completed secondary education were unemployed, compared to 3 percent of the uneducated who were jobless.
The gig economy has been fobbing off criticism of the sector with the plea that it is providing employment and creating jobs. However, commenting on the emergence of the gig economy, ILO’s India Employment Report states that gig work has been expanding in India “but it is largely informal work with hardly any social security provisions.”

While drawing attention to the exploitative practices of online platforms, Kamra highlighted the absence of worker protection legislation and any binding labor laws. In his series of posts on X, he cited how in most cases, these workers, labeled as “partners” and not employees, did not even have copies of their contracts. He questioned why the Labor Ministry was not taking note of these exploitative practices.
Kamra’s tweets generated considerable popular traction, with several people sharing the inhumane work conditions of the delivery partners. Competing home delivery apps promise deliveries within 10-minute deadlines, compelling delivery workers to race through traffic, and exposing them to the risk of road accidents. Job insecurity and earnings below the minimum wage after accounting for expenses were some of the issues highlighted by X users.
Under the existing labor code, gig workers are neither classified as employees nor covered under any worker welfare norms. They are relegated to the largely unregulated unorganized sector.
India’s Bharatiya Janata Party (BJP) government is corporate- and industry-friendly and has rarely taken steps that will cut into profit margins. It has been accused of “brazenly dismantling labor protection,” and BJP governments, whether at the center or states, have not taken any concrete action for the benefit of gig workers or their social security.
It is not as if the BJP-led government is unaware of the exploitation of gig workers. A 2022 report from NITI Aayog, the Indian government’s economic think tank, noted that the “lack of job security, irregular wages, and uncertain employment status for workers” pose significant challenges for gig or platform work.
On the other hand, the opposition Congress is taking up the cause of gig workers. Congress leader Rahul Gandhi has been consistently interacting with Uber drivers and online delivery app “partners” and highlighting their plight. Soon after Gandhi’s Bharat Jodo Yatra, the long march across the length and breadth of the country, the Congress government in Rajasthan brought in a law for the security of gig workers. The landmark Rajasthan Platform Based Gig Workers (Registration and Welfare) Act, 2023, levies a “welfare fee” on all transactions on online platforms, and gig workers and aggregators/ online platforms are to be registered with the state and entitled to social security schemes. Two other Congress-ruled states, Karnataka and Telangana, have begun taking steps toward enacting a law for the welfare of gig workers.
However, enacting laws may not be enough. Unfortunately, after the BJP took over the government in Rajasthan, the Rajasthan Platform Based Gig Workers Act has not come into effect. The required rules for implementing the Act have not been notified. The government is allegedly dragging its feet over implementing it.

Regrettably, social security and fair wages for workers are being held hostage to the corporate-friendly politics of most state governments.",2025-01-10T15:39:16.000Z,1,,https://reddit.com/r/india/comments/1hy750n/the_dark_underbelly_of_indias_fastexpanding_gig/m6f0bjr/
reddit_comment_m69v3m6,reddit,IN,hurricane_apr,,,Bhai blinkit karo. 10mins and can see instantly whether correct product came,2025-01-09T19:19:27.000Z,1,,https://reddit.com/r/india/comments/1hxb0pp/flipkart_sent_laptop_with_different_specs_and_now/m69v3m6/
reddit_comment_m62r7xa,reddit,IN,india-ModTeam,,,"Hi Monidarl,

Your submission [Zomato Stock: Growth, Blinkit Drag, and Market Correction Explained](https://24sevennews.com/markets/zomato-stock-growth-blinkit-drag-market-correction/) breaks [the rules](http://www.reddit.com/r/india/wiki/rules) and has been removed for the following reason(s):

* We expect all submissions to be from reputed and verified sources.
* Articles, Images and Videos can be posted from established media sources and organizations with (non-personal) verified social media accounts
* Any submission without a source will be removed

Refer: https://www.reddit.com/r/india/wiki/rules#wiki_reputed_and_verified_content





---

*^(If you feel this was done in error, or would like further clarification, please don't hesitate to reply to this message.)*",2025-01-08T17:06:14.000Z,1,,https://reddit.com/r/india/comments/1hwjq78/zomato_stock_growth_blinkit_drag_and_market/m62r7xa/
reddit_comment_m63r1hb,reddit,IN,Appropriate-War-6456,,,"He was sharing his screen with the scammer.
The scammer has his mobiquick  linked mobile number. Scammee tried  to link his mobiiquick account on blinkit . As the screen sharing was on, he got the otp and linked the mobiquick account  and got the money.",2025-01-08T19:59:52.000Z,1,,https://reddit.com/r/india/comments/1hwsek8/free_amazonflipkart_product_a_scam_alert/m63r1hb/
reddit_comment_m50b19m,reddit,IN,india-ModTeam,,,"Hi fffdontfoolyourself,

Your submission [Blinkit launches 10-minute ambulance service](https://www.youtube.com/watch?v=bd4Y5LjbqGI) breaks [the rules](http://www.reddit.com/r/india/wiki/rules) and has been removed for the following reason(s):

* We expect all submissions to be from reputed and verified sources.
* Articles, Images and Videos can be posted from established media sources and organizations with (non-personal) verified social media accounts
* Any submission without a source will be removed

Refer: https://www.reddit.com/r/india/wiki/rules#wiki_reputed_and_verified_content





---

*^(If you feel this was done in error, or would like further clarification, please don't hesitate to reply to this message.)*",2025-01-02T13:56:13.000Z,1,,https://reddit.com/r/india/comments/1hrtklw/blinkit_launches_10minute_ambulance_service/m50b19m/
reddit_comment_m52ggbo,reddit,IN,raddiwallah,,,"Take a step back and think. We need private VC backed players to do something expected of government. Truly marvellous our country is. 

Next thing we know, people are ranting how Blinkit applies surge pricing on their ambulances.",2025-01-02T20:48:18.000Z,1,,https://reddit.com/r/india/comments/1hrsqyb/blinkit_launches_10minute_ambulance_service_in/m52ggbo/
reddit_comment_m52glz1,reddit,IN,raddiwallah,,,Vertical integration. Make them sick by feeding via Zomato and then make them use Blinkit to get to the hospital.,2025-01-02T20:49:06.000Z,1,,https://reddit.com/r/india/comments/1hrsqyb/blinkit_launches_10minute_ambulance_service_in/m52glz1/
reddit_comment_m4mzoyu,reddit,IN,thulsabroom,,,"It’s not going to happen. If you think Zepto, Blinkit etc nonsense are loss making businesses, wait till you see these driverless businesses. 

More importantly it will get political. Politicians bend to Rickshawwalla unions lol, this will never work here. 

It’s not just here though, even US etc are no better. Maybe some elite country like Netherlands, Sweden types, but otherwise, no chance. 

It’s not that it can’t be done. It’s that fundamentally the rich want two things -
1. Convert middle class to poor.
2. Keep the poor to be busy.",2024-12-31T03:39:04.000Z,1,,https://reddit.com/r/india/comments/1hptflu/mumbai_graphic_designer_with_14_years_of/m4mzoyu/
reddit_comment_m422lg1,reddit,IN,jonsnowmf,,,"&gt;I wouldn’t be bringing a girlfriend with me. I’ve heard it can be concerning for women in certain areas

You have to completely avoid these states- Bihar, Jharkhand, Uttar Pradesh, Orissa, Chattisgarh, Madhya Pradesh. 

To a certain extent even avoid Delhi for your first visit because Delhi being the capital should be the best of the what India has to offer, but It becomes worst of what India has to offer.

Many tourists do the Golden quadrilateral (Delhi, Agra, Jaipur)- I would suggest don't do it on your first visit to India, because things can get overwhelming. Even if you want to experience some part of it, Jaipur is situated in Rajasthan state. You can go to Rajasthan and explore it. It is one of my favourite tourist destinations in India.

If you are travelling with your girlfriend, then either go to Southern states like Goa (Particularly south goa), Karanataka, Kerala, or the Himalayan states i.e. Jammu and Kashmir, Ladakh, Himachal, Uttarakhand and north eastern states. These states are much safer and tourist friendly.


&gt;He said he didn’t get any food poisoning

You won't get any food poisoning if you don't eat from any shady area. Always see where the crowd is, if there is no crowd, simply don't go there, unless you have read some google reviews or recommendations. Remember people on the internet like poverty porn, so what you have seen may not always be true.


&gt;I would probably start with Goa.

Remember north goa is busy, too much traffic. Plus Goa has a Taxi problem where they will over charge you as uber and ola do not work there. Apart from that I don't think you face any issue in goa.

&gt;I’d love some advice for states to avoid and must-visit states

States to avoid- mentioned above

Must visit- Every state in India is unique, every state has their own language, culture, food, way of life, Geography etc. so I'm going to list down some of the main features of that state

Goa- you already know.

Kerala- tropical forests, beaches, tea plantation and backwaters 

Karnataka- western Ghats, coffee plantation, Historical sights

Jammu and Kashmir- it's literally a paradise on Earth. Breath taking beautiful valleys. If you are into skiing, you can go to Gulmarg.

Ladakh- Cold Desert, dreamy landscape, the closest place to experience the Tibetan culture. A bike ride across the Himalayas is also very popular.

Himachal- beautiful valleys, treks, paragliding, mountaineering, River Rafting, colonial history in some places

Uttarakhand- similar to Himachal+ yoga 

North eastern states- collectively called the 7 sisters (7 states) are one of the least explored places in India. Again it's all himalayan region. And very different traditions and culture from the rest of India.

Rajasthan- Desert, Sand dunes, Massive forts, life of Royals.

&gt;general corruption

You won't face any corruption, because it's not like you are starting a business. You are just a tourist, so your interaction with authorities is going to be very minimal.

&gt;I can’t emphasize enough that I respect the laws of anywhere I visit

India is such a chaos, you might get a cultural shock, but somehow everything works.

&gt;you’ll get pulled over and asked for a fine.

I don't think you will face that as a tourist. We citizens might face it, but foreign tourists are treated with much more care and respect. 

Simple rule to survive in India- DO WHAT AN INDIAN MIDDLE CLASS PERSON WOULD DO.

Should you stay in shady and cheap hotels? just think, would an Indian middle class stay here? If No, then avoid that place.

Would an Indian middle class go on a slum tour? No absolutely not.

Would an Indian middle class hitch hike with random strangers? Would not recommend. But people do it and enjoy it. If you are with your Girlfriend, absolutely avoid it.

Would an Indian middle class eat at a place which is looking totally gross? No.

Just in the name of experiencing ""REAL INDIA"", don't do some stupid shit. Real India doesn't live in its cities or slums. 

Some pro tip- get your phone no as early as possible. Data is very cheap, so you don't have to rely on wifi everywhere.

Setup UPI at the airport itself. UPI is India's payment system which works at 99.99% of the places. The only place it will not be accepted is where a person is trying to do some tax evasion or is too poor to have a bank account.

For taxi/autorickshaw- use uber and ola (saved your from getting scammed)

For city commute- metro, if no metro, use uber, ola.

Food Delivery- Swiggy amd Zomato 

Groceries- Instamart, Zepto, Blinkit",2024-12-27T17:07:55.000Z,1,,https://reddit.com/r/india/comments/1hmqy3c/police_verification_bribe_disguised_as_notary_fee/m422lg1/
reddit_comment_m3k3bx3,reddit,IN,throw_1627,,,"Can't we complain this thing to blinkit?

So that it doesn't occur again",2024-12-24T06:15:18.000Z,1,,https://reddit.com/r/india/comments/1hkqkes/is_zepto_and_other_quick_commerce_selling_fake/m3k3bx3/
reddit_comment_m2ywup6,reddit,IN,raddaya,,,"In big cities, they have set up warehouses in so many places, that at least one app or the other will be within 10-15 mins of almost every area. For me, I literally live almost next to a warehouse so Blinkit delivers literally in 3 mins. But yes, for some places it's not feasible.",2024-12-20T11:49:24.000Z,1,,https://reddit.com/r/india/comments/1hibgq7/disruptive_10minute_deliveries_spread_to_indias/m2ywup6/
reddit_comment_m31pipc,reddit,IN,bringmeback0,,,"Taking 5-7 mins for both Zepto and Blinkit to reach my society gaye, another 3-5 mins for the delivery person to walk and take the lift till door.",2024-12-20T22:01:10.000Z,1,,https://reddit.com/r/india/comments/1hibgq7/disruptive_10minute_deliveries_spread_to_indias/m31pipc/
reddit_comment_m251n0u,reddit,IN,lostsoul221,,,"You can check out e-commerce websites under ""body massagers"" on Amazon, Flipkart, blinkit, zepto, instamart for comparisons. Although I'm not aware of their discreet delivery policies",2024-12-15T07:50:39.000Z,1,,https://reddit.com/r/india/comments/iz806e/am_i_the_only_one_wanting_a_vibrator_in_india/m251n0u/
reddit_comment_jgc964y,reddit,IN,Easy-Worldliness3691,,,"Man, I hate the tipping culture when employers cite tips and pay less.

I didn't know they initially paid 50 per delivery and now just 20% . I'm no longer using blinkit, thanks for posting this.",2023-04-15T09:48:42.000Z,241,,https://reddit.com/r/india/comments/12mw4f3/blinkit_delivery_partners_are_on_strike_for_3_days/jgc964y/
reddit_comment_hy39tzv,reddit,IN,chinu1996,,,"If you own a bike: Dunzo and blinkit(grofers) are hiring delivery people like crazy. Pay is around 20k 

If your communication skills are good then call centres are always hiring more people. Pay starts around 14-15k 

Remember don’t stick with these gig jobs for more than 6 months. Up-skill yourself while working. There are plethora of YouTube videos which can actually teach you anything you want to become. 

As far your rent scenario, leave the house you cannot afford. I know being homeless is tough. Ask your friends if they can let you sleep on the couch. Shelter homes is the last resort if nothing pops up. 

Don’t be afraid of reaching out to people on LinkedIn especially those people who are in hiring department. Tell them what value you can provide. If you’re a good salesman then I hope you can sell yourself and get a job. My wishes are with you.",2022-02-23T12:05:45.000Z,136,,https://reddit.com/r/india/comments/szd8wq/i_am_on_verge_of_becoming_homeless/hy39tzv/
reddit_comment_j830s91,reddit,IN,Pashoomba,,,"Blinkit is used by rats as Uber. 

Solved.

Trip rating: ⭐⭐⭐⭐⭐",2023-02-11T06:38:44.000Z,108,,https://reddit.com/r/india/comments/10zd5cv/man_finds_rat_inside_packet_of_bread_delivered_by/j830s91/
reddit_comment_j839r0d,reddit,IN,amrit-9037,,,"""Itne me yehi milega. Do you expect chicken-mutton inside packet at this price?""

~Blinkit Rep",2023-02-11T08:34:57.000Z,68,,https://reddit.com/r/india/comments/10zd5cv/man_finds_rat_inside_packet_of_bread_delivered_by/j839r0d/
reddit_comment_jphlcww,reddit,IN,Algaav_wadi,,,"So here's the story - I have ordered from Blinkit a lot of times before but this was my first time ordering condoms etc. I saw on their app, the biggest selling point for these items was that they they send them in discrete packaging. I thought this wasn't discrete enough. Right?

My parents who are visiting us these days got to the delivery first... they are retired and like to be useful at home while they are here, by doing these errands and more. When they saw the packet and its contents, they seemed to get embarrassed and kept the whole thing as is and told me that my order has come. I went to the kitchen where this packet was kept and saw the state of the package. Honestly, I didn't think that they will mess up this bad. I mean even my chemist when handing condoms to my physically makes sure that the wrapper is folded nicely. And here this was laid out for every one to see.

TBH, I didn't have a major embarrassment.. apart from the fact that wife and I had a bit of an awkward evening with my parents. Which I hope will be resolved tomorrow morning. But I can imagine scenarios where this could mess up things, hence this post as FYI.

PS: I have also shared this as a feedback with their customer care.",2023-06-25T17:29:44.000Z,67,,https://reddit.com/r/india/comments/14irap9/if_you_want_discrete_delivery_do_not_order_sexual/jphlcww/
reddit_comment_jhhux8k,reddit,IN,ssjumper,,,"A-holes for not paying living wages to their workers too

[https://www.indiatoday.in/technology/news/story/blinkit-stores-have-resumed-operations-after-delivery-partners-strike-says-zomato-2362416-2023-04-20](https://www.indiatoday.in/technology/news/story/blinkit-stores-have-resumed-operations-after-delivery-partners-strike-says-zomato-2362416-2023-04-20)

[https://www.techcircle.in/2019/03/05/zomato-revises-payment-structure-for-ncr-delivery-personnel-faces-protest](https://www.techcircle.in/2019/03/05/zomato-revises-payment-structure-for-ncr-delivery-personnel-faces-protest?utm_campaign=fullarticle&amp;utm_medium=referral&amp;utm_source=inshorts)",2023-04-24T08:18:56.000Z,58,,https://reddit.com/r/india/comments/12x6mue/ahole_design_zomato_wont_allow_you_to_order/jhhux8k/
reddit_comment_looaqbp,reddit,IN,uttamkadyan,,,Art kit from blinkit,2024-09-24T11:35:32.000Z,53,,https://reddit.com/r/india/comments/1fo4s5h/my_8_years_niece_painted_big_basket_paper_bag/looaqbp/
reddit_comment_jpiokxq,reddit,IN,gardenercook,,,"Are you sure that the package was open during delivery? It could very well be that your parents opened the paper bag. In that case, what is Blinkit expected to do? Even if they wrap it in 5 layers of packaging, your parents would have unwrapped all the layers till they find out what's in it.

Not defending Blinkit here, but the discretion is from your neighbors and security, not from curious people within your house.",2023-06-25T22:17:37.000Z,36,,https://reddit.com/r/india/comments/14irap9/if_you_want_discrete_delivery_do_not_order_sexual/jpiokxq/
reddit_comment_j2hi3ra,reddit,IN,crasshumor,,,"No bro, little bit more than my regular but blinkit gives these items in small qty. And it's new year and had a friend over so thoda kharch kar dia. Worth it",2023-01-01T09:15:45.000Z,34,,https://reddit.com/r/india/comments/100exrt/tried_making_spaghetti_pictures_were_taken_by_my/j2hi3ra/
reddit_comment_i5z87ix,reddit,IN,ajzone007,,,Grofers is now blinkit,2022-04-24T08:17:10.000Z,34,,https://reddit.com/r/india/comments/uap8dp/blinkit_says_this_is_something_else_what_could_it/i5z87ix/
reddit_comment_jgytcs6,reddit,IN,blues0,,,In the article they have mentioned that these workers are employed by the dark stores and not Blinkit. So I don't think it's a W.,2023-04-20T02:38:14.000Z,28,,https://reddit.com/r/india/comments/12s35u0/pay_structure_for_blinkitzomato_delivery_workers/jgytcs6/
reddit_comment_jgcm954,reddit,IN,Loose_Repeat7950,,,"And everytime I open blinkit, there is a surge charge of 30 rs. in the name of high demand and these delivery partners are the ones meeting these high demand. It high time they get what they deserve. Kudos to them for standing up for it.",2023-04-15T12:28:11.000Z,24,,https://reddit.com/r/india/comments/12mw4f3/blinkit_delivery_partners_are_on_strike_for_3_days/jgcm954/
reddit_comment_j4b79ed,reddit,IN,um3shg,,,"&gt;Great job and I hope you continue.

I will never go back to swiggy/zomato (blinkit) unless ordering meat and groceries. Local still better than app. BTW, none of the app has good eggs. 

The trick is to make a plan in head, maybe 10 mins to plan and 1hr to execute. Once I cook for I make 3-4 meals. Example: Yesterday, I made stew with Peppers and Broccoli, ate half and saved half. today I added mushrooms to the stew, ate half, saved half, tomorrow I will just add eggs and cheese to this and my American omlette will be ready. 

With Swiggy/Zomato your diet becomes very restrictive but with cooked food you can have everything that you can imagine.",2023-01-14T13:46:08.000Z,23,,https://reddit.com/r/india/comments/10bk48t/i_am_addicted_to_swiggy/j4b79ed/
reddit_comment_i4998ub,reddit,IN,marques28,,,"Mentioned in the title, it is ""BlinkIt""",2022-04-11T04:55:22.000Z,18,,https://reddit.com/r/india/comments/u0yokl/blink_it_why_checking_the_calculated_bill_is/i4998ub/
reddit_comment_jkhf5yj,reddit,IN,Toothless_Potter,,,Blinkit has female condoms too. I'm not sure if medical stores keep them in stock.,2023-05-17T10:48:11.000Z,16,,https://reddit.com/r/india/comments/13jv9d4/how_to_purchase_condom_first_time/jkhf5yj/
reddit_comment_ivew41y,reddit,IN,L1ghtYagam1,,,"Byjus, meesho, blinkit, unacedemy, cars24, vedantu, rupeek, udaan come to mind when I think of 2022 indian firm’s layoffs",2022-11-07T13:50:45.000Z,14,,https://reddit.com/r/india/comments/yofb4y/you_are_always_one_bad_managerhr_or_ceo_away_from/ivew41y/
reddit_comment_iaespjb,reddit,IN,lordatlas,,,"Genuine question: who here asked for 10 minute delivery? It's just something these companies decided was a USP and kept advertising it, not because of customer demand. 

I'm perfectly fine getting stuff delivered in 20-30 minutes. That's a reasonable time frame for 95%+ of my immediate needs. 

Chutiyas like Blinkit and Zepto need to go out of business.",2022-05-29T09:52:09.000Z,14,,https://reddit.com/r/india/comments/v03q0k/penalties_for_delays_cuts_in_weekly_pay_life_gets/iaespjb/
reddit_comment_jt8nvp6,reddit,IN,anishak8,,,Go for COD or some alternate apps like BB Now or Blinkit. I’ve been using Bigbasket since 2020 and I have never used any other apps.,2023-07-24T12:17:13.000Z,13,,https://reddit.com/r/india/comments/1586ygn/swiggy_scams_will_never_end/jt8nvp6/
reddit_comment_icx214a,reddit,IN,Delhiiboy123,,,"The best method. Or order on blinkit. You can order few snacks, etc along with the condoms to make it look normal lol.",2022-06-19T06:24:55.000Z,12,,https://reddit.com/r/india/comments/vfkm5h/alright_how_do_you_buy_a_condom_without_it_being/icx214a/
reddit_comment_jgzzktz,reddit,IN,Frequent-Draft-2477,,,"before:  Rs 1,200/day

after:  Rs 600-700/day

source: [https://www.financialexpress.com/industry/explainer-the-blinkit-gig-workers-strike/3053085/](https://www.financialexpress.com/industry/explainer-the-blinkit-gig-workers-strike/3053085/)",2023-04-20T11:03:06.000Z,11,,https://reddit.com/r/india/comments/12s35u0/pay_structure_for_blinkitzomato_delivery_workers/jgzzktz/
reddit_comment_jgdccwl,reddit,IN,Lyadhlord_1426,,,This is why tipping can be a slippery slope. This is exactly the same logic used in the US for waiters and others in customer facing roles that they are paid below min wage and they are expected to make the rest up by tips. Its a huge issue there.  I don't even want 10 mins delivery. Just give me in 1 hour and its fine. Instamart used to be good but it stopped delivering here so now I have to jump between using bigbasket or use blinkit.,2023-04-15T15:55:16.000Z,11,,https://reddit.com/r/india/comments/12mw4f3/blinkit_delivery_partners_are_on_strike_for_3_days/jgdccwl/
reddit_comment_jum3bag,reddit,IN,swimmyboss,,,"Having lived in India for a while as a foreigner I can say this is very difficult to do, as frustrating as it might be. Uber, Ola, Swiggy and Blinkit worked with my foreign card, but direct payments on most local sites did not. Otherwise, agreed with trying to make a friend who can do the payments - I had to do that for things like movie tickets.",2023-08-03T12:57:38.000Z,11,,https://reddit.com/r/india/comments/15gy0ij/how_do_i_get_an_upi_account_as_a_foreigner/jum3bag/
reddit_comment_jgzd9tp,reddit,IN,Quarantinegotmehere,,,"Blinkit was going to die anyways if zomato didn't buy them out. So yeah, pulled them out from their grave and then fucked them.",2023-04-20T05:51:50.000Z,11,,https://reddit.com/r/india/comments/12s35u0/pay_structure_for_blinkitzomato_delivery_workers/jgzd9tp/
reddit_comment_j3ky6f9,reddit,IN,anonybong,,,"1) Use Ola/Uber for your preferred mode of travel. They are available almost everywhere in the country- especially in tourist friendly cities. Get an Indian SIM and use it for the apps since drivers would sometimes call you for the location. It works the same way, you will get to know the fare before you book the service. If uber/ola isn't available, hop into a metered taxi or auto and say you will go by meter. You have to then pay just how much the meter charges you like everyone else in India. 

2) Shop only from retail outlets if you want to pick up packed foods. Supermarkets like Big Bazaar, Reliance Smart Bazaar, D-Mart, Star Bazaar are your friends. You can head to any shopping mall nearby and you would find atleast one of these hypermarkets. There are also local shops that you'll find everywhere where they sell most of the things. You have to just tell them what you need and they would give it to you. Just look for the price behind the pack (MRP) and that's what you need to pay.

And if you're visiting any of the major cities like Delhi/Bangalore/Mumbai/Pune/Kolkata/Hyderabad etc, just download apps like Swiggy/Zomato/Dunzo/Blinkit/Zepto. All these apps have instant grocery deliveries so you can just feed in your hotel address and purchase whatever you like as the price of things will already be mentioned before ordering.

3) For food- You usually won't be scammed at any restaurant since there will be printed menu cards with price that you can see before ordering. Even most of the street food shops have their menu on the counter or hanging behind with the prices, so nothing to worry about that. You can also use Swiggy/Zomato to order food at your hotel like you guys do with UberEats, etc outside.

4) Tourist sites- Usually most of the tourist places in India aren't free including museums. Almost every place has an entry fee and it's a lot more for foreigners than for local tourists so that might look a bit scammy but it's not a scam, the ticket counters will have the ticket prices mentioned, you just need to pay that much. Once you're in the site, you will get approached by tourist guides from every direction and that's where you need to be a bit wary  and deal properly. Ask them for the rates and see if it works for you since they don't have any fixed rates. If it doesn't work for you, do what I do. Just read about the place you're visiting in detail online the previous night and visit it. Most places have a lot of information about the site pasted on the walls in English and some places also have audio guides so you aren't going to miss much. The guides anyways indulge in a lot of fake stories. So doesn't matter.

5) Handicraft stores near tourist sites- Now this is where the actual scam starts. It's like any of those souvenir shops near tourist places around the world. These stores are NOT the places where the locals buy their handicrafts from so completely AVOID these places. If you happen to  take a car rental for a day to do touristy things there are high chances that the driver will take you into one of these shops to buy things since they get commission from the shops for doing that. So completely avoid purchasing anything from any handicraft shops near tourist places. There are far better handicraft and textile stores in the main city including some Government owned ones which are way better and you won't be scammed as they are frequented by locals so they don't run into losses. Do a thorough Google search and read personalized blogs by Indians about where you can find the best handicrafts/souvenir shops and check their google ratings and photographs.
The only thing that I can suggest you buy outside tourist sites are if you see some small businesses around selling handmade things. Like you would usually see women and men on the streets selling small items in baskets. Ask them for the prices and buy if it works for you and not that deep in the pockets.

6) As a rule of thumb, DO NOT agree to take pictures with locals. It's a really weird thing that happens here where some locals will ask if they can take a picture with you, especially if you're a woman. Firstly it's just absolutely irritating so just say NO irrespective of what they think of you, secondly it's one of the ways for pickpocketers to pick your pocket. They will indulge you in talking about taking photographs and slowly steal things from you, especially in crowded tourist places. Don't get into small talk with people around crowded tourist places, if you wanna chat with locals and get some perspective of locals of the place you're visiting, come outside the tourist place and ask local shopkeepers, auto drivers while you're travelling or fellow tourists. The idea is to not let your attention be somewhere else in crowded places since that would often lead to pickpocketing. 

Try making your itinerary in a way that you can visit tourist places on weekdays. Check with the site of the tourist place before for timings. Usually tourist places are closed on Mondays around the country so Tuesday to Friday would be your safest bet since it's working day for locals so none of the tourist places will be overcrowded. Keep weekends for food trails and maybe some heritage walks and rest because the other days, the climate and crowd around will drain you out. Try doing research online and look for unique things to do in the places you are visiting for the weekends. There are a lot of exciting new things in the tourism space in India. A lot of companies conduct heritage walks, food walks, ghost walks, there are a lot of heritage resorts that curate a one/two day trip to their properties with local food where you can experience how royals lived in India ages ago. So look out for those things to do on a lazy Sunday. You can check their reviews online before booking.

Buy and carry a lot of mineral water. Check for the company- Bisleri/Kinley/Aquafina is your best bet but sometimes you probably have to do with local companies.

That's it. Mainly just be wary around tourist places as that's the hotbed of getting scammed. Everything else is pretty good and manageable since they anyways have fixed rates. Hope you enjoy your stay and have fun! And don't be scared to try out different food here instead of sticking to just butter chicken and Naan.",2023-01-09T07:15:19.000Z,9,,https://reddit.com/r/india/comments/1072d1d/how_do_i_avoid_the_tourist_price/j3ky6f9/
reddit_comment_ig8d71c,reddit,IN,hisprivateloft,,,"Zomato, swiggy - Food Delivery

Delhi metro for maps

Practo in case you need to make a Doctors appointment.

Blinkit, zepto, swiggy for groceries, snacks, drinks etc

Make my trip for hotel, flight , bus booking (other international apps work too)",2022-07-15T06:16:33.000Z,9,,https://reddit.com/r/india/comments/vzh5zb/what_apps_do_i_need_in_india/ig8d71c/
reddit_comment_jcjuajn,reddit,IN,autotldr,,,"This is the best tl;dr I could make, [original](https://thewire.in/film/zwigato-movie-review-gig-economy) reduced by 91%. (I'm a bot)
*****
&gt; Given that the gig economy is so entrenched in our lives - via Uber, Ola, Dunzo, Blinkit, Zomato, Swiggy, you name it - it feels remarkable that a movie like Zwigato took so long to release.

&gt; A Zwigato executive, referring to the rampant unemployment in the country, asks him, &amp;quot;Do you know how lucky you are?&amp;quot; Even though Zwigato ostensibly tells the story of one family, its panoramic gaze affords it a much larger sweep, encompassing the most intense scramble - and compassion - at the bottom of the pyramid.

&gt; Zwigato humanises the pixels on our smartphone screens, reminding us that their stories don&amp;#039;t begin or end with serving us.


*****
[**Extended Summary**](http://np.reddit.com/r/autotldr/comments/11tnrc9/zwigato_humanises_the_invisible_people_of_the_gig/) | [FAQ](http://np.reddit.com/r/autotldr/comments/31b9fm/faq_autotldr_bot/ ""Version 2.02, ~676799 tl;drs so far."") | [Feedback](http://np.reddit.com/message/compose?to=%23autotldr ""PM's and comments are monitored, constructive feedback is welcome."") | *Top* *keywords*: **Manas**^#1 **Zwigato**^#2 **scene**^#3 **man**^#4 **Pratima**^#5",2023-03-17T10:55:56.000Z,8,,https://reddit.com/r/india/comments/11tnk9j/zwigato_humanises_the_invisible_people_of_the_gig/jcjuajn/
reddit_comment_jgdhryl,reddit,IN,chromaniac,,,"knew grofers would become a rotten platform, the day zomato got involved. i only order 3-4 times a month from grofers as i tend to order multiple high value items in one go to benefit from a card offer. i would never tip through the app. if someone does want to tip, just give cash to the delivery guy. zomato has no business acting as an agent managing tips for their delivery people. 

have seen enough posts here on reddit that doordash reduce payment to delivery people if there is a tip involved. i remember seeing people defending tips on social media when the option was added to blinkit. i had a feeling we were going to end up in this situation when that happened. 

thankfully, amazon fresh exists and is reasonably fast. if blinkit goes down, i would at least have an option for getting home delivery of heavier items like sugar and oil.",2023-04-15T16:33:15.000Z,8,,https://reddit.com/r/india/comments/12mw4f3/blinkit_delivery_partners_are_on_strike_for_3_days/jgdhryl/
reddit_comment_jwqbhbs,reddit,IN,rubyist1080p,,,"OP I dont how it is served in Malaysia, but tempeh as concept is new to india.

 There is a brand that sells tempeh in packets https://hellotempayy.com/ which  you can buy. Amazon or quick delivery services (blinkit/swiggy instamart, usually active  metro cities like delhi, mumbai, Bengaluru) would deliver the packets to your home. These are tempeh cubes with a variety of flavours.

I have not tried them, and not even tasted tempeh myself so cannot give a review myself. 

Just sharing a resource which you can explore. 

Hope you are having a great time in India. 🙂",2023-08-18T15:13:21.000Z,7,,https://reddit.com/r/india/comments/15uhnrd/malaysian_here_you_guys_dont_have_tempeh_in_india/jwqbhbs/
reddit_comment_j83p9ll,reddit,IN,rogan_doh,,,Blinkit support: Lord Ganesha's vahana is a rodent. You should feel lucky punk. /s,2023-02-11T12:11:53.000Z,7,,https://reddit.com/r/india/comments/10zd5cv/man_finds_rat_inside_packet_of_bread_delivered_by/j83p9ll/
reddit_comment_jr4p7u0,reddit,IN,dsdk3792,,,"Lol I am in my 30s, every day ordering 3-4 times from Zepto
My society has literally 20 orders minimum coming per day from Instamart, Zepto, Blinkit
All my colleagues and people in similar age groups exhibit the same behaviour more or less",2023-07-08T08:12:46.000Z,7,,https://reddit.com/r/india/comments/14tdc3g/byjus_is_crumbing/jr4p7u0/
reddit_comment_iifc4ap,reddit,IN,pra_teek,,,What world are you living in. I order from zomato atleast once a week. Swiggy instamart once a week. And blinkit twice a week. Uber once a month. No one has even mentioned tip.,2022-07-31T20:40:05.000Z,7,,https://reddit.com/r/india/comments/wcoyog/doordash_delivery_agents_are_forcing_customers_to/iifc4ap/
reddit_comment_i49r5mm,reddit,IN,JhalMoody25,,,"I know someone who works for Blinkit and writes these long ass motivational shit on LinkedIn, gonna send this to him lol 😜😂",2022-04-11T08:41:46.000Z,6,,https://reddit.com/r/india/comments/u0yokl/blink_it_why_checking_the_calculated_bill_is/i49r5mm/
reddit_comment_j2htxiw,reddit,IN,crasshumor,,,"Its not available even in my local market. But you can get it on blinkit or those apps. They have large variety of veggies. In small qty. 



Or else you can buy from those fancy shops like nature basket etc. But those are expensive.",2023-01-01T12:17:17.000Z,5,,https://reddit.com/r/india/comments/100exrt/tried_making_spaghetti_pictures_were_taken_by_my/j2htxiw/
reddit_comment_idpecc6,reddit,IN,kaka4pres2020,,,"Khoob milega ran jab mil baithenge teen yaar - Zomato, Blinkit, aur unprofitability",2022-06-25T16:50:14.000Z,5,,https://reddit.com/r/india/comments/vkaj37/zomato_to_acquire_grocery_delivery_platform/idpecc6/
reddit_comment_i5zqshl,reddit,IN,life_never_stops_97,,,"Just whyyy grofers was a pretty good name. Blinkit doesn’t even feels like it’s a delivery app. Whenever I hear blinkit, I imagine some sort of fevi-quick adhesive brand lol and it’s much harder to pronounce than grofers.",2022-04-24T12:21:26.000Z,5,,https://reddit.com/r/india/comments/uap8dp/blinkit_says_this_is_something_else_what_could_it/i5zqshl/
reddit_comment_jt9kfns,reddit,IN,trash_talker_af,,,I've been using blinkit for quite a while now and haven't faced any issue till date. Maybe try switching.,2023-07-24T16:15:33.000Z,4,,https://reddit.com/r/india/comments/1586ygn/swiggy_scams_will_never_end/jt9kfns/
reddit_comment_jkhij7d,reddit,IN,_electronic_rogue,,,"You need to go to medical store, unzip your pants and keep your dick on the table. The Pharmacist will measure your dick size and get you the right size condom.

Just kidding, you can buy if from Blinkit.",2023-05-17T11:25:06.000Z,4,,https://reddit.com/r/india/comments/13jv9d4/how_to_purchase_condom_first_time/jkhij7d/
reddit_comment_jh004mk,reddit,IN,Frequent-Draft-2477,,,"take home wage:

before this changes:  Rs 1,200/day

after this changes:  Rs 600-700/day

source: [https://www.financialexpress.com/industry/explainer-the-blinkit-gig-workers-strike/3053085/](https://www.financialexpress.com/industry/explainer-the-blinkit-gig-workers-strike/3053085/)",2023-04-20T11:09:09.000Z,4,,https://reddit.com/r/india/comments/12s35u0/pay_structure_for_blinkitzomato_delivery_workers/jh004mk/
reddit_comment_iblqrhi,reddit,IN,meremah_boob,,,"It was available in blinkit aka grofers before, do check it.",2022-06-08T12:57:20.000Z,4,,https://reddit.com/r/india/comments/v7obfd/yellow_watermelon/iblqrhi/
reddit_comment_jr4ery0,reddit,IN,Troygun,,,"Well, for me at least, Blinkit is a big convenience. I don't mind paying 10-20 Rupees extra for immediate delivery. The extra delivery charge I pay is recovered anyway as the products are sold below MRP, unlike the local kirana stores.",2023-07-08T05:55:21.000Z,4,,https://reddit.com/r/india/comments/14tdc3g/byjus_is_crumbing/jr4ery0/
reddit_comment_jgdj3h9,reddit,IN,mrgamejiyt,,,"Yes lol, he also used to work with its founders back when it was known as grofers. Funnily enough he also blamed zomatos' share price fall on their decision to acquire blinkit instead of merging with swiggy",2023-04-15T16:42:25.000Z,4,,https://reddit.com/r/india/comments/12mw4f3/blinkit_delivery_partners_are_on_strike_for_3_days/jgdj3h9/
reddit_comment_j20jel9,reddit,IN,ChelshireGoose,,,"If you don't have any credit history (loans etc), your options are:                       
1. Card from the bank you already have a relationship with (salary account will be preferable). If they initiate contact, you have the possibility of getting a good offer (one of their mid-range cards lifetime free or with first year fee waived). If you go to them, you can expect an entry level card (may or may not be on the basis of an FD depending on your banking relationship and the bank in question). Put all your transactions on the card and pay the full balance promptly every month. After about a year, you can expect have a good credit history which will enable you to apply for other cards.                      
2. SBI gives two cards - Simply Save and Simply click - to anyone on the basis of an FD. These are pretty good for entry- level cards and will give you 0.25% rewards on all transactions but upto 2.5% on select transactions. (1.25% on all online spends and 2.5% on select websites for Simply click. 2.5% on offline restaurant, grocery and supermarket spends for Simply Save. Rewards may be redeemed for statement credit on simply save but not simply click). The disadvantage with SBI is that there is no way to get around the ₹500 annual fee unless you meet the annual spend limit for waiver (1 lakh afaik).                         
3. Amazon Pay ICICI - You need to apply through your Amazon account. Their approval process is a mystery and I've seen them approve people with no credit history before. You'll get 5% on Amazon purchases (if you're a prime member), 2% on Amazon bill pay transactions and 1% on all other offline and online transactions.                      
4. Cards from finance startups - Just make sure that they are actually credit cards without weird gimmicks.                                 
The only one I have experience with is OneCard. They usually issue LTF metallic cards (which look cool). But if you don't have any credit history, you might only be offered a plastic card LTF and that too on the basis of an FD. You can get 1% cashback on three categories of transactions. There are also occasional cb offers on websites like Blinkit, Flipkart, MakeMyTrip.             
Cred hasn't started issuing their own credit cards yet. You can just pay your existing credit card bills through the app. 

If you are financially responsible, credit cards are the best way to build your credit history and this will definitely come in handy if you ever apply for a home loan, etc in the future. They are also much more secure than debit cards, not to mention the offers, cashback, etc.                
These are some things to keep in mind:                     
* Never fall into the 'minimum payment' trap. That road leads only to credit debt. Always pay the full monthly due by the due date which will lead to healthy credit history and also avoid interest charges.              
* Never use your credit card to withdraw cash unless it's a serious emergency. Interest starts accumulating on cash advances right away as against retail payments where it starts only after your bill due date.                
* Don't go over-limit. It's always a good idea to cap your card usage at 70% of your limit.              
* Don't take out add-on cards for your SO/family unless you're VERY VERY sure. You don't want to end up in debt and tank your credit score because of someone else's irresponsibility.",2022-12-28T19:54:14.000Z,4,,https://reddit.com/r/india/comments/zxgbyw/hey_guys_any_idea_of_how_to_choose_a_credit_cards/j20jel9/
reddit_comment_ih3cv45,reddit,IN,chromaniac,,,the whole problem is that indian companies want india to adopt the american system of tipping to compensate for the low wages they pay their contract workers. there should be no reason for us to pay tips to zomato or blinkit or having lunch in a restaurant. it's not a thing in europe. it was never a thing here in india. but of course now it has become a thing everywhere.,2022-07-21T19:40:36.000Z,4,,https://reddit.com/r/india/comments/w487x4/dont_go_to_restaurants_if_you_dont_want_to_pay/ih3cv45/
reddit_comment_i9fr61t,reddit,IN,zturtle,,,It's a marketing gimmick. I see blinkit showing up to 50min on their app. These companies wanted you to think they are faster than you going to market. Marketing has done its job well.,2022-05-21T11:03:53.000Z,3,,https://reddit.com/r/india/comments/uuhlco/dear_delivery_app_please_ask_you_riders_to_be/i9fr61t/
reddit_comment_i4a4a6w,reddit,IN,No_Championship_7285,,,This blinkit 10 minutes delivery is not really needed. Even if they had provided same day delivery that would have been more than sufficient. This only puts the delivery people in danger.,2022-04-11T11:27:15.000Z,3,,https://reddit.com/r/india/comments/u0yokl/blink_it_why_checking_the_calculated_bill_is/i4a4a6w/
reddit_comment_i1eswm9,reddit,IN,meremah_boob,,,"For Grofers aka Blinkit Use this
https://blinkit.com/express

Zomato's Cloud Kitchen Space Requirements https://www.zomato.com/business/kitchens/faq

For banks read this
https://www.nobroker.in/forum/how-to-approach-banks-to-provide-space-for-bank-branch/",2022-03-20T15:10:30.000Z,3,,https://reddit.com/r/india/comments/timqk9/renting_a_commercial_to_brands/i1eswm9/
reddit_comment_jkioru2,reddit,IN,Mr_Kreamy,,,"I guess I'm the right person here. 

How was my first time?
""Condom pack of 3!!"" and i had the exact change. They are also trying to sell so it's normal someone will visit to buy. 

How do I ask now?
The same way. I even ask for a specific one if needed. 

Online ? Now here's a good story for everyone
ORDER FROM BLINKIT!!!!!!!!!!!!!!!
You can change the location to ""in front of a park"" and pick up the bag from him. If you don't want it to come to your house. 

Not from fuccking Flipkart quick. I'm being specific here, Flipkart quick who delivers via shadowfax does not pack their products.
I once ordered lube only because it was cheaper online, now I'm not shy but after i opened the door he just handed it to me. Yes he placed it in my hand (My mind was like bruhh laga k dega?). This jackass is also asking questions like why are the lights off in my house.",2023-05-17T16:34:57.000Z,3,,https://reddit.com/r/india/comments/13jv9d4/how_to_purchase_condom_first_time/jkioru2/
reddit_comment_izj1rhg,reddit,IN,UddishBagri,,,And if all else fails there is a magical app named blinkit,2022-12-09T13:56:42.000Z,3,,https://reddit.com/r/india/comments/zgunc7/i_am_having_a_hard_time_in_india_i_asked_for/izj1rhg/
reddit_comment_ij1ovhp,reddit,IN,ChelshireGoose,,,"If you don't have any credit history (loans etc), most of the 'great' cards will be off limits. Your options are:      
1. Card from the bank you already have a relationship with (salary account will be preferable). If they initiate contact, you have the possibility of getting a good offer (one of their mid-range cards lifetime free or with first year fee waived). If you go to them, you can expect an entry level card (may or may not be on the basis of an FD depending on your banking relationship and the bank in question). Put all your transactions on the card and pay the full balance promptly every month. After about a year, you can expect have a good credit history which will enable you to apply for other cards.      
2. SBI gives two cards - Simply Save and Simply click - to anyone on the basis of an FD. These are pretty good for entry- level cards and will give you 0.25% rewards on all transactions but upto 2.5% on select transactions. (1.25% on all online spends and 2.5% on select websites for Simply click. 2.5% on offline restaurant, grocery and supermarket spends for Simply Save. Rewards may be redeemed for statement credit on simply save but not simply click). The disadvantage with SBI is that there is no way to get around the ₹500 annual fee unless you meet the annual spend limit for waiver (1 lakh afaik).     
3. Amazon Pay ICICI - You need to apply through your Amazon account. Their approval process is a mystery and I've seen them approve people with no credit history before. You'll get 5% on Amazon purchases (if you're a prime member), 2% on Amazon bill pay transactions and 1% on all other offline and online transactions.       
4. Cards from finance startups - Just make sure that they are actually credit cards without weird gimmicks.   
The only one I have experience with is OneCard. They usually issue LTF metallic cards (which look cool). But if you don't have any credit history, you might only be offered a plastic card LTF and that too on the basis of an FD. You can get 1% cashback on three categories of transactions. There are also occasional cb offers on websites like Blinkit, Flipkart, MakeMyTrip.",2022-08-05T12:42:19.000Z,3,,https://reddit.com/r/india/comments/wgnqr8/which_is_the_best_credit_card_to_get/ij1ovhp/
reddit_comment_ic2let5,reddit,IN,ResearcherFront8129,,,i got mayyonaise non veg (ordered by mistake) from blinkit and wanted to refund it as we are vegetarian. i thought they are gonna send someone to take it back like amazon does. they refunded the amount and told me to discard the product.,2022-06-12T09:53:26.000Z,3,,https://reddit.com/r/india/comments/vaghyi/got_rs50_lays_from_dunzo_when_i_ordered_rs_20/ic2let5/
reddit_comment_i5zkaw2,reddit,IN,niryasi,,,The delivery rider gets more money with Dunzo / Zepto / Blinkit per hour doing this which is why he's no longer delivering for DHL. Or do you think they are idiots?,2022-04-24T11:06:05.000Z,3,,https://reddit.com/r/india/comments/uap8dp/blinkit_says_this_is_something_else_what_could_it/i5zkaw2/
reddit_comment_jjlajk1,reddit,IN,BiggestModiBhakt,,,"The problem is that they are all mostly still at the stage of acquiring customers and sellers (increasing scale) and when they eventually start increasing their cut, they will face huge backlash (like what Blinkit is facing from their delivery people)",2023-05-10T11:42:08.000Z,2,,https://reddit.com/r/india/comments/13dd1et/invesco_cuts_swiggy_valuation_by_half_to_55/jjlajk1/
reddit_comment_jgdi8f6,reddit,IN,WittyArmy,,,I remember when pepper fry came into this market and gave 100 cashback on purchase of Rs 250 and with 10 million dollars in bank soon realized that this model can't work. That time blinkit was called Grofers which had a good carry bag.,2023-04-15T16:36:29.000Z,2,,https://reddit.com/r/india/comments/12mw4f3/blinkit_delivery_partners_are_on_strike_for_3_days/jgdi8f6/
reddit_comment_j91oey7,reddit,IN,curiouskidxo,,,"I live in a small town so don't have facilities like blinkit &amp; big basket (we just got zomato)
But dude, I really hope you are young and not dumb.
Please come out of the bubble 😂

Blinkit, big basket etc are startups working on capturing the market. They are literally loosing money to gain customers bcoz their ultimate goal is that once you become dependent on their services then they'll start charging delivery fees.

Zomato is the prime example of that, when launched it gave more that 50% discount and had lo to negligible delivery fee, then when they started capturing the market then they started to decrease the discounts and increase the delivery fees, in major cities the delivery fees has reached as high hais 120 rupees for some places, and people pay it.


You are also fixated on some sponge costing 25 available for free shipping, so again dude get out of the bubble and enter the real unprivileged world.
Amazon is one of the biggest companies in the world, they force their sellers to pay for shipping packing etc regardless of it being a prime fulfilled order or not. So small sellers do list these cheap items in free delivery bcz if they don't then amazon   penalizes them and doesn't promote their product. So they sell it irrespective of loss as they want to capture their market base in amazon and so it's resting improves and their other products are also sold.

So please get yourself educated in shady market practices of the real world or you are in for a big shock.

Regards
A well wisher",2023-02-18T15:42:11.000Z,2,,https://reddit.com/r/india/comments/115gysk/why_is_fevikwik_not_available_with_prime_or_free/j91oey7/
reddit_comment_j83p8hx,reddit,IN,rogan_doh,,,Blinkit support: Lord Ganesha's vahana is a rodent . You should feel lucky punk. /s,2023-02-11T12:11:31.000Z,2,,https://reddit.com/r/india/comments/10zd5cv/man_finds_rat_inside_packet_of_bread_delivered_by/j83p8hx/
reddit_comment_j3uvwhw,reddit,IN,gsds22,,,"Swiggy Zomato and blinkit
Patani kon sa competition h teeno me",2023-01-11T05:32:41.000Z,2,,https://reddit.com/r/india/comments/108cpse/how_do_i_stop_these_annoying_notifications_from/j3uvwhw/
reddit_comment_j1umnso,reddit,IN,LiteratureNearby,,,"Plus all quick commerce apps like zepto, blinkit, etc",2022-12-27T15:03:26.000Z,2,,https://reddit.com/r/india/comments/zw7a8s/what_are_some_items_you_bought_or_services_youve/j1umnso/
reddit_comment_j13yb8z,reddit,IN,iknownothingsir,,,"If true, not a gentle push tbh lol. I haven't faced anu issues regarding cash payments from Zomato or Blinkit. Except the fact that most of the time the delivery partner doesn't have change. I mostly order from Swiggy because of Swiggy One, and for some reason, it doesn't allow cash transactions at all.",2022-12-21T14:28:13.000Z,2,,https://reddit.com/r/india/comments/zrnkor/a_gentle_push_towards_digital/j13yb8z/
reddit_comment_i761pbd,reddit,IN,sentrist,,,"IMHO this caters to a very niche customer who needs some items urgently

I also scoffed at apps like zepto and blinkit that promise like 10 minute delivery. I never thought I'd need to order from such apps when I could plan buying groceries from the likes of bigbasket or Dunzo or the regular brick and mortar groceries. However I have found myself being grateful for the ""10 minute"" delivery apps if any of the items I needed where  canceled or not available when I had planned to get them

Having said that ""10 minutes"" delivery is itself a gimmick, Zepto say 10 minutes but when it detects your  location it updates delivery time to whatever is reasonable and in my case updated to 22 minutes for my last order. I have no idea whether Zepto is tied up with nearby stores or it has warehouse type of thing as it does not show tracking on map during delivery.  For blinkit in my case I was able to see like an outlet that is within 10 minutes of delivering to me so whenever I do order from it does deliver or arrive at my society gate in 10 minutes. The main advantage of these 10 minutes delivery apps right now is little to no delivery charges even for very small order value 

Dunzo despite being a similar app does not promise 10 minute delivery which is fine imo. There are always issues with finding availability of items and if you prepay often times the store just changes the items to fit the final order value already prepaid which can be a hassle sbd waste to deal with. Also Dunzo has higher delivery charges regardless of order value.

Since these 10 minutes delivery apps are sorta booming    right now due to VCs throwing dumb money on such gimmicks, these apps will likely be able to grow simply due to their lower delivery charges and delivery if items needed urgently. Once the VC money dries up these apps will have to pivot into something more economically sustainable if they have to survive",2022-05-03T15:03:03.000Z,2,,https://reddit.com/r/india/comments/uhd7un/zepto_a_10minute_grocery_delivery_app_raises_200/i761pbd/
reddit_comment_i797nnl,reddit,IN,meremah_boob,,,"I'm using both from a long time, both are good but zepto offers more discounts as compared to Grofers aka Blinkit. Zomato tried buying zepto but they rejected the offer so Zomato pitched the 10 min idea to Grofers and helped them to minimise timing and compete with them. Grofers copied a lot of design from zepto's app. Grofers used to be good before in support, not so much now. It takes a lot time to even connect with someone on live chat.",2022-05-04T04:50:33.000Z,2,,https://reddit.com/r/india/comments/uhd7un/zepto_a_10minute_grocery_delivery_app_raises_200/i797nnl/
reddit_comment_hxk5m16,reddit,IN,meremah_boob,,,"Fuck swiggy, order something from Grofers aka blinkit. Decent amount of healthy snacks available there including Fox nut :)",2022-02-19T09:18:23.000Z,2,,https://reddit.com/r/india/comments/sw515p/healthy_munchies_for_netflix/hxk5m16/
reddit_comment_hwnq3ep,reddit,IN,meremah_boob,,,"Use Grofers aka blinkit, they have a tie up with FnP and flowers are delivered in 10-15 mins maximum.",2022-02-12T16:02:21.000Z,2,,https://reddit.com/r/india/comments/sqtmv6/trustworthy_online_flower_websites/hwnq3ep/
reddit_comment_ic3590t,reddit,IN,sukMuhDik,,,"I had ordered ice cream from blinkit, it was melted. I contacted support, got another melted ice cream, now I have 2. Contacted support, got another melted ice cream. Contacted support, they offered a 4th box of ice cream, I asked them if they think I'm crazy and asked for a refund. Got a refund and 3 boxes of icecream. Fun time.",2022-06-12T13:46:49.000Z,2,,https://reddit.com/r/india/comments/vaghyi/got_rs50_lays_from_dunzo_when_i_ordered_rs_20/ic3590t/
reddit_comment_i5zqzd7,reddit,IN,life_never_stops_97,,,Ah okay. Makes sense to rebrand but blinkit just doesn’t feel right to me lol,2022-04-24T12:23:26.000Z,2,,https://reddit.com/r/india/comments/uap8dp/blinkit_says_this_is_something_else_what_could_it/i5zqzd7/
reddit_comment_i49ok8l,reddit,IN,lutalop,,,Stopped using Blinkit because of this thing. Switched to Big Basket and have never looked back.,2022-04-11T08:05:44.000Z,2,,https://reddit.com/r/india/comments/u0yokl/blink_it_why_checking_the_calculated_bill_is/i49ok8l/
reddit_comment_lzqq8ps,reddit,IN,LowStatistician7808,,,"Many people, I have friend who thinks getting iPhone delivered to house in 5 minutes through blinkit is epitome of development. She thinks India is just like any country in the west and that it's pointless to move abroad. She gives examples of IT people earning very high in India itself but when I tell that underprivileged people in India can't survive peacefully she goes mum. 

Nationalistic Privileged people in India are something else. They are blind to reality and are high on copium.",2024-11-30T17:48:54.000Z,1,,https://reddit.com/r/india/comments/1h2faxe/whoever_says_that_india_is_better_than_developed/lzqq8ps/
reddit_comment_lyk3mw3,reddit,IN,teenagerwrites12,,,I am not sure if I want a refund atp. I am never ordering from blinkit.,2024-11-23T10:07:39.000Z,1,,https://reddit.com/r/india/comments/1gxw70r/blinkit_sending_expired_products/lyk3mw3/
reddit_comment_lyk3cy5,reddit,IN,Formal-gathering11,,,"Looks like they've been caught red-handed before:

[Blinkit warehouse raid in Hyderabad: Expired food, infested flour and daal found - Hindustan Times](https://www.hindustantimes.com/business/blinkit-warehouse-raid-in-hyderabad-expired-food-infested-flour-and-daal-found-101717729187312.html#:~:text=The%20products%20manufactured%20by%20Kamakshi,and%20samples%20sent%20to%20lab.%E2%80%9D)",2024-11-23T10:04:39.000Z,1,,https://reddit.com/r/india/comments/1gxw70r/blinkit_sending_expired_products/lyk3cy5/
reddit_comment_lykioi8,reddit,IN,Cannon__Minion,,,"All OP needs to do is contact Blinkit support, they're pretty much the only delivery app with a good support system (this is the only reason why I use them over Zepto/Swiggy).

They'll definitely help, OP just wanted to make a useless post here for karma points.

Source: Been using the app for 2 years and have never faced any issues.",2024-11-23T12:35:57.000Z,1,,https://reddit.com/r/india/comments/1gxw70r/blinkit_sending_expired_products/lykioi8/
reddit_comment_lwp6gz4,reddit,IN,MarzipanLegitimate99,,,"Get a job live your life, I will suggest a easy job if u have a bike just blinkit",2024-11-12T04:10:40.000Z,1,,https://reddit.com/r/india/comments/1golxjn/serious_i_am_a_suicidal_man_in_distress_and_need/lwp6gz4/
reddit_comment_lwjd735,reddit,IN,lightfromblackhole,,,"Do people not try other apps? Zepto, Dunzo(rip?), Blinkit all provide stuff cheaper than swiggy and still do 10minute delivery. Also when did amazon do 10minute delivery? I know only 4hour delivery. Amazon is the sweet spot for me on price and time. I plan things ahead and hardly need 10minute delivery",2024-11-11T05:17:48.000Z,1,,https://reddit.com/r/india/comments/1gogiqx/how_swiggy_beat_amazon_to_13minute_grocery/lwjd735/
reddit_comment_ilb1m2t,reddit,IN,ThrowawayMyAccount01,,,"Flipkart is shit. Use Amazon.

And for groceries, Big Basket is a lot better. Same goes for others like Blinkit, Zepto &amp; Swiggy Instamart.",2022-08-22T11:03:17.000Z,19,,https://reddit.com/r/india/comments/wumxma/flipkart_is_the_worst_app_for_ordering_groceries/ilb1m2t/
reddit_comment_idp2p8m,reddit,IN,amitabajaj85,,,"People get excited to see this kind of news, but I feel sad looking at this kind of news...Blinkit is going to fail..quick commerce unit dynamics are not correct....and it is painful to see grofers have burned so much money and now chosen the wrong path..",2022-06-25T15:24:36.000Z,7,,https://reddit.com/r/india/comments/vkaj37/zomato_to_acquire_grocery_delivery_platform/idp2p8m/
reddit_comment_idpgj3i,reddit,IN,No_Climate7825,,,"Deepinder goyal, the reverse-midas. 

RIP grofers, was so much better than bigbasket in the pre-covid era. There is at least six 10min delivery apps right now and blinkit gonna lose so bad.",2022-06-25T17:06:22.000Z,4,,https://reddit.com/r/india/comments/vkaj37/zomato_to_acquire_grocery_delivery_platform/idpgj3i/
reddit_comment_ih53ryk,reddit,IN,ummidkwhat21,,,Get it from swiggy instamart or blinkit,2022-07-22T03:07:27.000Z,2,,https://reddit.com/r/india/comments/w4s9m4/how_to_get_condoms/ih53ryk/
reddit_comment_if5ql52,reddit,IN,goss_reller,,,"I agree that it is understandable. But I think psychologically we expect that of hotels and big bazaar, but we haven't yet come around to expecting it of online platforms. Say for example Amazon, Flipkart, even Instamart, Blinkit and Bigbasket. The expectation is that they should charge a delivery fee (and maybe a service fee) but the actual food prices should be same as that of the restaurant.",2022-07-07T02:47:29.000Z,2,,https://reddit.com/r/india/comments/vsr1kk/difference_between_zomato_and_direct_order_bill/if5ql52/
reddit_comment_idluop5,reddit,IN,humseNaSharmao,,,"I don't get time on weekends. Friends want to party at night...SO wants to clean the house in the morning, have to prepare for certifications my organisation gave me 1month to do.

Couldn't care less about money, I have what I need. TIME is scarce and I'm dead.

Swiggy  blinkit, bb..whatever can help me get back that time is a blessing.",2022-06-24T20:42:35.000Z,2,,https://reddit.com/r/india/comments/viyr6u/bigbasket_experience_bb_user_for_6years_used_to/idluop5/
reddit_post_1hauyrk,reddit,IN,tech-writer,,Are there women food / q-commerce gig workers in your city?,"I come across videos of US, Chinese, Vietnamese women working as delivery partners for Doordash, Amazon, etc. 

But I've never seen women delivering for Swiggy / Zomata / Blinkit / Bigbasket / Amazon / Dunzo here in the NW part of Bangalore. I haven't seen any female courier agents either in all these years.

At first, I assumed this is because of safety concerns. 

But we have had women delivering for the govt post office daily here and doing census surveys (where they usually enter houses) from at least 2 decades. Many women have been working as maids and cooks inside houses for hours from more than 4-5 decades.

So, I'm wondering if, besides the safety concerns, these companies themselves don't hire women for such gigs. Or is my city / area an outlier? 

Are there women delivery people in your city / area?

If you work in one of these companies, do women apply for gig work? Are you aware of any policies or hiring practices that end up excluding women (intentionally or unintentionally)?",2024-12-10T05:46:32.000Z,1,,https://www.reddit.com/r/india/comments/1hauyrk/are_there_women_food_qcommerce_gig_workers_in/
reddit_comment_jkh3u03,reddit,IN,sayzitlikeitis,,,"Just imagine that it is just like any other medicine. Blinkit sells them if you are so shy. The poor guy on the scooter doesn't even have the time to make you feel embarrassed, he's got another delivery lined up that he has to finish in 10 mins.",2023-05-17T08:09:27.000Z,534,,https://reddit.com/r/india/comments/13jv9d4/how_to_purchase_condom_first_time/jkh3u03/
reddit_comment_jgz4z0t,reddit,IN,TJ_4321,,,"Yeah i was right, Zomato fucked blinkit. Before Zomato acquired it blinkit delivery prices were reasonable like it was ₹15 for a store which was 3km always and even the groceries were so reasonable and of good quality we would consider not going to the market.

But now, the delivery charges went from ₹15 for 3km to ₹35 for 1.3km (apparently they opened a new shop) and even the quality of products are bad like the bx would be squished and no need to talk about fruits and veggies. And i don't know why, but they charge  extra ₹35 for so called 'traffic surge' at 3 pm but i live there and i know that at that time the road would be empty.

Zomato fucked blinkit",2023-04-20T04:20:11.000Z,23,,https://reddit.com/r/india/comments/12s35u0/pay_structure_for_blinkitzomato_delivery_workers/jgz4z0t/
reddit_comment_jglf8tc,reddit,IN,shezadaa,,,"People who dont have a grocery store 5 minutes from their house. I shifted into a fancy apartment complex with gym, swimming pool, 2 parkings for each house where houses costs upwards of 1 cr.. to get to the main gate sometimes takes 5-10 minutes. The closest kinara shop is 15 minutes if you factor in not parking like an asshole. Double that to come back and you are looking at 30 minutes just to get a packet of milk.

Local kinara shops sell at MRP and have very limited inventory. The society had a convince store which shut down because they could not afford to stock half the products.

Blinkit, BigBasket, Swiggy business model may work with narrow margins. Investors who buy companies at 1000x valuations do not like narrow margins. This ends up squeezing the consumes and delivery partners for now. But soon you will also be seeing brands pulling their producs because it would they will feel the squeez if the drivers are paid enough and the customers expect discounts.",2023-04-17T10:30:20.000Z,22,,https://reddit.com/r/india/comments/12p4z03/blinkit_permanently_shuts_down_some_dark_stores/jglf8tc/
reddit_comment_i9ffla8,reddit,IN,lowflyingkite,,,"Zepto and Blinkit also set their delivery radius small and they increase delivery times for delivery to the farther parts of their delivery radius. Also, atleast in my area, they are given e-bikes which can't travel faster than 25kmph. 

&gt; Domino’s delivery personnel don’t need to speed or drive recklessly in order to be on time.

Every person who is incentifized per delivery does speed and drive fast in order to do more deliveries.

Your love for pizza is making you biased :-)",2022-05-21T08:07:59.000Z,10,,https://reddit.com/r/india/comments/uuhlco/dear_delivery_app_please_ask_you_riders_to_be/i9ffla8/
reddit_comment_irm4jwm,reddit,IN,Time-Opportunity-436,,,"I love Microsoft 365

1. Full Microsoft Office suite, which gets updated with new features (so you don't need to worry about office 2007, 10, 13, 16, 2019 etc like in perpetual versions) 

2. 1tb of OneDrive space (each), and you can share it with 5 more accounts, you get 6TB of space.

3. 50gb of Outlook space, with no ads. 

4. Unlimited Teams calls

5. Premium Microsoft security - for Windows, Android, iOS, even ChromeOS

6. Microsoft Editor (it's like grammarly, it rates your document) 

All for only 600 a month

2. YouTube premium

You get Ad-Free YouTube (they're testing 6-7 ads long unskippable ads, restricting 4k, downloads and background play) plus youtube music for 6 people.

For 189 a month

3. I used to love Zomato Pro plus, 1k a year and unlimited free deliveries. You can't buy it now, but I think they're working on another plan with blinkit integration. Maybe will come in future.

4. Amazon Prime - free delivery + prime video

5. Other OTT subscriptions - SonyLIV (they bring only 2-3 mainstream web series a year but they're generally very good, if you watch TV serials, KBC, Kapil sharma, indian idol then it's worth it), disney plus Hotstar (lots of Disney content, cricket, Saas Bahu shit all is on hotstar). You get disney plus Hotstar free with many ISPs.",2022-10-09T08:57:36.000Z,6,,https://reddit.com/r/india/comments/xzderl/hello_rindia_what_subscriptions_do_you_pay_for/irm4jwm/
reddit_comment_joma1aj,reddit,IN,kachraseth111,,,"&gt;Wanted to make tea, so ordered milk from blinkit, to save ₹30 delivery I ordered a total of ₹200.

Matlab tu paagal hai",2023-06-18T19:24:09.000Z,5,,https://reddit.com/r/india/comments/14crkeg/app_betrayal_unveiled_blinkit_apps_shocking/joma1aj/
reddit_comment_i9ns0lf,reddit,IN,No_Climate7825,,,"Serves him right for doing asshole practices. Zomato put up a 2+2year zomato gold offer when covid hit, and then dumped gold altogether for pro the very next month. In any aukat ka nation, it would have been illegal. Recently Goyal nuked Grofers for blinkit when the latter doesnt even service a quarter of Grofers reach. Good shit this 10min delivery apps trend is going down.

That said Swiggy pulled the same illegal Gold to Pro shit this year by putting up crazy offer on Super, only for Super to get replaced with One. Only difference from Zomato is Super to One isnt too big of a drop unlike Gold to Pro.",2022-05-23T07:58:26.000Z,5,,https://reddit.com/r/india/comments/uvf147/zomato_inflating_delivery_and_packaging_charges/i9ns0lf/
reddit_comment_hpo3mbd,reddit,IN,Sky-Organic,,,"The point is that what is the business model here, as an investor/ customer I need to know the proper business model, giants like zomato and swiggy have not been able to create a sustainable business model with their delivery model.

these guys are entering into super competitive market including grofers(blinkit) and swiggy and bigbasket(60% market share).

Plus the q-commerce business model is not good of a long term business model considering the unit economics as a proof zomato is struggling on this end as well. and this 10 minute model will be an even worse contender.

I believe that the STANFORD and Y COMBINATOR tag was the result of this recent hype and and huge funding.

I have been following the founder Aadit Palicha since he founded KiranaKart, its venture has failed now and I was introduced to it when they raised funding for KiranaKart. That app just copied bigbasket end to end. period. Thus it failed.

i hope this venture is a success but looking at he FACTS I don't think so.",2021-12-23T10:41:53.000Z,3,,https://reddit.com/r/india/comments/qkmzza/discuss_zepto_4_month_old_10_mins_grocery/hpo3mbd/
reddit_comment_jge7rqw,reddit,IN,[deleted],,,"same opinion around grofers. It was a very respectable player vs bigbasket and serviced far more areas than what blinkit does now. 

Zomato copied Yelp in fooling people with paid reviews, and may now copy doordash practices on blinkit.

&gt;thankfully, amazon fresh exists and is reasonably fast. if blinkit goes down, i would at least have an option for getting home delivery of heavier items like sugar and oil.

Depending on where you stay there can be as many as 15+similar services. I had been using almost all of them. Only this year couple of them have shut shops, or changed direction(Supr), or reduced coverage area(dunzo)",2023-04-15T19:36:24.000Z,2,,https://reddit.com/r/india/comments/12mw4f3/blinkit_delivery_partners_are_on_strike_for_3_days/jge7rqw/
reddit_comment_mny66yy,reddit,IN,Verma_Atul27,,,Zepto is mf scam app. They add 10 different louda lahsan costs. Use blinkit and jio mart. Jio mart legit has no other costs and if doesn't even have minimum order value for free delivery,2025-04-19T16:28:32.000Z,1,,https://reddit.com/r/india/comments/1k2wpth/dark_patterns_on_zepto_have_gone_next_level/mny66yy/
reddit_comment_mna29dk,reddit,IN,C0DENAME-,,,"Try not to visit during the summer season. It gets soo hot here. Also don't come alone. Bring someone with you. Preferably male. To give you accompaniment and handle situations if things get out of control. There is an app for almost everything. Like uber/ola for taxy, blinkit for groceries and regular stuff, zamato, Swiggy for food delivery, porter for package delivery anywhere. 

Try to ask Chat GPT to make an itinerary for india. Try AC trains as those will be less crowded(book in advance) or the flights are always an option.  

Consider opening an INR bank account in India temporarily. Connecting banks to apps like Google Pay, PhonePay or paytm you can easily pay for almost everything everywhere.",2025-04-15T18:48:08.000Z,1,,https://reddit.com/r/india/comments/1jzwrsd/is_it_actually_unsafe_to_travel_to_india_as_a/mna29dk/
reddit_comment_mmwwbad,reddit,IN,HistoricalArt787,,,"Yes i also Don't buy from blinkit, i found it to be most scammiest of all these food delivery app.",2025-04-13T15:58:43.000Z,1,,https://reddit.com/r/india/comments/1jy71j9/blinklt_sold_me_this_product_making_me_believe_i/mmwwbad/
reddit_comment_mkk530b,reddit,IN,KeyNo9590,,,"Same experience late delivery,bad quality,less quantity with all Bigbasket,zepto, Instamart,blinkit.Only increases my BP.I think with large customer base they care two hoots for complaints.Only strict regulations will bring them to books.",2025-03-30T18:35:23.000Z,1,,https://reddit.com/r/india/comments/1jnfoag/blinkit_saga_continues/mkk530b/
reddit_comment_mkhmmc7,reddit,IN,Jepbar_Halmyradov,,,If you order certain items you'll get charged for delivery anyhow and why are you hiding the discounts you got from them? And after all It's a BUSINESS - SOLE PURPOSE OF IT IS MAKING PROFIT OUT OF IT! At least it's better than zomato - blinkit when it comes to shitty charges. And lastly you're paying for your convenience not for honest free charity service..,2025-03-30T08:27:19.000Z,1,,https://reddit.com/r/india/comments/1jn78cv/disgusted_by_the_sneaky_way_zepto_adds_charges/mkhmmc7/
reddit_comment_mkhpd9n,reddit,IN,Aggravating-Tax3539,,,"Idk man zepto is the best online app to order from for me. Discounts on that shit is insane. Sure they will try to trick you by adding delivery fees and whatnot but if you are not gullible you won't be caught in those traps. Like I remember you had to add the free delivery option to save 30 rupees, and I don't mind. They will ofc try to get more money out of you

It is by far the best delivery app rn. Blinkit has better interface but who cares about that. I buy most of the mrp stuff there and other fresh groceries from actual markets",2025-03-30T08:57:54.000Z,1,,https://reddit.com/r/india/comments/1jn78cv/disgusted_by_the_sneaky_way_zepto_adds_charges/mkhpd9n/
reddit_comment_mga5xlt,reddit,IN,fartypenis,,,"For me, there's some things on these that aren't sold in any shops within a 2-3 km radius to me, and some not even that. So to get these I use Blinkit/Swiggy/etc. and add something else as well to get to the free delivery point",2025-03-06T05:15:13.000Z,1,,https://reddit.com/r/india/comments/1j4jpgz/do_not_use_zepto_pass_swiggy_one_or_zomato_gold/mga5xlt/
reddit_comment_m8dfsuv,reddit,IN,Ok-Help-9580,,,"Seriously? Cancel  any linked cards and file a police case against the individual or Amazon themselves. The vetting process for all delivery platforms are kind of comical; pulse-yes, private vehicle-yes, smart phone-yes, education-nil = employment. 

Don't get me wrong, my Amazon guys have been top class, all speak English and have good manners, but for swiggy, zomato, blinkit and instamart it has been rather hit or miss, polite guys and stinkers with a bad attitude shouting in hindi (in a non hindi speaking state). 

Good luck!",2025-01-21T16:40:55.000Z,1,,https://reddit.com/r/india/comments/1i6hqk8/amazon_delivery_guy_hacked_into_my_account/m8dfsuv/
reddit_comment_m6q4r6h,reddit,IN,enigmatic_soul999,,,Flipkart is the best! If you don't have quick delivery option for it. Go for BlinkIt.,2025-01-12T10:30:01.000Z,1,,https://reddit.com/r/india/comments/1hyrh9h/amazon_selling_products_over_mrp_and_telling_that/m6q4r6h/
reddit_comment_m0v9098,reddit,IN,Remote_Panda6884,,,Do blinkit delivery guys know what’s inside the parcel while delivering?,2024-12-07T13:48:36.000Z,1,,https://reddit.com/r/india/comments/1gh0p05/ask_india_thread/m0v9098/
reddit_comment_m0c277e,reddit,IN,Thick_Growth_7630,,,I am talking about the unknown numbers that don't have any called ID. The delivery agent's number flashes their Called ID in the form of a company name like - Ekart Amazon Delivery or Swiggy/Blinkit.,2024-12-04T07:09:43.000Z,1,,https://reddit.com/r/india/comments/1h69hqh/how_to_not_get_digital_arrested_some_useful_tips/m0c277e/
reddit_comment_lvj5rtm,reddit,IN,GoofyGooey21,,,"I just got an email from them today. They are going to be by default doing the same instant delivery like Blinkit, Instamart, Zepto. But if you want, you can schedule your order as well during payment.",2024-11-05T15:07:33.000Z,1,,https://reddit.com/r/india/comments/1gk7p49/new_way_to_scam_with_discounts/lvj5rtm/
reddit_comment_lvj0lfr,reddit,IN,Own-Truck-8667,,,"That's better, I hope they don't charge delivery like blinkit ?",2024-11-05T14:40:02.000Z,1,,https://reddit.com/r/india/comments/1gk7p49/new_way_to_scam_with_discounts/lvj0lfr/
reddit_comment_ltxiy9x,reddit,IN,abhinavmor,,,"Hi there, Im a Indian living in Canada
So Here are Rogers and Bell are 2 main network providers and i dont get full range majority of the time, 100GB for $40 and poor network coverage 

Here Insurance Claims can be claimed with proper proof (assuming its about motor vehicle) but your monthly insurance is easily $200 and if you are young and have relatively newer licenses it more expansive

About delivery their is hefty fee for getting your stuff and their is this thing porch raider they follow a delivery van after they leave the stuff they cane running and take it, if you get you stuff and want to return no one is coming you have to buy a appropriate box put your stuff print the details, bill glue to the box and go to post office and pay a fee to deliver it and it gonna takes weeks

and Being brown they will look at you with stereotypical eyes and its just a bonus.

blinkit zomato and other deliveries in Minutes whatever you need, the minimum wait time here is 30-40min and it often gets late

You Pay a Federal tax, Provincial tax, Sales tax directly or indirectly you give away more than 40%",2024-10-26T23:45:35.000Z,1,,https://reddit.com/r/india/comments/1gclr3s/i_hate_to_be_in_india/ltxiy9x/
reddit_comment_lap6834,reddit,IN,bigtiddyenergy,,,"Tata Neu, it's in that phase where blinkit and instamart were a few years ago that they have to rely on minimal or free delivery (over like 100 rs). Also decent rewards in terms of cashback for your next order and stuff.",2024-06-28T16:12:56.000Z,1,,https://reddit.com/r/india/comments/1dqj4xo/blinkit_casually_asking_me_to_drop_5_lakhs_on_an/lap6834/
reddit_comment_l64kup5,reddit,IN,Efficient_Note_7770,,," &lt;COD isn't the solution if you ordered multiple items and realised that some items were missing.

If you check after delivery then yes it doesn't help. Gotta check when the parcel is being delivered. Even with zepto and blinkit, the delivery guy takes a pic, so the package is opened. Or if you select the option where you don't want a bag, you can check each item as they transfer to you. With zomato and swiggy I just do a visual check for the size and or weight. Never been wrong so far. 

I'll tell you this, once I ordered a 17 liter stainless steel stock pot on Flipkart and chose cod. The seller shipped a plastic soda bottle in a plastic cover. 🤣 No return/refund hassle. 

&lt;Chargeback with the bank (Indian banks suck at this and won't take your side but worth trying)

I've used chargebacks several times. All decided in my favour, or the merchant immediately issues a refund on being notified of the chargeback being raised. One time I got to keep the items I ordered and got a refund as well due to the chargeback I raised. Delivery did not happen for almost 10 days after items arrived in my city. And no update from anyone. And no response to emails or phone calls. So I raised a chargeback. 5 days later they deliver the package. And the bank still gives me the chargeback amount because of the delay. Cause delays are also covered by the ""product/service not delivered"" Clause. 🤣

&lt;You might think all this is not worth it for a small amount but for me it's more about justice and ego satisfaction. I can't stand those fuckers defrauding me and treating me like shit.

You're preaching to the choir dude.",2024-05-29T03:44:43.000Z,1,,https://reddit.com/r/india/comments/1d2o00l/zepto_has_scammed_me/l64kup5/
reddit_comment_k96zt1h,reddit,IN,Yeoubi-Yeoubu,,,"Hi,

&amp;#x200B;

Just wanted to say - mad respect to you for sharing your story. I totally agree with you, your well-being is worth protecting. I also ended up in a situation similar to yours, the loan people harass me, use lewd pictures to threaten me for payment, went to the extent of calling me very bad terms I wouldn't use here. I even asked my friends for help, as one OP suggested here below. Worst thing is, they all stopped talking to me just because i asked for help. They said, we asked our parents and they think money lending will ruin friendship. I respected their stance and never asked again, but always felt sad. I come from a hardworking background too, and my friends are very well off, they go for all the high-end workout classes like pilates, go for vacations, party often etc. They all stay at home so I thought I wouldn't be burdening them financially like this. I mean, everyone has a right over their money, I am no one to comment on it or judge them for how they spend it but, it felt bad bc they could've helped even if it was a small amount, even if they couldn't why did they stop talking to me. I feel so lonely now, all my friends left me. Even my best friend stopped talking to me, he was such a big emotional support to me outside home, he left my side too. 

&amp;#x200B;

I feel so bad, i wish I could help at home. Even our rent is due, and we've borrowed from non-app loans too, these people are family acquaintances that we knew from ages and my family has helped them in their tough time and never bothered them about repayment. They forget all this and harass, call such bad words and curse me, literally, saying things like - you won't succeed till you have our money. It hurts bc I am trying so hard to overcome these provlems and they curse like this. It shows how terrible people can get at times. 

&amp;#x200B;

Anyway, on ways I am trying to save money/avoid extra expenses, here's what i have started:   
1) stopped netflix, any OTT thing

2) stopped using auto for office travel, i use local bus. I save 100 rupees on one way travel

3) stopped buying maggi xD - seems like a small thing, but I never realised how much i spent on maggi :( 

4) switch phone plan from postpaid to prepaid

5) try using free wifi networks whenever you can (mall, office, airport especially), why simply waste on data booster

6) buy grocery on sodexo card (if ur workplace offers this - it's a meal coupon they charge everything) - I try to limit grocery to this card, so that actually money in bank is there for when needed

7) try avoiding buying groceries on instamart/zepto/blinkit for the timebeing. Extra delivery charge sometimes costs a lot. Try going to kirana shops or places like STAR bazaar - they offer discounts and offers, you can save anything between 20-100 rupees on bills (sometimes more too) 

**8) try to do freelance work na? like, i work for someone wherein I made social media posts for them on canva, make content for posts etc. Aisa kuch you can try picking up, it'll help. I get 1K-2K per month, at least it helps w grocery and medicines later na.**

&amp;#x200B;

Hope you are able to overcome your financial problems and take care of yourself well and family too, wishing you the best. Hope you manifest abundance for you!",2023-11-14T10:06:20.000Z,1,,https://reddit.com/r/india/comments/16dhc34/loan_apps_ruined_my_life/k96zt1h/
reddit_comment_k2p3i1p,reddit,IN,bottomsupexcel,,,"India in my opinion india is better than most of the countries in the west. You live life comfortably with whatever money you get. Having family around is a plus. In major cities food delivery systems, Blinkit, zepto makes life much easier. You can get almost everything done via internet compared to west. Somehow it still feels so backward living in west like you are living in 1900s. It’s so difficult to live without UPI these days. ofc there are are issues in India. Pollution, population, traffic but somehow I always enjoy living in India with a more comfortable life than living in west.",2023-09-29T08:21:02.000Z,1,,https://reddit.com/r/india/comments/16v0jss/is_it_a_failure_to_go_back_to_india_after_a_year/k2p3i1p/
reddit_comment_jzfg9nx,reddit,IN,xofgod,,,"I just had this issue happen today and had the delivery person scream at me for putting the pin in the wrong location. I don’t blame them for getting mad, but the issue has happened to me thrice this week on Swiggy and Blinkit. Definitely feels like a bug",2023-09-06T20:12:53.000Z,1,,https://reddit.com/r/india/comments/16bhsqq/just_a_warning_for_folks_who_are_using_zomato_and/jzfg9nx/
reddit_comment_jy1dpy2,reddit,IN,AdityaR_Sharma,,,"The competitive market in India will never let delivery partner earn well. 

If they don't agree for a amount there are enough people who will work for his replacement.

If the same Blinkit increases delivery price like America, we won't buy from them. 

So i always prefer to keep 50 rupees default tip for all my online orders be it Zomato, Blinkit or any platform which allows tipping. For me now its set it and forget it. 

Not getting into if tipping is right and wrong here, i just know these people are working hard and getting paid less due to competitive/price sensitive market of India.",2023-08-28T02:02:19.000Z,1,,https://reddit.com/r/india/comments/162teap/delivery_people_deserve_the_gratitude_without_a/jy1dpy2/
reddit_comment_jha9z4y,reddit,IN,fucked_beyond_Repair,,,"Depending on what city are you in, bigbasket 15 minute delivery is highly reliable.

I have ordered from multiple restaurants at the same time on zomato/swiggy and it worked well. Blinkit might too.",2023-04-22T16:22:35.000Z,1,,https://reddit.com/r/india/comments/12valj1/is_it_legal_for_a_restaurant_to_sell_packaged/jha9z4y/
reddit_comment_jh3pwk7,reddit,IN,TJ_4321,,,"Rs 35 is too much when you compare for the distance before and after. So as i said, before they used to deliver for a outlet 3kms away and charged Rs 15 but after opening a new outlet which is 1.3 kms away technically the delivery cost should reduce or if it is standard it should remain same but it increased and when you compare it with other instant delivery apps like swiggy, zepto and dunzo they also charge max. Rs. 25 but these blinkit guys charged rs. 35 + some other charges (not convenience fee) and the charge adds up to Rs. 50+ and the delivery is also poor.

Here the problem is not paying rs. 35 but when we are paying more delivery fee than other delivery apps we must get good delivery experience but they are not giving it.",2023-04-21T03:41:13.000Z,1,,https://reddit.com/r/india/comments/12s35u0/pay_structure_for_blinkitzomato_delivery_workers/jh3pwk7/
reddit_comment_jggfrnf,reddit,IN,JiskiLathiUskiBhains,,,"Sure. Your points are all valid and I accept them to be such. And, We can see from examples such as dominoes and the local doodh waala that delivery itself does not make a service unprofitable. Quite the opposite. Integrating delivery can sustainably increase profits.

So my point is just that delivery of small orders is inefficient. I once ordered dahi and dhania from blinkit because I was busy cooking and didnt want to step out. I was charged a delivery fee of 7 rupees. No one can convince me this is profitable. There is some profit to be made in grocery delivery but it is for large orders containing products with high margins. But not medium to small orders containing only  low margin items like potato and onion. 

The problem now is that most Indian households do not have a pantry and do not buy in bulk. This will change as incomes grow obviously, and arguably we have a large enough population of rich people to sustain such a service. But this is the sweet spot that I mentioned.",2023-04-16T07:18:57.000Z,1,,https://reddit.com/r/india/comments/12mw4f3/blinkit_delivery_partners_are_on_strike_for_3_days/jggfrnf/
reddit_comment_jb04pnf,reddit,IN,Chesspatch,,,"Do you think the instant grocery delivery services (zepto, blinkit) have any opportunity to make a profit?",2023-03-05T12:14:57.000Z,1,,https://reddit.com/r/india/comments/11iuxsn/hey_there_my_fellow_redditors_at_rindia_its_your/jb04pnf/
reddit_comment_ilcuexd,reddit,IN,Physical-Parfait2776,,,"Why did you order 4 times? I would have stopped after the first or second time. My favourite grocery delivery app is Blinkit, but also used Zepto and Bigbasket without any problems whatsoever. I'm very happy with their service. Much better than anything I can get in the UK or other countries.",2022-08-22T18:50:05.000Z,1,,https://reddit.com/r/india/comments/wumxma/flipkart_is_the_worst_app_for_ordering_groceries/ilcuexd/
reddit_comment_ij5xygq,reddit,IN,dead_identity,,,"You can try other apps like dunzo , blinkit or swiggy instamart whichever works at your location there is no minimum order and the delivery charges are minimal. I use all three and delivery is really fast.",2022-08-06T08:49:24.000Z,1,,https://reddit.com/r/india/comments/whftq1/what_kind_of_joke_is_this/ij5xygq/
reddit_comment_iheqqu6,reddit,IN,so_what_do_i_do_now,,,"I basically use swiggy instamart (for fast deliveries) and jiomart (for 2-3 days delivery). Sometimes i use other apps too like zepto, dunzo, blinkit. But mainly i use swiggy and jiomart. This is assuming you don't live in mumbai. If you live in mumbai, then you'll have the option of starquick as well. If you're a frequent buyer and have got your items on swiggy then calculate and compare the rates with jiomart and decide from where to order. The only problem with jiomart is that sometimes it delays your deliveries but still better than others in comparison of offers and free deliveries.",2022-07-24T04:11:12.000Z,1,,https://reddit.com/r/india/comments/w69r2d/amazon_fresh_order_had_missing_item_help_needed/iheqqu6/
reddit_comment_mlj7pld,reddit,IN,MountainAny320,,,"This is why I have installed every fcuking instant ecommerce app on my phone and prefer to buy from one that gives more discounts.

My personal preference 

1. Jiomart (absolutely no charges and lots of discounts on products), delivery is slower but it's still good.

2. Minutes (New favourite) faster delivery, low charges or fees and no hidden prices, plus lots of discounts on products.

3. Swiggy (much better than zepto when it comes to fees), good products and very good customer support ( I have one BLCK membership)

4. Blinkit, high delivery fees but very reliable when it comes to quickly delivery and product quality.

5. Bigbasket, use it rarely nowdays but it's still good due to low fees, however do not buy their discounted products, most of the time they send near expiry products and very dirty packaging.

6. Zepto super high fees, absolutely no discounts once you start using them, good product range but dynamic pricing makes it worse. One one device they'll be selling one product for 99 rupees and on other 199. 

7. Citymall (good for buying pulses etc)",2025-04-05T12:55:15.000Z,1,,https://reddit.com/r/india/comments/1jr4r59/zeptos_sneaky_pricing_hiding_the_gst_details/mlj7pld/
reddit_comment_mkhkgk9,reddit,IN,Neel_writes,,,"Take 10 mins out of your life. Add the products in all 4 major apps - Swiggy, Blinkit, Zepto, BigBasket instant. Compare the final bill value. Apply coupons if available.

Even the individual items have different prices across the apps. Eventually, I end up saving 10-15 rupees for every order using this approach. Any delivery fee shenanigans are caught immediately. If you have another person with you, the process is even faster. 

For others who are commenting about Kirana stores - which store keeps Maida and Broccoli together? It's not always possible to get everything from one or two stores. Only large format retailers like DMart, Erstwhile Bigbazaar, Ratnadeep, Spencers, Spar offer such diversity. Online apps have brought such convenience to customers. Also, not everyone lives near a cluster of large Kirana stores/Mandis.

However, I agree that these apps often deploy shady practices. Swiggy misses items at times. But as long as you're vigilant and compare prices, you can get great deals online. Packed products are far cheaper online than Kirana stores. Leafy vegetables are fresher and cleaned properly. There are other benefits.",2025-03-30T08:02:57.000Z,1,,https://reddit.com/r/india/comments/1jn78cv/disgusted_by_the_sneaky_way_zepto_adds_charges/mkhkgk9/
reddit_comment_mi1j1ds,reddit,IN,batman-iphone,,,"https://preview.redd.it/uv6cv45rhzoe1.jpeg?width=235&amp;format=pjpg&amp;auto=webp&amp;s=09c3aef3b287625f82003637fa0158ded1f0d01a

What in news.

This mf are just looting in name of home delivery.

Ban this apps. Boycott blinkit",2025-03-16T05:02:36.000Z,1,,https://reddit.com/r/india/comments/1j76265/pls_check_your_blinkit_deliveries/mi1j1ds/
reddit_comment_mgz3nmc,reddit,IN,birla_himanshu,,,"Check also with billing.  
Zepto and blinkit both have been inflating the total bill. Recently zepto was glitching at the check out page , so i kept calculating the amount of items, everytime there was a 15-20rs extra. Excluding the other charges like delivery, packaging, handling etc",2025-03-10T04:46:55.000Z,1,,https://reddit.com/r/india/comments/1j76265/pls_check_your_blinkit_deliveries/mgz3nmc/
reddit_comment_lvj1auh,reddit,IN,D1PL0,,,"These surge charges are not given to the delivery guys. Its is solely consumed by the company. 

Although on a little bit of good side, they are used to reduce orders during peak hours so that blinkit and other companies do not have to employ more number of delivery boys who won’t be able to earn anything at non peak hours",2024-11-05T14:43:55.000Z,1,,https://reddit.com/r/india/comments/1gk7p49/new_way_to_scam_with_discounts/lvj1auh/
reddit_comment_lu04lts,reddit,IN,dontknow_anything,,,"&gt; Flipkart has tried this model multiple times starting in 2015 with Nearby along with other players when the Zepto founders were still in school.

Can you mention any article for it? I read it in an article about Zepto's fonders and how they were doing 10 min delivery, when Swiggy and Zomato didn't do it for food. 

&gt; The warehouses are not smaller. The focus is on storage and not display so they are much cheaper to own and operate.

The warehouses for quick commerce are much smaller, in terms of inventory and variety of items available. I know that Flipkart, Big Basket and Amazon used to have bigger warehouses at cheaper locations to serve multiple zipcodes earlier, now those in quick commerce have multiple warehouses in each zipcode itself. The market gained transaction post covid though. 

&gt; owever apart from Blinkit which just became popular, ALL the others are making losses.

The thing is they can charge full price on quick commerce while customer still looks at amazon or flipkart for discounts. They are going to be profitable before usp is service not discount. Ecommerce isn't profitable for Flipkart when Amazon can keep running their marketplace at loss due to AWS.",2024-10-27T13:10:29.000Z,1,,https://reddit.com/r/india/comments/1gd99x4/is_this_the_end_kiranas_struggle_to_keep_up_with/lu04lts/
reddit_comment_ltv78vp,reddit,IN,GladEar512,,,"It’s the same thing everywhere. I live in Europe now. Apart from good roads and less population we all face the same problems. 
To return an Amazon order, you need to apply for a code and then go to a registered shop ask the shopkeeper to scan it and then start the return process. Whereas in India the delivery guy will come to your place

I use Vodafone and every other month they increase their plan prices without any further notice and you get no help from the call centres

If you don’t have a bank account or money in your account, you cannot order food, book an Uber or even place any order online because every order is pre paid. There is no concept of COD here.

Whenever you walk in a crowded place one has to be aware of surroundings because a lot of pickpocketing and scams happen here too. 

You need to always have cash because a lot of shops still don’t accept Apple Pay. There is no UPI here which sucks.

Add on this the hate that local people have garnered towards Indian immigrants because of the behaviour of some of our brothers and sisters.

The grass always seems to be greener on the other side. I miss how easy things were in India and I could Instamart or Blinkit anything at anytime.
I am counting my days till I come back to India.",2024-10-26T15:53:30.000Z,1,,https://reddit.com/r/india/comments/1gclr3s/i_hate_to_be_in_india/ltv78vp/
reddit_comment_lleuez6,reddit,IN,bloomberg,,,"From Bloomberg reporter Alex Gabriel Simon: 

Asian stocks are a sea of red this morning, mirroring the risk-off mood sparked by Nvidia’s historic rout overnight. That will likely put the brakes on the Nifty’s 14-day winning run that’s lifted the benchmark to a series of record highs in recent days. Traders now hope that local institutions will wade in to save the day yet again.

The weakness in India’s rural economy since the dark days of the pandemic is easing. Demand for the rural employment plan, which guarantees 100 days for unskilled workers, is cooling. Ultra-fast delivery businesses are set for explosive growth. According to CLSA, three of India’s largest quick commerce firms, including Zomato’s Blinkit, could reach $10 billion in gross orders in two years and $78 billion within a decade.

The cement sector has witnessed heightened M&amp;A activity recently thanks to the intensifying competition between India’s largest conglomerates, Adani and Birla Groups. Before the trading day starts we bring you a digest of the key news and events that are likely to move markets. Click [here](https://www.bloomberg.com/news/articles/2024-09-04/india-market-buzz-rural-relief-boost-consumer-stock-prospects?sref=Yg3sQEZ2) to read for free with your email.",2024-09-04T03:15:07.000Z,1,,https://reddit.com/r/india/comments/1f8j7wk/indias_ultrafast_delivery_businesses_set_to_reach/lleuez6/
reddit_comment_laqfmog,reddit,IN,buoyancy637,,,"But I guess big basket (Tata Neu) was the first indian online grocer platform, blinkit and instamart gained momentum much faster that's other thing, yeah the delivery charges are dropped for lesser cart price, that's beneficial.",2024-06-28T20:30:09.000Z,1,,https://reddit.com/r/india/comments/1dqj4xo/blinkit_casually_asking_me_to_drop_5_lakhs_on_an/laqfmog/
reddit_comment_l64fb2s,reddit,IN,jekyl87,,,"Zepto has this too. The delivery boy always rings my bell, then asks me to wait a minute while he arranges the stuff on my doorstep for a pic, then hands it over. I prefer zepto to blinkit due to lower cart value required for free delivery. But I always do payment on delivery, so haven't faced issue like OP's yet",2024-05-29T03:03:24.000Z,1,,https://reddit.com/r/india/comments/1d2o00l/zepto_has_scammed_me/l64fb2s/
reddit_comment_l49lg91,reddit,IN,Brokeshadow,,,"They're copying pre-existing models from the US. They've already done the research and figured out how to maximize the money while making sure they still have people driving and stuff. 

They'll constantly increase the platform fee and also start to add 'hidden charges' and soon enough we'll have no idea why the bill becomes so much higher without doing anything.

It's extremely scummy. Recently they also upped the price of goods to be ordered for free delivery on blinkit (went from 99 to 199) and added secret handling fee. Overall increasing my bill by over 30 rupees. At that point, I'd rather walk.",2024-05-16T05:08:25.000Z,1,,https://reddit.com/r/india/comments/1cstcge/zomatos_blog_mentions_this_to_be_their_work/l49lg91/
reddit_comment_kyauxg7,reddit,IN,xAgent47,,,Have guys seen how blinkit delivery guys carry ps5? Literally like groceries on two wheelers XD.,2024-04-06T09:38:18.000Z,1,,https://reddit.com/r/india/comments/1bx2x6z/blinkit_will_deliver_sony_playstation_5_in_just/kyauxg7/
reddit_comment_kyban33,reddit,IN,Ok_Somewhere9481,,,"Blinkit has played it smartly. Just like Deepinder from Zomato triggered controversy over veg non veg delivery methods, Blinkit is using the delivery bit to get people talking about it. Well played. Irrespective of how the logistics pan out Blinkit is highly impressionable on people's minds now.",2024-04-06T12:26:02.000Z,1,,https://reddit.com/r/india/comments/1bx2x6z/blinkit_will_deliver_sony_playstation_5_in_just/kyban33/
reddit_comment_k03ihty,reddit,IN,prof_devilsadvocate,,,"blinkit, 15 min delivery",2023-09-11T11:39:35.000Z,1,,https://reddit.com/r/india/comments/16focvi/how_do_you_guys_get_dates/k03ihty/
reddit_comment_jkkt0nx,reddit,IN,grms076,,,"Oops. My bad. They don't fall into the former. They fall into the latter. They don't want to come back. They want to settle abroad.

&gt;The fact that there are so many great engineers moving back to India is why you have some cutting edge projects shifting to India too.

Hmmmmm. I have not seen any company in india which does cutting edge tech stuff. There is a company in bangalore(unicorn I believe?) which is doing something new in raw material production and refinement. Other than that, almost all the companies I know are edtech, delivery(swiggy, Zomato, blinkit), etc... I thought all the cutting edge stuff happens in the bay area, San Francisco.",2023-05-18T01:12:36.000Z,1,,https://reddit.com/r/india/comments/13ixbj8/braindrain_and_ambition/jkkt0nx/
reddit_comment_mqk0b6j,reddit,IN,jgenius07,,,And your dumb thinking that you think this fee goes in the hands of the delivery guy. It's because of people like you that companies like swiggy/blinkit who can take upwards of ₹15 extra from customers and upwards of 30% from restaurants. Do you even know how much a delivery person gets.,2025-05-04T16:06:42.000Z,1,,https://reddit.com/r/india/comments/1ken28v/ok_what_is_this_shit_now_really_gst_on_rain_is/mqk0b6j/
reddit_comment_mo2vocc,reddit,IN,koach71st,,,Blinkit about to start a 10 min FIR delivery program too,2025-04-20T12:17:02.000Z,1,,https://reddit.com/r/india/comments/1k3j827/ghaziabad_police_begins_fir_delivery_at_doorstep/mo2vocc/
reddit_comment_mnrhpt8,reddit,IN,DarkGerant,,,"1) Don't go to sketchy places 

A shit ton of westerners seem to be obsessed with going to the most creepy and unsafe locations, don't have the mentality of Batman's parents

2) only stay outside during daylight, night time is a huge no-no

3) No pavements in India, they might exist in tiny patches but mostly are eroded to non existence

4) Use UPI for payments, don't carry a ton of cash

5) Do not use the cheapest services to experience the 'authenticity'

i.e Trains, hotels, restaurants etc

Go to places who already have mentioned their prices online, this way, you are less likely to get scammed

6) Buy multiple sims, and buy a basic phone as a cautionary measure

7) Do not force yourself to calling autos or taxis in metropolitan cities, apps like Uber are ubiquitous in tier-1
Cities

8) Hotels will be equipped with handheld bidets, these are much better than toilet paper, so don't refrain from using them

9) Don't use public restrooms, they might not be in the western format sometimes or are extremely dirty

10) Go to restaurants instead of street food, I assure the food will be great, authentic and is most definitely more hygienic than any hawker stands

11) Foreigners seem to believe that India only has good vegetarian food, but we excel in non-veg, give it a try as well

12) Do apply sunscreen/sunblock that is sweat proof, carry umbrellas or hats to stay cool

13) Try to travel with a buddy or two to stay more secure.

If you visit tourist spots which are densely populated, you might be approached by tour guides, vendors, etc.

They will constantly pester you and might surround you, so having a travel companion helps

15) Public transportation like Metros are fine unlike trains  and buses but still would recommend a private vehicle or  services like Uber and ola

16) If you're staying for multiple days, renting is also fine but do a thorough background check of the area

17) India won't be as cheap as you think, even if you follow all the precautions you might be swindled into elaborate scams

18) Don't give money to the beggars, give them food and water but not money, especially children. The money is later snatched from them.

19) Use Quick E-commerce services like Zepto, Blinkit etc for buying snacks, groceries and other essentials, 10 min delivery is quite common

20) Pop up SMS messages are quite common, if your sim is connected to your bank accounts, prepare to be bombarded by advertisements

21) Use whatsapp for communication

22) Buy appropriate footwear, if you're planning to walk a lot, the path might not always be fully paved, so buy a good pair of sneakers

23) Do try Indian exclusive snacks from your favourite brands, who knows they might be better than what's offered in your country

24) People in tier-1 cities will most probably be fluent in English, the accent might be too thick at times but don't refrain from interaction 

25) Be prepared to be stared at, it's usually harmless, the ppl are just curious but be wary of your surroundings

26) Don't blindly trust anyone, people usually mind their own business so if they seem to be very interactive, stay cautious 

That's all from me, others on this thread may have other insights, so research that as well

Hope you have a great visit 👍🏻",2025-04-18T14:22:18.000Z,1,,https://reddit.com/r/india/comments/1jzwrsd/is_it_actually_unsafe_to_travel_to_india_as_a/mnrhpt8/
reddit_comment_mkn961q,reddit,IN,Venkat_Rogers,,,"Bro, for part time gigs, you can'l try zomato blinkit blinkit delivery 



Any income will definitely be helpful for you..",2025-03-31T06:26:53.000Z,1,,https://reddit.com/r/india/comments/1jlwg2z/i_took_an_education_loan_of_40l_to_study_in_the/mkn961q/
reddit_comment_mihn5fc,reddit,IN,Glittering_Battle460,,,"Hello, I faced it not once but many times and it's not just limited to Blinkit, I faced the same with Bigbasket as well. While Blinkit takes time, Bigbasket swings into action faster than Blinkit to resolve in my experience. It's just that I was lazy enough to not publish in social media that I should have actually. It happened quite often and still happens with fruits and vegetables. While the standard response from either of these platforms are ""We're extremely sorry we will make sure that this will never happen to you again""(Bigbasket via call and Blinkit via message within the app) I reduced my habit of buying fruits and veg on both of these platforms because the issue kept occuring for next orders again and again for months after months. 

I will share another story: Blinkit once sent me expired raw peanut of 500 gms again an order and when I complained it with proof, they created a replacement and when the delivery person delivered the replacement packet, it was also an expired packet only(same date of expiry on both packets). It was funny and shocking at the same time because the expiry date was mentioned on the packets in big bold letters. So much so for ""instant delivery service""!! We Indians want everything fast and need to cross everyone in singals, yet always late for everything in life.",2025-03-18T19:23:00.000Z,1,,https://reddit.com/r/india/comments/1j76265/pls_check_your_blinkit_deliveries/mihn5fc/
reddit_comment_mhkz5ma,reddit,IN,Puzzleheaded-Year465,,,"Hey my man, you can take up yulu bike in the morning and register for Blinkit or Zepto delivery. 

As the delivery locations will be within 3kms it's easy to ride in the same localities on yulu and it will be safe instead of doing Zomato or Swiggy for longer distance on yulu.",2025-03-13T15:43:00.000Z,1,,https://reddit.com/r/india/comments/1ja5r8b/im_alone_broke_and_homeless_in_hyderabad_i_dont/mhkz5ma/
reddit_comment_mg9trd9,reddit,IN,MaskedManiac92,,,"While I don't want to generalise, I think the answer is simply because they can. Anecdotal observations have made me realise that most people are just lazy. Conversely, there is a near infinite supply of desperate people who will take up whatever job they can to feed themselves and their family. Combine these two, and you get things like Zepto, Blinkit, etc.

I understand situations where one is running late or is unwell, but I have seen quite a few times, my friends or relatives just don't want to put any effort. I've watched my cousin order a strip of crocin from a pharmacy that is literally on the ground floor of her apartment complex. She lives on the first floor. When I told her I could have gone and got it if she didn't want to go herself, her reply was something akin to why do you want to when someone will do it for you.

Personally, I find these services to be dehumanising. Sure, there is an argument to be made that at least the delivery folks have a job and are earning, but again, this is because of desperation, not aspiration. These services will not work in other countries because of how exploitative it is.",2025-03-06T03:50:39.000Z,1,,https://reddit.com/r/india/comments/1j4jpgz/do_not_use_zepto_pass_swiggy_one_or_zomato_gold/mg9trd9/
reddit_comment_md89g5y,reddit,IN,TheGalacticGuru,,,"You can add a feature where it asks the user what is their priority: price or delivery time?

Based on what they give, sort the blinkit, instamart, zepto etc basef on the priority.. which is cheaper, which is faster delivery?

In that way, user can simply go with the first one in the list, as its their priority",2025-02-17T10:47:57.000Z,1,,https://reddit.com/r/india/comments/1irc155/created_an_app_quickcompare_to_compare_prices/md89g5y/
reddit_comment_mak5ir2,reddit,IN,small_big,,,"A part of it is also due to what the people demand. The market provides what the people are willing to pay for. So many Indian startups are now focused on expediting home deliveries for everything under the Sun. Swiggy and Zomato for food, BigBasket for groceries, and BlinkIt for … PlayStations? I’m not really sure why anyone would want a PS5 within 15 minutes of placing an order. The abundance of cheap exploitative labour makes these startups possible. And indeed, there are also plenty of rich Indians who will pay anything to have deliveries in the comfort of their homes to avoid having to step into India.   

If some of our best engineers end up working on these apps, where’s the space for DeepSeek? We’ve stopped innovating for quite some time now.",2025-02-02T14:45:35.000Z,1,,https://reddit.com/r/india/comments/1ifxehv/indians_asking_why_we_didnt_build_deepseek_are/mak5ir2/
reddit_comment_m46bfc2,reddit,IN,TheBrokenBallad2307,,,"1 week back I had ordered a few items from Blinkit for a sleepover. Usual stuff - snacks and cold drinks. I must confess that the order was placed at 4 am, but the page showed that they're up and the location was serviceable. I placed my order, made the payment and was shown delivery time to be 8 minutes. 15 minutes went by and I contacted the customer support via chat on the app. I was assured that the order would arrive soon and was asked to wait. I waited out of my society complex just near the gate to avoid any security issues to the delivery guy. 30 mins passed, even the guard uncle was like ""aata yenar naahich to"" (he won't come). I promptly contacted the customer support and asked what was up. I then received a call from the same executive who'd assured me earlier, saying that the store is now shut and they cannot provide the promised items. Angry and baffled, I asked the dude how can they make me wait for 30 mins and then say that they shut shop - mind you, I made the payment beforehand. The guy, for no fault of his own, was helpless. He said that he can just refund the money. To me, this wasn't a zero sum game - I LOST MY TIME. A simple refund wasn't going to cut it. I asked him for a compensation, since I have faced delivery failures before but was compensated appropriately. The guy laughs and says ""we don't have a protocol for compensation"". At this point even I was too tired and went back home, defeated. Next thing, I write up a fiery email with all the screengrabs and send it to Blinkits email. The response was tone deaf and uneventful. Multiple replies later, I believe they are being evasive. Now I'm sure that I'm eligible for a compensation, but I'm not so sure about how to go about it. Wise folks of Reddit, please guide me. What should be my next step?

TLDR: I placed an order on Blinkit, but after waiting for 30 minutes the order did not arrive and I was left standing in the cold with no compensation. I'm planning to take an action but I am not sure how to do so. Kindly help a bro.",2024-12-28T10:26:00.000Z,1,,https://reddit.com/r/india/comments/1gh0p05/ask_india_thread/m46bfc2/
reddit_comment_m3n3geh,reddit,IN,chromaniac,,,yeah. blinkit has handling and delivery fee clearly mentioned. and i prefer it that way.,2024-12-24T20:05:54.000Z,1,,https://reddit.com/r/india/comments/1hli0ap/zepto_saver_hiding_the_extra_charges_it_levies/m3n3geh/
reddit_comment_m0kd68n,reddit,IN,ProcedureKey9284,,,"Finance Hack 101:Apparently, Uber charges more if your battery is low. Zepto? They charge more if your phone costs over [₹30k.So](http://₹30k.So), here’s the master plan: if your phone is worth more than ₹30k and your battery is below 10%, skip the premium pricing drama.Instead, register as a Blinkit delivery partner. Use the employee discount, deliver to yourself, and voila! You’ll earn money while dodging Uber and Zepto’s “special pricing.”Live the ultimate Bengaluru dream—gaming billion-dollar companies, not getting gamed by them.Unless, of course, it’s the government. They always win. 😂

copied from Shravan Tickoo",2024-12-05T17:08:14.000Z,1,,https://reddit.com/r/india/comments/1h6g11l/can_i_use_zepto_instamart_blinkit_to_earn_money/m0kd68n/
reddit_comment_m0gq0si,reddit,IN,ChelshireGoose,,,"Blinkit has a similar service with 10-15 min delivery, though it's not 24 hours everywhere.",2024-12-05T00:54:57.000Z,1,,https://reddit.com/r/india/comments/1gh0p05/ask_india_thread/m0gq0si/
reddit_post_1j79knb,reddit,IN,Upset-Grape1159,,Blinkit scam,"I order 4 pages on blinkit print store and i added more items for it to get to 200 and won't change delievery fee but I only recieved 3 pages. When complaint abour it they said they can only give me a refund of the amount.
I needed those documents urgently. 
If i would've ordered that 1 page of 3rs again, it would've cost me around 50rs ig. Just because a mistake from their end and they're not fixing it.
Also the response time is slow.",2025-03-09T15:08:44.000Z,1,,https://www.reddit.com/gallery/1j79knb